lat,lng,status,lith,b_age,t_age,unit_name,map_source,age_mid,age_span,lith_metamorphic,lith_plutonic,lith_volcanic,lith_sedimentary,lith_unconsolidated,lith_schist,lith_gneiss,lith_quartz,lith_mafic,lith_felsic
30.4,-82.2,OK,Major:{fine alluvium},2.588,0.0117,Wicomico Shoreline Complex - marsh and lagoonal facies,133,1.29985,2.5763000000000003,0,0,0,0,1,0,0,0,0,0
30.4,-82.1,OK,Major:{sand},2.588,0.0117,Wicomico Shoreline Complex - barrier island facies,133,1.29985,2.5763000000000003,0,0,0,0,1,0,0,0,0,0
30.5,-82.2,OK,Major:{fine alluvium},2.588,0.0117,Wicomico Shoreline Complex - marsh and lagoonal facies,133,1.29985,2.5763000000000003,0,0,0,0,1,0,0,0,0,0
30.5,-82.1,OK,Major:{sand},2.588,0.0117,Wicomico Shoreline Complex - barrier island facies,133,1.29985,2.5763000000000003,0,0,0,0,1,0,0,0,0,0
30.6,-82.7,OK,"Major:{clay,sand,gravel}",2.588,1.5575,Miccosukee Formation,133,2.07275,1.0305,0,0,0,0,1,0,0,0,0,0
30.6,-82.6,OK,Major:{fine alluvium},2.588,0.0117,Wicomico Shoreline Complex - marsh and lagoonal facies,133,1.29985,2.5763000000000003,0,0,0,0,1,0,0,0,0,0
30.6,-82.5,OK,Major:{fine alluvium},2.588,0.0117,Wicomico Shoreline Complex - marsh and lagoonal facies,133,1.29985,2.5763000000000003,0,0,0,0,1,0,0,0,0,0
30.6,-82.4,OK,Major:{fine alluvium},2.588,0.0117,Wicomico Shoreline Complex - marsh and lagoonal facies,133,1.29985,2.5763000000000003,0,0,0,0,1,0,0,0,0,0
30.6,-82.3,OK,Major:{fine alluvium},2.588,0.0117,Wicomico Shoreline Complex - marsh and lagoonal facies,133,1.29985,2.5763000000000003,0,0,0,0,1,0,0,0,0,0
30.6,-82.2,OK,Major:{fine alluvium},2.588,0.0117,Wicomico Shoreline Complex - marsh and lagoonal facies,133,1.29985,2.5763000000000003,0,0,0,0,1,0,0,0,0,0
30.6,-82.1,OK,Major:{sand},2.588,0.0117,Wicomico Shoreline Complex - barrier island facies,133,1.29985,2.5763000000000003,0,0,0,0,1,0,0,0,0,0
30.7,-84.6,OK,"Major:{clay,sand,gravel}",2.1586,1.7292,Miccosukee Formation,133,1.9439,0.4293999999999998,0,0,0,0,1,0,0,0,0,0
30.7,-84.5,OK,"Major:{clay,sand,gravel}",2.1586,1.7292,Miccosukee Formation,133,1.9439,0.4293999999999998,0,0,0,0,1,0,0,0,0,0
30.7,-84.4,OK,"Major:{clay,sand,gravel}",2.1586,1.7292,Miccosukee Formation,133,1.9439,0.4293999999999998,0,0,0,0,1,0,0,0,0,0
30.7,-84.3,OK,"Major:{dolostone,sand,clay}",17.6463,17.0875,Hawthorn Formation,133,17.3669,0.5588000000000015,0,0,0,1,1,0,0,0,0,0
30.7,-84.2,OK,"Major:{clay,sand,gravel}",2.1586,1.7292,Miccosukee Formation,133,1.9439,0.4293999999999998,0,0,0,0,1,0,0,0,0,0
30.7,-84.1,OK,"Major:{dolostone,sand,clay}",17.6463,17.0875,Hawthorn Formation,133,17.3669,0.5588000000000015,0,0,0,1,1,0,0,0,0,0
30.7,-84.0,OK,"Major:{clay,sand,gravel}",2.1586,1.7292,Miccosukee Formation,133,1.9439,0.4293999999999998,0,0,0,0,1,0,0,0,0,0
30.7,-83.9,OK,"Major:{dolostone,sand,clay}",17.6463,17.0875,Hawthorn Formation,133,17.3669,0.5588000000000015,0,0,0,1,1,0,0,0,0,0
30.7,-83.8,OK,"Major:{clay,sand,gravel}",2.1586,1.7292,Miccosukee Formation,133,1.9439,0.4293999999999998,0,0,0,0,1,0,0,0,0,0
30.7,-83.7,OK,"Major:{dolostone,sand,clay}",17.6463,17.0875,Hawthorn Formation,133,17.3669,0.5588000000000015,0,0,0,1,1,0,0,0,0,0
30.7,-83.6,OK,"Major:{clay,sand,gravel}",2.1586,1.7292,Miccosukee Formation,133,1.9439,0.4293999999999998,0,0,0,0,1,0,0,0,0,0
30.7,-83.5,OK,"Major:{clay,sand,gravel}",2.1586,1.7292,Miccosukee Formation,133,1.9439,0.4293999999999998,0,0,0,0,1,0,0,0,0,0
30.7,-83.4,OK,"Major:{dolostone,sand,clay}",17.6463,17.0875,Hawthorn Formation,133,17.3669,0.5588000000000015,0,0,0,1,1,0,0,0,0,0
30.7,-83.3,OK,"Major:{clay,sand,gravel}",2.1586,1.7292,Miccosukee Formation,133,1.9439,0.4293999999999998,0,0,0,0,1,0,0,0,0,0
30.7,-83.2,OK,"Major:{clay,sand,gravel}",2.1586,1.7292,Miccosukee Formation,133,1.9439,0.4293999999999998,0,0,0,0,1,0,0,0,0,0
30.7,-83.1,OK,"Major:{sand,gravel}",5.333,0.0117,Pleistocene-Pliocene sands and gravels,133,2.6723500000000002,5.3213,0,0,0,0,1,0,0,0,0,0
30.7,-83.0,OK,"Major:{sand,gravel}",5.333,0.0117,Pleistocene-Pliocene sands and gravels,133,2.6723500000000002,5.3213,0,0,0,0,1,0,0,0,0,0
30.7,-82.9,OK,sedimentary,5.333,2.588,Pliocene sedimentary,7,3.9605,2.745,0,0,0,1,0,0,0,0,0,0
30.7,-82.8,OK,sedimentary,5.333,2.588,Pliocene sedimentary,7,3.9605,2.745,0,0,0,1,0,0,0,0,0,0
30.7,-82.7,OK,sedimentary,5.333,2.588,Pliocene sedimentary,7,3.9605,2.745,0,0,0,1,0,0,0,0,0,0
30.7,-82.6,OK,"Major:{sand,gravel}",5.333,0.0117,Pleistocene-Pliocene sands and gravels,133,2.6723500000000002,5.3213,0,0,0,0,1,0,0,0,0,0
30.7,-82.5,OK,Major:{fine alluvium},2.588,0.0117,Wicomico Shoreline Complex - marsh and lagoonal facies,133,1.29985,2.5763000000000003,0,0,0,0,1,0,0,0,0,0
30.7,-82.4,OK,Major:{fine alluvium},2.588,0.0117,Wicomico Shoreline Complex - marsh and lagoonal facies,133,1.29985,2.5763000000000003,0,0,0,0,1,0,0,0,0,0
30.7,-82.3,OK,Major:{fine alluvium},2.588,0.0117,Wicomico Shoreline Complex - marsh and lagoonal facies,133,1.29985,2.5763000000000003,0,0,0,0,1,0,0,0,0,0
30.7,-82.2,OK,Major:{fine alluvium},2.588,0.0117,Wicomico Shoreline Complex - marsh and lagoonal facies,133,1.29985,2.5763000000000003,0,0,0,0,1,0,0,0,0,0
30.7,-82.1,OK,Major:{sand},2.588,0.0117,Wicomico Shoreline Complex - barrier island facies,133,1.29985,2.5763000000000003,0,0,0,0,1,0,0,0,0,0
30.8,-84.9,OK,Major:{limestone},34.875,33.9,Ocala Limestone,133,34.3875,0.9750000000000014,0,0,0,1,0,0,0,0,0,0
30.8,-84.8,OK,Major:{fine alluvium},2.588,0.0,Stream alluvium,133,1.294,2.588,0,0,0,0,1,0,0,0,0,0
30.8,-84.7,OK,Major:{fine alluvium},2.588,0.0,Stream alluvium,133,1.294,2.588,0,0,0,0,1,0,0,0,0,0
30.8,-84.6,OK,"Major:{clay,sand,gravel}",2.1586,1.7292,Miccosukee Formation,133,1.9439,0.4293999999999998,0,0,0,0,1,0,0,0,0,0
30.8,-84.5,OK,"Major:{clay,sand,gravel}",2.1586,1.7292,Miccosukee Formation,133,1.9439,0.4293999999999998,0,0,0,0,1,0,0,0,0,0
30.8,-84.4,OK,"Major:{clay,sand,gravel}",2.1586,1.7292,Miccosukee Formation,133,1.9439,0.4293999999999998,0,0,0,0,1,0,0,0,0,0
30.8,-84.3,OK,"Major:{dolostone,sand,clay}",17.6463,17.0875,Hawthorn Formation,133,17.3669,0.5588000000000015,0,0,0,1,1,0,0,0,0,0
30.8,-84.2,OK,"Major:{clay,sand,gravel}",2.1586,1.7292,Miccosukee Formation,133,1.9439,0.4293999999999998,0,0,0,0,1,0,0,0,0,0
30.8,-84.1,OK,"Major:{clay,sand,gravel}",2.1586,1.7292,Miccosukee Formation,133,1.9439,0.4293999999999998,0,0,0,0,1,0,0,0,0,0
30.8,-84.0,OK,"Major:{clay,sand,gravel}",2.1586,1.7292,Miccosukee Formation,133,1.9439,0.4293999999999998,0,0,0,0,1,0,0,0,0,0
30.8,-83.9,OK,"Major:{clay,sand,gravel}",2.1586,1.7292,Miccosukee Formation,133,1.9439,0.4293999999999998,0,0,0,0,1,0,0,0,0,0
30.8,-83.8,OK,"Major:{clay,sand,gravel}",2.1586,1.7292,Miccosukee Formation,133,1.9439,0.4293999999999998,0,0,0,0,1,0,0,0,0,0
30.8,-83.7,OK,"Major:{clay,sand,gravel}",2.1586,1.7292,Miccosukee Formation,133,1.9439,0.4293999999999998,0,0,0,0,1,0,0,0,0,0
30.8,-83.6,OK,"Major:{clay,sand,gravel}",2.1586,1.7292,Miccosukee Formation,133,1.9439,0.4293999999999998,0,0,0,0,1,0,0,0,0,0
30.8,-83.5,OK,"Major:{clay,sand,gravel}",2.1586,1.7292,Miccosukee Formation,133,1.9439,0.4293999999999998,0,0,0,0,1,0,0,0,0,0
30.8,-83.4,OK,"Major:{clay,sand,gravel}",2.1586,1.7292,Miccosukee Formation,133,1.9439,0.4293999999999998,0,0,0,0,1,0,0,0,0,0
30.8,-83.3,OK,sedimentary,5.333,2.588,Pliocene sedimentary,7,3.9605,2.745,0,0,0,1,0,0,0,0,0,0
30.8,-83.2,OK,"Major:{clay,sand,gravel}",2.1586,1.7292,Miccosukee Formation,133,1.9439,0.4293999999999998,0,0,0,0,1,0,0,0,0,0
30.8,-83.1,OK,sedimentary,5.333,2.588,Pliocene sedimentary,7,3.9605,2.745,0,0,0,1,0,0,0,0,0,0
30.8,-83.0,OK,"Major:{sand,gravel}",5.333,0.0117,Pleistocene-Pliocene sands and gravels,133,2.6723500000000002,5.3213,0,0,0,0,1,0,0,0,0,0
30.8,-82.9,OK,sedimentary,5.333,2.588,Pliocene sedimentary,7,3.9605,2.745,0,0,0,1,0,0,0,0,0,0
30.8,-82.8,OK,sedimentary,5.333,2.588,Pliocene sedimentary,7,3.9605,2.745,0,0,0,1,0,0,0,0,0,0
30.8,-82.7,OK,sedimentary,5.333,2.588,Pliocene sedimentary,7,3.9605,2.745,0,0,0,1,0,0,0,0,0,0
30.8,-82.6,OK,"Major:{sand,gravel}",5.333,0.0117,Pleistocene-Pliocene sands and gravels,133,2.6723500000000002,5.3213,0,0,0,0,1,0,0,0,0,0
30.8,-82.5,OK,Major:{fine alluvium},2.588,0.0117,Wicomico Shoreline Complex - marsh and lagoonal facies,133,1.29985,2.5763000000000003,0,0,0,0,1,0,0,0,0,0
30.8,-82.4,OK,Major:{fine alluvium},2.588,0.0117,Wicomico Shoreline Complex - marsh and lagoonal facies,133,1.29985,2.5763000000000003,0,0,0,0,1,0,0,0,0,0
30.8,-82.3,OK,Major:{fine alluvium},2.588,0.0117,Wicomico Shoreline Complex - marsh and lagoonal facies,133,1.29985,2.5763000000000003,0,0,0,0,1,0,0,0,0,0
30.8,-82.2,OK,Major:{fine alluvium},2.588,0.0117,Wicomico Shoreline Complex - marsh and lagoonal facies,133,1.29985,2.5763000000000003,0,0,0,0,1,0,0,0,0,0
30.8,-82.1,OK,Major:{sand},2.588,0.0117,Wicomico Shoreline Complex - barrier island facies,133,1.29985,2.5763000000000003,0,0,0,0,1,0,0,0,0,0
30.8,-82.0,OK,Major:{fine alluvium},2.588,0.0117,Penholoway shoreline complex - marsh and lagoonal facies,133,1.29985,2.5763000000000003,0,0,0,0,1,0,0,0,0,0
30.8,-81.8,OK,Major:{fine alluvium},2.588,0.0117,Pamlico shoreline complex - marsh and lagoonal facies,133,1.29985,2.5763000000000003,0,0,0,0,1,0,0,0,0,0
30.8,-81.7,OK,Major:{sand},2.588,0.0117,Pamlico shoreline complex - barrier island facies,133,1.29985,2.5763000000000003,0,0,0,0,1,0,0,0,0,0
30.8,-81.6,OK,Major:{fine alluvium},2.588,0.0117,Princess Anne shoreline complex - marsh and lagoonal facies,133,1.29985,2.5763000000000003,0,0,0,0,1,0,0,0,0,0
30.8,-81.5,OK,Major:{fine alluvium},0.0117,0.0,Holocene Shoreline Complex - marsh and lagoonal facies,133,0.00585,0.0117,0,0,0,0,1,0,0,0,0,0
30.9,-84.9,OK,"sandstone, clay, chalk, limestone,",37.8,37.15,Late Eocene sedimentary,7,37.474999999999994,0.6499999999999986,0,0,0,1,1,0,0,0,0,0
30.9,-84.8,OK,"sandstone, clay, chalk, limestone,",37.8,37.15,Late Eocene sedimentary,7,37.474999999999994,0.6499999999999986,0,0,0,1,1,0,0,0,0,0
30.9,-84.7,OK,"sandstone, clay, chalk, limestone,",37.8,37.15,Late Eocene sedimentary,7,37.474999999999994,0.6499999999999986,0,0,0,1,1,0,0,0,0,0
30.9,-84.6,OK,"sandstone, clay, chalk, limestone,",37.8,37.15,Late Eocene sedimentary,7,37.474999999999994,0.6499999999999986,0,0,0,1,1,0,0,0,0,0
30.9,-84.5,OK,Major:{limestone},31.9667,26.41,Suwannee Limestone and its residuum,133,29.18835,5.556699999999999,0,0,0,1,0,0,0,0,0,0
30.9,-84.4,OK,"Major:{clay,sand,gravel}",2.1586,1.7292,Miccosukee Formation,133,1.9439,0.4293999999999998,0,0,0,0,1,0,0,0,0,0
30.9,-84.3,OK,"Major:{clay,sand,gravel}",2.1586,1.7292,Miccosukee Formation,133,1.9439,0.4293999999999998,0,0,0,0,1,0,0,0,0,0
30.9,-84.2,OK,"Major:{clay,sand,gravel}",2.1586,1.7292,Miccosukee Formation,133,1.9439,0.4293999999999998,0,0,0,0,1,0,0,0,0,0
30.9,-84.1,OK,"Major:{clay,sand,gravel}",2.1586,1.7292,Miccosukee Formation,133,1.9439,0.4293999999999998,0,0,0,0,1,0,0,0,0,0
30.9,-84.0,OK,"Major:{clay,sand,gravel}",2.1586,1.7292,Miccosukee Formation,133,1.9439,0.4293999999999998,0,0,0,0,1,0,0,0,0,0
30.9,-83.9,OK,"Major:{clay,sand,gravel}",2.1586,1.7292,Miccosukee Formation,133,1.9439,0.4293999999999998,0,0,0,0,1,0,0,0,0,0
30.9,-83.8,OK,"Major:{clay,sand,gravel}",2.1586,1.7292,Miccosukee Formation,133,1.9439,0.4293999999999998,0,0,0,0,1,0,0,0,0,0
30.9,-83.7,OK,"Major:{clay,sand,gravel}",2.1586,1.7292,Miccosukee Formation,133,1.9439,0.4293999999999998,0,0,0,0,1,0,0,0,0,0
30.9,-83.6,OK,"Major:{dolostone,sand,clay}",17.6463,17.0875,Hawthorn Formation,133,17.3669,0.5588000000000015,0,0,0,1,1,0,0,0,0,0
30.9,-83.5,OK,"Major:{dolostone,sand,clay}",17.6463,17.0875,Hawthorn Formation,133,17.3669,0.5588000000000015,0,0,0,1,1,0,0,0,0,0
30.9,-83.4,OK,"Major:{clay,sand,gravel}",2.1586,1.7292,Miccosukee Formation,133,1.9439,0.4293999999999998,0,0,0,0,1,0,0,0,0,0
30.9,-83.3,OK,"Major:{clay,sand,gravel}",2.1586,1.7292,Miccosukee Formation,133,1.9439,0.4293999999999998,0,0,0,0,1,0,0,0,0,0
30.9,-83.2,OK,"Major:{sand,gravel}",5.333,0.0117,Pleistocene-Pliocene sands and gravels,133,2.6723500000000002,5.3213,0,0,0,0,1,0,0,0,0,0
30.9,-83.1,OK,"Major:{clay,sand,gravel}",2.1586,1.7292,Miccosukee Formation,133,1.9439,0.4293999999999998,0,0,0,0,1,0,0,0,0,0
30.9,-83.0,OK,"Major:{sand,gravel}",5.333,0.0117,Pleistocene-Pliocene sands and gravels,133,2.6723500000000002,5.3213,0,0,0,0,1,0,0,0,0,0
30.9,-82.9,OK,sedimentary,5.333,2.588,Pliocene sedimentary,7,3.9605,2.745,0,0,0,1,0,0,0,0,0,0
30.9,-82.8,OK,sedimentary,5.333,2.588,Pliocene sedimentary,7,3.9605,2.745,0,0,0,1,0,0,0,0,0,0
30.9,-82.7,OK,sedimentary,5.333,2.588,Pliocene sedimentary,7,3.9605,2.745,0,0,0,1,0,0,0,0,0,0
30.9,-82.6,OK,sedimentary,5.333,2.588,Pliocene sedimentary,7,3.9605,2.745,0,0,0,1,0,0,0,0,0,0
30.9,-82.5,OK,Major:{fine alluvium},2.588,0.0117,Wicomico Shoreline Complex - marsh and lagoonal facies,133,1.29985,2.5763000000000003,0,0,0,0,1,0,0,0,0,0
30.9,-82.4,OK,Major:{fine alluvium},2.588,0.0117,Wicomico Shoreline Complex - marsh and lagoonal facies,133,1.29985,2.5763000000000003,0,0,0,0,1,0,0,0,0,0
30.9,-82.3,OK,Major:{fine alluvium},2.588,0.0117,Wicomico Shoreline Complex - marsh and lagoonal facies,133,1.29985,2.5763000000000003,0,0,0,0,1,0,0,0,0,0
30.9,-82.2,OK,Major:{fine alluvium},2.588,0.0117,Wicomico Shoreline Complex - marsh and lagoonal facies,133,1.29985,2.5763000000000003,0,0,0,0,1,0,0,0,0,0
30.9,-82.1,OK,Major:{sand},2.588,0.0117,Wicomico Shoreline Complex - barrier island facies,133,1.29985,2.5763000000000003,0,0,0,0,1,0,0,0,0,0
30.9,-82.0,OK,Major:{sand},2.588,0.0117,Penholoway shoreline complex - barrier island facies,133,1.29985,2.5763000000000003,0,0,0,0,1,0,0,0,0,0
30.9,-81.9,OK,Major:{fine alluvium},2.588,0.0,Stream alluvium,133,1.294,2.588,0,0,0,0,1,0,0,0,0,0
30.9,-81.8,OK,Major:{fine alluvium},2.588,0.0117,Pamlico shoreline complex - marsh and lagoonal facies,133,1.29985,2.5763000000000003,0,0,0,0,1,0,0,0,0,0
30.9,-81.7,OK,Major:{fine alluvium},2.588,0.0117,Pamlico shoreline complex - marsh and lagoonal facies,133,1.29985,2.5763000000000003,0,0,0,0,1,0,0,0,0,0
30.9,-81.6,OK,Major:{fine alluvium},2.588,0.0117,Princess Anne shoreline complex - marsh and lagoonal facies,133,1.29985,2.5763000000000003,0,0,0,0,1,0,0,0,0,0
30.9,-81.5,OK,,,,water,133,,,0,0,0,0,0,0,0,0,0,0
31.0,-85.0,OK,"sandstone, clay, chalk, limestone,",37.8,37.15,Late Eocene sedimentary,7,37.474999999999994,0.6499999999999986,0,0,0,1,1,0,0,0,0,0
31.0,-84.9,OK,"sandstone, clay, chalk, limestone,",37.8,37.15,Late Eocene sedimentary,7,37.474999999999994,0.6499999999999986,0,0,0,1,1,0,0,0,0,0
31.0,-84.8,OK,"sandstone, clay, chalk, limestone,",37.8,37.15,Late Eocene sedimentary,7,37.474999999999994,0.6499999999999986,0,0,0,1,1,0,0,0,0,0
31.0,-84.7,OK,"sandstone, clay, chalk, limestone,",37.8,37.15,Late Eocene sedimentary,7,37.474999999999994,0.6499999999999986,0,0,0,1,1,0,0,0,0,0
31.0,-84.6,OK,"sandstone, clay, chalk, limestone,",37.8,37.15,Late Eocene sedimentary,7,37.474999999999994,0.6499999999999986,0,0,0,1,1,0,0,0,0,0
31.0,-84.5,OK,"sandstone, clay, chalk, limestone,",37.8,37.15,Late Eocene sedimentary,7,37.474999999999994,0.6499999999999986,0,0,0,1,1,0,0,0,0,0
31.0,-84.4,OK,Major:{limestone},36.045,33.9,Ocala Limestone,133,34.9725,2.145000000000003,0,0,0,1,0,0,0,0,0,0
31.0,-84.3,OK,"Major:{clay,sand,gravel}",2.1586,1.7292,Miccosukee Formation,133,1.9439,0.4293999999999998,0,0,0,0,1,0,0,0,0,0
31.0,-84.2,OK,"Major:{clay,sand,gravel}",2.1586,1.7292,Miccosukee Formation,133,1.9439,0.4293999999999998,0,0,0,0,1,0,0,0,0,0
31.0,-84.1,OK,"Major:{clay,sand,gravel}",2.1586,1.7292,Miccosukee Formation,133,1.9439,0.4293999999999998,0,0,0,0,1,0,0,0,0,0
31.0,-84.0,OK,"Major:{clay,sand,gravel}",2.1586,1.7292,Miccosukee Formation,133,1.9439,0.4293999999999998,0,0,0,0,1,0,0,0,0,0
31.0,-83.9,OK,"Major:{clay,sand,gravel}",2.1586,1.7292,Miccosukee Formation,133,1.9439,0.4293999999999998,0,0,0,0,1,0,0,0,0,0
31.0,-83.8,OK,"Major:{clay,sand,gravel}",2.1586,1.7292,Miccosukee Formation,133,1.9439,0.4293999999999998,0,0,0,0,1,0,0,0,0,0
31.0,-83.7,OK,"Major:{clay,sand,gravel}",2.1586,1.7292,Miccosukee Formation,133,1.9439,0.4293999999999998,0,0,0,0,1,0,0,0,0,0
31.0,-83.6,OK,"Major:{clay,sand,gravel}",2.1586,1.7292,Miccosukee Formation,133,1.9439,0.4293999999999998,0,0,0,0,1,0,0,0,0,0
31.0,-83.5,OK,"Major:{clay,sand,gravel}",2.1586,1.7292,Miccosukee Formation,133,1.9439,0.4293999999999998,0,0,0,0,1,0,0,0,0,0
31.0,-83.4,OK,"Major:{clay,sand,gravel}",2.1586,1.7292,Miccosukee Formation,133,1.9439,0.4293999999999998,0,0,0,0,1,0,0,0,0,0
31.0,-83.3,OK,"Major:{dolostone,sand,clay}",17.6463,17.0875,Hawthorn Formation,133,17.3669,0.5588000000000015,0,0,0,1,1,0,0,0,0,0
31.0,-83.2,OK,"Major:{clay,sand,gravel}",2.1586,1.7292,Miccosukee Formation,133,1.9439,0.4293999999999998,0,0,0,0,1,0,0,0,0,0
31.0,-83.1,OK,sedimentary,5.333,2.588,Pliocene sedimentary,7,3.9605,2.745,0,0,0,1,0,0,0,0,0,0
31.0,-83.0,OK,"Major:{sand,gravel}",5.333,0.0117,Pleistocene-Pliocene sands and gravels,133,2.6723500000000002,5.3213,0,0,0,0,1,0,0,0,0,0
31.0,-82.9,OK,sedimentary,5.333,2.588,Pliocene sedimentary,7,3.9605,2.745,0,0,0,1,0,0,0,0,0,0
31.0,-82.8,OK,sedimentary,5.333,2.588,Pliocene sedimentary,7,3.9605,2.745,0,0,0,1,0,0,0,0,0,0
31.0,-82.7,OK,sedimentary,5.333,2.588,Pliocene sedimentary,7,3.9605,2.745,0,0,0,1,0,0,0,0,0,0
31.0,-82.6,OK,sedimentary,5.333,2.588,Pliocene sedimentary,7,3.9605,2.745,0,0,0,1,0,0,0,0,0,0
31.0,-82.5,OK,sedimentary,5.333,2.588,Pliocene sedimentary,7,3.9605,2.745,0,0,0,1,0,0,0,0,0,0
31.0,-82.4,OK,"Major:{sand,gravel}",5.333,0.0117,Pleistocene-Pliocene sands and gravels,133,2.6723500000000002,5.3213,0,0,0,0,1,0,0,0,0,0
31.0,-82.3,OK,Major:{fine alluvium},2.588,0.0117,Wicomico Shoreline Complex - marsh and lagoonal facies,133,1.29985,2.5763000000000003,0,0,0,0,1,0,0,0,0,0
31.0,-82.2,OK,Major:{fine alluvium},2.588,0.0117,Wicomico Shoreline Complex - marsh and lagoonal facies,133,1.29985,2.5763000000000003,0,0,0,0,1,0,0,0,0,0
31.0,-82.1,OK,Major:{fine alluvium},2.588,0.0117,Penholoway shoreline complex - marsh and lagoonal facies,133,1.29985,2.5763000000000003,0,0,0,0,1,0,0,0,0,0
31.0,-82.0,OK,Major:{sand},2.588,0.0117,Penholoway shoreline complex - barrier island facies,133,1.29985,2.5763000000000003,0,0,0,0,1,0,0,0,0,0
31.0,-81.9,OK,Major:{sand},2.588,0.0117,Talbot shoreline complex - barrier island facies,133,1.29985,2.5763000000000003,0,0,0,0,1,0,0,0,0,0
31.0,-81.8,OK,Major:{fine alluvium},2.588,0.0117,Pamlico shoreline complex - marsh and lagoonal facies,133,1.29985,2.5763000000000003,0,0,0,0,1,0,0,0,0,0
31.0,-81.7,OK,Major:{fine alluvium},2.588,0.0117,Pamlico shoreline complex - marsh and lagoonal facies,133,1.29985,2.5763000000000003,0,0,0,0,1,0,0,0,0,0
31.0,-81.6,OK,Major:{fine alluvium},0.0117,0.0,Holocene Shoreline Complex - marsh and lagoonal facies,133,0.00585,0.0117,0,0,0,0,1,0,0,0,0,0
31.0,-81.5,OK,Major:{fine alluvium},0.0117,0.0,Holocene Shoreline Complex - marsh and lagoonal facies,133,0.00585,0.0117,0,0,0,0,1,0,0,0,0,0
31.1,-85.0,OK,"sandstone, clay, chalk, limestone,",37.8,37.15,Late Eocene sedimentary,7,37.474999999999994,0.6499999999999986,0,0,0,1,1,0,0,0,0,0
31.1,-84.9,OK,"sandstone, clay, chalk, limestone,",37.8,37.15,Late Eocene sedimentary,7,37.474999999999994,0.6499999999999986,0,0,0,1,1,0,0,0,0,0
31.1,-84.8,OK,"sandstone, clay, chalk, limestone,",37.8,37.15,Late Eocene sedimentary,7,37.474999999999994,0.6499999999999986,0,0,0,1,1,0,0,0,0,0
31.1,-84.7,OK,"sandstone, clay, chalk, limestone,",37.8,37.15,Late Eocene sedimentary,7,37.474999999999994,0.6499999999999986,0,0,0,1,1,0,0,0,0,0
31.1,-84.6,OK,"sandstone, clay, chalk, limestone,",37.8,37.15,Late Eocene sedimentary,7,37.474999999999994,0.6499999999999986,0,0,0,1,1,0,0,0,0,0
31.1,-84.5,OK,"sandstone, clay, chalk, limestone,",37.8,37.15,Late Eocene sedimentary,7,37.474999999999994,0.6499999999999986,0,0,0,1,1,0,0,0,0,0
31.1,-84.4,OK,"sandstone, clay, chalk, limestone,",37.8,37.15,Late Eocene sedimentary,7,37.474999999999994,0.6499999999999986,0,0,0,1,1,0,0,0,0,0
31.1,-84.3,OK,Major:{limestone},36.045,33.9,Ocala Limestone,133,34.9725,2.145000000000003,0,0,0,1,0,0,0,0,0,0
31.1,-84.2,OK,"Major:{clay,sand,gravel}",2.1586,1.7292,Miccosukee Formation,133,1.9439,0.4293999999999998,0,0,0,0,1,0,0,0,0,0
31.1,-84.1,OK,"Major:{clay,sand,gravel}",2.1586,1.7292,Miccosukee Formation,133,1.9439,0.4293999999999998,0,0,0,0,1,0,0,0,0,0
31.1,-84.0,OK,"Major:{clay,sand,gravel}",2.1586,1.7292,Miccosukee Formation,133,1.9439,0.4293999999999998,0,0,0,0,1,0,0,0,0,0
31.1,-83.9,OK,"Major:{clay,sand,gravel}",2.1586,1.7292,Miccosukee Formation,133,1.9439,0.4293999999999998,0,0,0,0,1,0,0,0,0,0
31.1,-83.8,OK,"Major:{clay,sand,gravel}",2.1586,1.7292,Miccosukee Formation,133,1.9439,0.4293999999999998,0,0,0,0,1,0,0,0,0,0
31.1,-83.7,OK,"Major:{clay,sand,gravel}",2.1586,1.7292,Miccosukee Formation,133,1.9439,0.4293999999999998,0,0,0,0,1,0,0,0,0,0
31.1,-83.6,OK,"Major:{dolostone,sand,clay}",17.6463,17.0875,Hawthorn Formation,133,17.3669,0.5588000000000015,0,0,0,1,1,0,0,0,0,0
31.1,-83.5,OK,"Major:{clay,sand,gravel}",2.1586,1.7292,Miccosukee Formation,133,1.9439,0.4293999999999998,0,0,0,0,1,0,0,0,0,0
31.1,-83.4,OK,"Major:{clay,sand,gravel}",2.1586,1.7292,Miccosukee Formation,133,1.9439,0.4293999999999998,0,0,0,0,1,0,0,0,0,0
31.1,-83.3,OK,"Major:{clay,sand,gravel}",2.1586,1.7292,Miccosukee Formation,133,1.9439,0.4293999999999998,0,0,0,0,1,0,0,0,0,0
31.1,-83.2,OK,"Major:{sand,gravel}",5.333,0.0117,Pleistocene-Pliocene sands and gravels,133,2.6723500000000002,5.3213,0,0,0,0,1,0,0,0,0,0
31.1,-83.1,OK,"Major:{clay,sand,gravel}",2.1586,1.7292,Miccosukee Formation,133,1.9439,0.4293999999999998,0,0,0,0,1,0,0,0,0,0
31.1,-83.0,OK,"Major:{sand,gravel}",5.333,0.0117,Pleistocene-Pliocene sands and gravels,133,2.6723500000000002,5.3213,0,0,0,0,1,0,0,0,0,0
31.1,-82.9,OK,sedimentary,5.333,2.588,Pliocene sedimentary,7,3.9605,2.745,0,0,0,1,0,0,0,0,0,0
31.1,-82.8,OK,sedimentary,5.333,2.588,Pliocene sedimentary,7,3.9605,2.745,0,0,0,1,0,0,0,0,0,0
31.1,-82.7,OK,sedimentary,5.333,2.588,Pliocene sedimentary,7,3.9605,2.745,0,0,0,1,0,0,0,0,0,0
31.1,-82.6,OK,sedimentary,5.333,2.588,Pliocene sedimentary,7,3.9605,2.745,0,0,0,1,0,0,0,0,0,0
31.1,-82.5,OK,sedimentary,5.333,2.588,Pliocene sedimentary,7,3.9605,2.745,0,0,0,1,0,0,0,0,0,0
31.1,-82.4,OK,sedimentary,5.333,2.588,Pliocene sedimentary,7,3.9605,2.745,0,0,0,1,0,0,0,0,0,0
31.1,-82.3,OK,Major:{fine alluvium},2.588,0.0117,Wicomico Shoreline Complex - marsh and lagoonal facies,133,1.29985,2.5763000000000003,0,0,0,0,1,0,0,0,0,0
31.1,-82.2,OK,sedimentary,2.588,0.0,Quaternary sedimentary,7,1.294,2.588,0,0,0,1,0,0,0,0,0,0
31.1,-82.1,OK,Major:{sand},2.588,0.0117,Wicomico Shoreline Complex - barrier island facies,133,1.29985,2.5763000000000003,0,0,0,0,1,0,0,0,0,0
31.1,-82.0,OK,Major:{fine alluvium},2.588,0.0,Stream alluvium,133,1.294,2.588,0,0,0,0,1,0,0,0,0,0
31.1,-81.9,OK,Major:{fine alluvium},2.588,0.0,Stream alluvium,133,1.294,2.588,0,0,0,0,1,0,0,0,0,0
31.1,-81.8,OK,Major:{fine alluvium},2.588,0.0117,Pamlico shoreline complex - marsh and lagoonal facies,133,1.29985,2.5763000000000003,0,0,0,0,1,0,0,0,0,0
31.1,-81.7,OK,Major:{fine alluvium},2.588,0.0117,Pamlico shoreline complex - marsh and lagoonal facies,133,1.29985,2.5763000000000003,0,0,0,0,1,0,0,0,0,0
31.1,-81.6,OK,Major:{fine alluvium},2.588,0.0117,Princess Anne shoreline complex - marsh and lagoonal facies,133,1.29985,2.5763000000000003,0,0,0,0,1,0,0,0,0,0
31.1,-81.5,OK,sedimentary,2.588,0.0,Quaternary sedimentary,7,1.294,2.588,0,0,0,1,0,0,0,0,0,0
31.2,-85.1,OK,"sandstone, clay, chalk, limestone,",37.8,37.15,Late Eocene sedimentary,7,37.474999999999994,0.6499999999999986,0,0,0,1,1,0,0,0,0,0
31.2,-85.0,OK,"sandstone, clay, chalk, limestone,",37.8,37.15,Late Eocene sedimentary,7,37.474999999999994,0.6499999999999986,0,0,0,1,1,0,0,0,0,0
31.2,-84.9,OK,"sandstone, clay, chalk, limestone,",37.8,37.15,Late Eocene sedimentary,7,37.474999999999994,0.6499999999999986,0,0,0,1,1,0,0,0,0,0
31.2,-84.8,OK,"sandstone, clay, chalk, limestone,",37.8,37.15,Late Eocene sedimentary,7,37.474999999999994,0.6499999999999986,0,0,0,1,1,0,0,0,0,0
31.2,-84.7,OK,"sandstone, clay, chalk, limestone,",37.8,37.15,Late Eocene sedimentary,7,37.474999999999994,0.6499999999999986,0,0,0,1,1,0,0,0,0,0
31.2,-84.6,OK,"sandstone, clay, chalk, limestone,",37.8,37.15,Late Eocene sedimentary,7,37.474999999999994,0.6499999999999986,0,0,0,1,1,0,0,0,0,0
31.2,-84.5,OK,"sandstone, clay, chalk, limestone,",37.8,37.15,Late Eocene sedimentary,7,37.474999999999994,0.6499999999999986,0,0,0,1,1,0,0,0,0,0
31.2,-84.4,OK,"sandstone, clay, chalk, limestone,",37.8,37.15,Late Eocene sedimentary,7,37.474999999999994,0.6499999999999986,0,0,0,1,1,0,0,0,0,0
31.2,-84.3,OK,"sandstone, clay, chalk, limestone,",37.8,37.15,Late Eocene sedimentary,7,37.474999999999994,0.6499999999999986,0,0,0,1,1,0,0,0,0,0
31.2,-84.2,OK,Major:{limestone},31.9667,26.41,Suwannee Limestone and its residuum,133,29.18835,5.556699999999999,0,0,0,1,0,0,0,0,0,0
31.2,-84.1,OK,"Major:{clay,sand,gravel}",2.1586,1.7292,Miccosukee Formation,133,1.9439,0.4293999999999998,0,0,0,0,1,0,0,0,0,0
31.2,-84.0,OK,"Major:{clay,sand,gravel}",2.1586,1.7292,Miccosukee Formation,133,1.9439,0.4293999999999998,0,0,0,0,1,0,0,0,0,0
31.2,-83.9,OK,"Major:{clay,sand,gravel}",2.1586,1.7292,Miccosukee Formation,133,1.9439,0.4293999999999998,0,0,0,0,1,0,0,0,0,0
31.2,-83.8,OK,"Major:{clay,sand,gravel}",2.1586,1.7292,Miccosukee Formation,133,1.9439,0.4293999999999998,0,0,0,0,1,0,0,0,0,0
31.2,-83.7,OK,"Major:{clay,sand,gravel}",2.1586,1.7292,Miccosukee Formation,133,1.9439,0.4293999999999998,0,0,0,0,1,0,0,0,0,0
31.2,-83.6,OK,"Major:{clay,sand,gravel}",2.1586,1.7292,Miccosukee Formation,133,1.9439,0.4293999999999998,0,0,0,0,1,0,0,0,0,0
31.2,-83.5,OK,"Major:{clay,sand,gravel}",2.1586,1.7292,Miccosukee Formation,133,1.9439,0.4293999999999998,0,0,0,0,1,0,0,0,0,0
31.2,-83.4,OK,"Major:{clay,sand,gravel}",2.1586,1.7292,Miccosukee Formation,133,1.9439,0.4293999999999998,0,0,0,0,1,0,0,0,0,0
31.2,-83.3,OK,"Major:{clay,sand,gravel}",2.1586,1.7292,Miccosukee Formation,133,1.9439,0.4293999999999998,0,0,0,0,1,0,0,0,0,0
31.2,-83.2,OK,sedimentary,5.333,2.588,Pliocene sedimentary,7,3.9605,2.745,0,0,0,1,0,0,0,0,0,0
31.2,-83.1,OK,sedimentary,5.333,2.588,Pliocene sedimentary,7,3.9605,2.745,0,0,0,1,0,0,0,0,0,0
31.2,-83.0,OK,sedimentary,5.333,2.588,Pliocene sedimentary,7,3.9605,2.745,0,0,0,1,0,0,0,0,0,0
31.2,-82.9,OK,sedimentary,5.333,2.588,Pliocene sedimentary,7,3.9605,2.745,0,0,0,1,0,0,0,0,0,0
31.2,-82.8,OK,sedimentary,5.333,2.588,Pliocene sedimentary,7,3.9605,2.745,0,0,0,1,0,0,0,0,0,0
31.2,-82.7,OK,sedimentary,5.333,2.588,Pliocene sedimentary,7,3.9605,2.745,0,0,0,1,0,0,0,0,0,0
31.2,-82.6,OK,sedimentary,5.333,2.588,Pliocene sedimentary,7,3.9605,2.745,0,0,0,1,0,0,0,0,0,0
31.2,-82.5,OK,sedimentary,5.333,2.588,Pliocene sedimentary,7,3.9605,2.745,0,0,0,1,0,0,0,0,0,0
31.2,-82.4,OK,sedimentary,5.333,2.588,Pliocene sedimentary,7,3.9605,2.745,0,0,0,1,0,0,0,0,0,0
31.2,-82.3,OK,sedimentary,5.333,2.588,Pliocene sedimentary,7,3.9605,2.745,0,0,0,1,0,0,0,0,0,0
31.2,-82.2,OK,Major:{fine alluvium},2.588,0.0,Stream alluvium,133,1.294,2.588,0,0,0,0,1,0,0,0,0,0
31.2,-82.1,OK,Major:{sand},2.588,0.0117,Wicomico Shoreline Complex - barrier island facies,133,1.29985,2.5763000000000003,0,0,0,0,1,0,0,0,0,0
31.2,-82.0,OK,Major:{fine alluvium},2.588,0.0117,Penholoway shoreline complex - marsh and lagoonal facies,133,1.29985,2.5763000000000003,0,0,0,0,1,0,0,0,0,0
31.2,-81.9,OK,Major:{sand},2.588,0.0117,Penholoway shoreline complex - barrier island facies,133,1.29985,2.5763000000000003,0,0,0,0,1,0,0,0,0,0
31.2,-81.8,OK,Major:{fine alluvium},2.588,0.0117,Talbot shoreline complex - marsh and lagoonal facies,133,1.29985,2.5763000000000003,0,0,0,0,1,0,0,0,0,0
31.2,-81.7,OK,Major:{fine alluvium},2.588,0.0117,Pamlico shoreline complex - marsh and lagoonal facies,133,1.29985,2.5763000000000003,0,0,0,0,1,0,0,0,0,0
31.2,-81.6,OK,Major:{fine alluvium},0.0117,0.0,Holocene Shoreline Complex - marsh and lagoonal facies,133,0.00585,0.0117,0,0,0,0,1,0,0,0,0,0
31.2,-81.5,OK,Major:{sand},2.588,0.0117,Princess Anne shoreline complex - barrier island facies,133,1.29985,2.5763000000000003,0,0,0,0,1,0,0,0,0,0
31.2,-81.4,OK,Major:{fine alluvium},0.0117,0.0,Holocene Shoreline Complex - marsh and lagoonal facies,133,0.00585,0.0117,0,0,0,0,1,0,0,0,0,0
31.3,-85.0,OK,"sandstone, clay, chalk, limestone,",37.8,37.15,Late Eocene sedimentary,7,37.474999999999994,0.6499999999999986,0,0,0,1,1,0,0,0,0,0
31.3,-84.9,OK,"sandstone, clay, chalk, limestone,",37.8,37.15,Late Eocene sedimentary,7,37.474999999999994,0.6499999999999986,0,0,0,1,1,0,0,0,0,0
31.3,-84.8,OK,"sandstone, clay, chalk, limestone,",37.8,37.15,Late Eocene sedimentary,7,37.474999999999994,0.6499999999999986,0,0,0,1,1,0,0,0,0,0
31.3,-84.7,OK,"sandstone, clay, chalk, limestone,",37.8,37.15,Late Eocene sedimentary,7,37.474999999999994,0.6499999999999986,0,0,0,1,1,0,0,0,0,0
31.3,-84.6,OK,"sandstone, clay, chalk, limestone,",37.8,37.15,Late Eocene sedimentary,7,37.474999999999994,0.6499999999999986,0,0,0,1,1,0,0,0,0,0
31.3,-84.5,OK,"sandstone, clay, chalk, limestone,",37.8,37.15,Late Eocene sedimentary,7,37.474999999999994,0.6499999999999986,0,0,0,1,1,0,0,0,0,0
31.3,-84.4,OK,"sandstone, clay, chalk, limestone,",37.8,37.15,Late Eocene sedimentary,7,37.474999999999994,0.6499999999999986,0,0,0,1,1,0,0,0,0,0
31.3,-84.3,OK,"sandstone, clay, chalk, limestone,",37.8,37.15,Late Eocene sedimentary,7,37.474999999999994,0.6499999999999986,0,0,0,1,1,0,0,0,0,0
31.3,-84.2,OK,"sandstone, clay, chalk, limestone,",37.8,37.15,Late Eocene sedimentary,7,37.474999999999994,0.6499999999999986,0,0,0,1,1,0,0,0,0,0
31.3,-84.1,OK,"Major:{sandstone,claystone}",17.6463,16.5288,Neogene undifferentiated,133,17.08755,1.1174999999999997,0,0,0,1,0,0,0,0,0,0
31.3,-84.0,OK,"Major:{sandstone,claystone}",17.6463,16.5288,Neogene undifferentiated,133,17.08755,1.1174999999999997,0,0,0,1,0,0,0,0,0,0
31.3,-83.9,OK,"Major:{clay,sand,gravel}",2.1586,1.7292,Miccosukee Formation,133,1.9439,0.4293999999999998,0,0,0,0,1,0,0,0,0,0
31.3,-83.8,OK,"Major:{clay,sand,gravel}",2.1586,1.7292,Miccosukee Formation,133,1.9439,0.4293999999999998,0,0,0,0,1,0,0,0,0,0
31.3,-83.7,OK,"Major:{clay,sand,gravel}",2.1586,1.7292,Miccosukee Formation,133,1.9439,0.4293999999999998,0,0,0,0,1,0,0,0,0,0
31.3,-83.6,OK,"Major:{clay,sand,gravel}",2.1586,1.7292,Miccosukee Formation,133,1.9439,0.4293999999999998,0,0,0,0,1,0,0,0,0,0
31.3,-83.5,OK,"Major:{clay,sand,gravel}",2.1586,1.7292,Miccosukee Formation,133,1.9439,0.4293999999999998,0,0,0,0,1,0,0,0,0,0
31.3,-83.4,OK,"Major:{clay,sand,gravel}",2.1586,1.7292,Miccosukee Formation,133,1.9439,0.4293999999999998,0,0,0,0,1,0,0,0,0,0
31.3,-83.3,OK,"Major:{clay,sand,gravel}",2.1586,1.7292,Miccosukee Formation,133,1.9439,0.4293999999999998,0,0,0,0,1,0,0,0,0,0
31.3,-83.2,OK,sedimentary,5.333,2.588,Pliocene sedimentary,7,3.9605,2.745,0,0,0,1,0,0,0,0,0,0
31.3,-83.1,OK,"Major:{sand,gravel}",5.333,0.0117,Pleistocene-Pliocene sands and gravels,133,2.6723500000000002,5.3213,0,0,0,0,1,0,0,0,0,0
31.3,-83.0,OK,sedimentary,5.333,2.588,Pliocene sedimentary,7,3.9605,2.745,0,0,0,1,0,0,0,0,0,0
31.3,-82.9,OK,sedimentary,5.333,2.588,Pliocene sedimentary,7,3.9605,2.745,0,0,0,1,0,0,0,0,0,0
31.3,-82.8,OK,sedimentary,5.333,2.588,Pliocene sedimentary,7,3.9605,2.745,0,0,0,1,0,0,0,0,0,0
31.3,-82.7,OK,Major:{fine alluvium},2.588,0.0,Stream alluvium,133,1.294,2.588,0,0,0,0,1,0,0,0,0,0
31.3,-82.6,OK,sedimentary,5.333,2.588,Pliocene sedimentary,7,3.9605,2.745,0,0,0,1,0,0,0,0,0,0
31.3,-82.5,OK,Major:{fine alluvium},2.588,0.0,Stream alluvium,133,1.294,2.588,0,0,0,0,1,0,0,0,0,0
31.3,-82.4,OK,Major:{fine alluvium},2.588,0.0,Stream alluvium,133,1.294,2.588,0,0,0,0,1,0,0,0,0,0
31.3,-82.3,OK,sedimentary,5.333,2.588,Pliocene sedimentary,7,3.9605,2.745,0,0,0,1,0,0,0,0,0,0
31.3,-82.2,OK,"Major:{sandstone,claystone}",17.6463,16.5288,Neogene undifferentiated,133,17.08755,1.1174999999999997,0,0,0,1,0,0,0,0,0,0
31.3,-82.1,OK,Major:{fine alluvium},2.588,0.0117,Wicomico Shoreline Complex - marsh and lagoonal facies,133,1.29985,2.5763000000000003,0,0,0,0,1,0,0,0,0,0
31.3,-82.0,OK,Major:{fine alluvium},2.588,0.0117,Penholoway shoreline complex - marsh and lagoonal facies,133,1.29985,2.5763000000000003,0,0,0,0,1,0,0,0,0,0
31.3,-81.9,OK,Major:{fine alluvium},2.588,0.0,Stream alluvium,133,1.294,2.588,0,0,0,0,1,0,0,0,0,0
31.3,-81.8,OK,Major:{fine alluvium},2.588,0.0117,Penholoway shoreline complex - marsh and lagoonal facies,133,1.29985,2.5763000000000003,0,0,0,0,1,0,0,0,0,0
31.3,-81.7,OK,Major:{fine alluvium},2.588,0.0117,Pamlico shoreline complex - marsh and lagoonal facies,133,1.29985,2.5763000000000003,0,0,0,0,1,0,0,0,0,0
31.3,-81.6,OK,Major:{fine alluvium},2.588,0.0117,Pamlico shoreline complex - marsh and lagoonal facies,133,1.29985,2.5763000000000003,0,0,0,0,1,0,0,0,0,0
31.3,-81.5,OK,Major:{sand},2.588,0.0117,Pamlico shoreline complex - barrier island facies,133,1.29985,2.5763000000000003,0,0,0,0,1,0,0,0,0,0
31.3,-81.4,OK,sedimentary,2.588,0.0,Quaternary sedimentary,7,1.294,2.588,0,0,0,1,0,0,0,0,0,0
31.3,-81.3,OK,Major:{fine alluvium},0.0117,0.0,Holocene Shoreline Complex - marsh and lagoonal facies,133,0.00585,0.0117,0,0,0,0,1,0,0,0,0,0
31.4,-85.0,OK,"sand,mud,clay,chalk",41.3,40.425,Middle Eocene sedimentary,7,40.8625,0.875,0,0,0,0,1,0,0,0,0,0
31.4,-84.9,OK,"sandstone, clay, chalk, limestone,",37.8,37.15,Late Eocene sedimentary,7,37.474999999999994,0.6499999999999986,0,0,0,1,1,0,0,0,0,0
31.4,-84.8,OK,"sandstone, clay, chalk, limestone,",37.8,37.15,Late Eocene sedimentary,7,37.474999999999994,0.6499999999999986,0,0,0,1,1,0,0,0,0,0
31.4,-84.7,OK,"sandstone, clay, chalk, limestone,",37.8,37.15,Late Eocene sedimentary,7,37.474999999999994,0.6499999999999986,0,0,0,1,1,0,0,0,0,0
31.4,-84.6,OK,"sandstone, clay, chalk, limestone,",37.8,37.15,Late Eocene sedimentary,7,37.474999999999994,0.6499999999999986,0,0,0,1,1,0,0,0,0,0
31.4,-84.5,OK,"sandstone, clay, chalk, limestone,",37.8,37.15,Late Eocene sedimentary,7,37.474999999999994,0.6499999999999986,0,0,0,1,1,0,0,0,0,0
31.4,-84.4,OK,"sandstone, clay, chalk, limestone,",37.8,37.15,Late Eocene sedimentary,7,37.474999999999994,0.6499999999999986,0,0,0,1,1,0,0,0,0,0
31.4,-84.3,OK,"sandstone, clay, chalk, limestone,",37.8,37.15,Late Eocene sedimentary,7,37.474999999999994,0.6499999999999986,0,0,0,1,1,0,0,0,0,0
31.4,-84.2,OK,"sandstone, clay, chalk, limestone,",37.8,37.15,Late Eocene sedimentary,7,37.474999999999994,0.6499999999999986,0,0,0,1,1,0,0,0,0,0
31.4,-84.1,OK,"sandstone, clay, chalk, limestone,",37.8,37.15,Late Eocene sedimentary,7,37.474999999999994,0.6499999999999986,0,0,0,1,1,0,0,0,0,0
31.4,-84.0,OK,"Major:{sandstone,claystone}",17.6463,16.5288,Neogene undifferentiated,133,17.08755,1.1174999999999997,0,0,0,1,0,0,0,0,0,0
31.4,-83.9,OK,"Major:{sandstone,claystone}",17.6463,16.5288,Neogene undifferentiated,133,17.08755,1.1174999999999997,0,0,0,1,0,0,0,0,0,0
31.4,-83.8,OK,"Major:{sandstone,claystone}",17.6463,16.5288,Neogene undifferentiated,133,17.08755,1.1174999999999997,0,0,0,1,0,0,0,0,0,0
31.4,-83.7,OK,"Major:{clay,sand,gravel}",2.1586,1.7292,Miccosukee Formation,133,1.9439,0.4293999999999998,0,0,0,0,1,0,0,0,0,0
31.4,-83.6,OK,"Major:{clay,sand,gravel}",2.1586,1.7292,Miccosukee Formation,133,1.9439,0.4293999999999998,0,0,0,0,1,0,0,0,0,0
31.4,-83.5,OK,"Major:{clay,sand,gravel}",2.1586,1.7292,Miccosukee Formation,133,1.9439,0.4293999999999998,0,0,0,0,1,0,0,0,0,0
31.4,-83.4,OK,"Major:{clay,sand,gravel}",2.1586,1.7292,Miccosukee Formation,133,1.9439,0.4293999999999998,0,0,0,0,1,0,0,0,0,0
31.4,-83.3,OK,"Major:{sandstone,claystone}",17.6463,16.5288,Neogene undifferentiated,133,17.08755,1.1174999999999997,0,0,0,1,0,0,0,0,0,0
31.4,-83.2,OK,"Major:{sandstone,claystone}",17.6463,16.5288,Neogene undifferentiated,133,17.08755,1.1174999999999997,0,0,0,1,0,0,0,0,0,0
31.4,-83.1,OK,"Major:{sandstone,claystone}",17.6463,16.5288,Neogene undifferentiated,133,17.08755,1.1174999999999997,0,0,0,1,0,0,0,0,0,0
31.4,-83.0,OK,"Major:{sandstone,claystone}",17.6463,16.5288,Neogene undifferentiated,133,17.08755,1.1174999999999997,0,0,0,1,0,0,0,0,0,0
31.4,-82.9,OK,"Major:{sandstone,claystone}",17.6463,16.5288,Neogene undifferentiated,133,17.08755,1.1174999999999997,0,0,0,1,0,0,0,0,0,0
31.4,-82.8,OK,"Major:{sand,gravel}",5.333,0.0117,Pleistocene-Pliocene sands and gravels,133,2.6723500000000002,5.3213,0,0,0,0,1,0,0,0,0,0
31.4,-82.7,OK,sedimentary,5.333,2.588,Pliocene sedimentary,7,3.9605,2.745,0,0,0,1,0,0,0,0,0,0
31.4,-82.6,OK,"Major:{sand,gravel}",5.333,0.0117,Pleistocene-Pliocene sands and gravels,133,2.6723500000000002,5.3213,0,0,0,0,1,0,0,0,0,0
31.4,-82.5,OK,sedimentary,5.333,2.588,Pliocene sedimentary,7,3.9605,2.745,0,0,0,1,0,0,0,0,0,0
31.4,-82.4,OK,"Major:{sandstone,claystone}",17.6463,16.5288,Neogene undifferentiated,133,17.08755,1.1174999999999997,0,0,0,1,0,0,0,0,0,0
31.4,-82.3,OK,"Major:{sandstone,claystone}",17.6463,16.5288,Neogene undifferentiated,133,17.08755,1.1174999999999997,0,0,0,1,0,0,0,0,0,0
31.4,-82.2,OK,sedimentary,5.333,2.588,Pliocene sedimentary,7,3.9605,2.745,0,0,0,1,0,0,0,0,0,0
31.4,-82.1,OK,"Major:{sandstone,claystone}",17.6463,16.5288,Neogene undifferentiated,133,17.08755,1.1174999999999997,0,0,0,1,0,0,0,0,0,0
31.4,-82.0,OK,Major:{sand},2.588,0.0117,Wicomico Shoreline Complex - barrier island facies,133,1.29985,2.5763000000000003,0,0,0,0,1,0,0,0,0,0
31.4,-81.9,OK,Major:{fine alluvium},2.588,0.0117,Penholoway shoreline complex - marsh and lagoonal facies,133,1.29985,2.5763000000000003,0,0,0,0,1,0,0,0,0,0
31.4,-81.8,OK,Major:{fine alluvium},2.588,0.0117,Penholoway shoreline complex - marsh and lagoonal facies,133,1.29985,2.5763000000000003,0,0,0,0,1,0,0,0,0,0
31.4,-81.7,OK,Major:{sand},2.588,0.0117,Talbot shoreline complex - barrier island facies,133,1.29985,2.5763000000000003,0,0,0,0,1,0,0,0,0,0
31.4,-81.6,OK,Major:{fine alluvium},2.588,0.0117,Pamlico shoreline complex - marsh and lagoonal facies,133,1.29985,2.5763000000000003,0,0,0,0,1,0,0,0,0,0
31.4,-81.5,OK,Major:{fine alluvium},0.0117,0.0,Holocene Shoreline Complex - marsh and lagoonal facies,133,0.00585,0.0117,0,0,0,0,1,0,0,0,0,0
31.4,-81.4,OK,Major:{fine alluvium},0.0117,0.0,Holocene Shoreline Complex - marsh and lagoonal facies,133,0.00585,0.0117,0,0,0,0,1,0,0,0,0,0
31.4,-81.3,OK,,,,water,133,,,0,0,0,0,0,0,0,0,0,0
31.5,-85.0,OK,"sand,mud,clay,chalk",41.3,40.425,Middle Eocene sedimentary,7,40.8625,0.875,0,0,0,0,1,0,0,0,0,0
31.5,-84.9,OK,"sandstone, clay, chalk, limestone,",37.8,37.15,Late Eocene sedimentary,7,37.474999999999994,0.6499999999999986,0,0,0,1,1,0,0,0,0,0
31.5,-84.8,OK,"sandstone, clay, chalk, limestone,",37.8,37.15,Late Eocene sedimentary,7,37.474999999999994,0.6499999999999986,0,0,0,1,1,0,0,0,0,0
31.5,-84.7,OK,"sandstone, clay, chalk, limestone,",37.8,37.15,Late Eocene sedimentary,7,37.474999999999994,0.6499999999999986,0,0,0,1,1,0,0,0,0,0
31.5,-84.6,OK,"sandstone, clay, chalk, limestone,",37.8,37.15,Late Eocene sedimentary,7,37.474999999999994,0.6499999999999986,0,0,0,1,1,0,0,0,0,0
31.5,-84.5,OK,"sandstone, clay, chalk, limestone,",37.8,37.15,Late Eocene sedimentary,7,37.474999999999994,0.6499999999999986,0,0,0,1,1,0,0,0,0,0
31.5,-84.4,OK,"sandstone, clay, chalk, limestone,",37.8,37.15,Late Eocene sedimentary,7,37.474999999999994,0.6499999999999986,0,0,0,1,1,0,0,0,0,0
31.5,-84.3,OK,"sandstone, clay, chalk, limestone,",37.8,37.15,Late Eocene sedimentary,7,37.474999999999994,0.6499999999999986,0,0,0,1,1,0,0,0,0,0
31.5,-84.2,OK,"sandstone, clay, chalk, limestone,",37.8,37.15,Late Eocene sedimentary,7,37.474999999999994,0.6499999999999986,0,0,0,1,1,0,0,0,0,0
31.5,-84.1,OK,"sandstone, clay, chalk, limestone,",37.8,37.15,Late Eocene sedimentary,7,37.474999999999994,0.6499999999999986,0,0,0,1,1,0,0,0,0,0
31.5,-84.0,OK,"Major:{sandstone,claystone}",17.6463,16.5288,Neogene undifferentiated,133,17.08755,1.1174999999999997,0,0,0,1,0,0,0,0,0,0
31.5,-83.9,OK,"Major:{sandstone,claystone}",17.6463,16.5288,Neogene undifferentiated,133,17.08755,1.1174999999999997,0,0,0,1,0,0,0,0,0,0
31.5,-83.8,OK,"Major:{sandstone,claystone}",17.6463,16.5288,Neogene undifferentiated,133,17.08755,1.1174999999999997,0,0,0,1,0,0,0,0,0,0
31.5,-83.7,OK,"Major:{sandstone,claystone}",17.6463,16.5288,Neogene undifferentiated,133,17.08755,1.1174999999999997,0,0,0,1,0,0,0,0,0,0
31.5,-83.6,OK,"Major:{dolostone,sand,clay}",17.6463,17.0875,Hawthorn Formation,133,17.3669,0.5588000000000015,0,0,0,1,1,0,0,0,0,0
31.5,-83.5,OK,"Major:{sandstone,claystone}",17.6463,16.5288,Neogene undifferentiated,133,17.08755,1.1174999999999997,0,0,0,1,0,0,0,0,0,0
31.5,-83.4,OK,"Major:{sandstone,claystone}",17.6463,16.5288,Neogene undifferentiated,133,17.08755,1.1174999999999997,0,0,0,1,0,0,0,0,0,0
31.5,-83.3,OK,"Major:{sandstone,claystone}",17.6463,16.5288,Neogene undifferentiated,133,17.08755,1.1174999999999997,0,0,0,1,0,0,0,0,0,0
31.5,-83.2,OK,"Major:{sandstone,claystone}",17.6463,16.5288,Neogene undifferentiated,133,17.08755,1.1174999999999997,0,0,0,1,0,0,0,0,0,0
31.5,-83.1,OK,"Major:{sandstone,claystone}",17.6463,16.5288,Neogene undifferentiated,133,17.08755,1.1174999999999997,0,0,0,1,0,0,0,0,0,0
31.5,-83.0,OK,"Major:{sandstone,claystone}",17.6463,16.5288,Neogene undifferentiated,133,17.08755,1.1174999999999997,0,0,0,1,0,0,0,0,0,0
31.5,-82.9,OK,"Major:{sandstone,claystone}",17.6463,16.5288,Neogene undifferentiated,133,17.08755,1.1174999999999997,0,0,0,1,0,0,0,0,0,0
31.5,-82.8,OK,"Major:{sandstone,claystone}",17.6463,16.5288,Neogene undifferentiated,133,17.08755,1.1174999999999997,0,0,0,1,0,0,0,0,0,0
31.5,-82.7,OK,sedimentary,5.333,2.588,Pliocene sedimentary,7,3.9605,2.745,0,0,0,1,0,0,0,0,0,0
31.5,-82.6,OK,sedimentary,5.333,2.588,Pliocene sedimentary,7,3.9605,2.745,0,0,0,1,0,0,0,0,0,0
31.5,-82.5,OK,sedimentary,5.333,2.588,Pliocene sedimentary,7,3.9605,2.745,0,0,0,1,0,0,0,0,0,0
31.5,-82.4,OK,sedimentary,5.333,2.588,Pliocene sedimentary,7,3.9605,2.745,0,0,0,1,0,0,0,0,0,0
31.5,-82.3,OK,sedimentary,5.333,2.588,Pliocene sedimentary,7,3.9605,2.745,0,0,0,1,0,0,0,0,0,0
31.5,-82.2,OK,Major:{fine alluvium},2.588,0.0,Stream alluvium,133,1.294,2.588,0,0,0,0,1,0,0,0,0,0
31.5,-82.1,OK,"Major:{sandstone,claystone}",17.6463,16.5288,Neogene undifferentiated,133,17.08755,1.1174999999999997,0,0,0,1,0,0,0,0,0,0
31.5,-82.0,OK,Major:{sand},2.588,0.0117,Wicomico Shoreline Complex - barrier island facies,133,1.29985,2.5763000000000003,0,0,0,0,1,0,0,0,0,0
31.5,-81.9,OK,Major:{fine alluvium},2.588,0.0117,Penholoway shoreline complex - marsh and lagoonal facies,133,1.29985,2.5763000000000003,0,0,0,0,1,0,0,0,0,0
31.5,-81.8,OK,Major:{fine alluvium},2.588,0.0117,Penholoway shoreline complex - marsh and lagoonal facies,133,1.29985,2.5763000000000003,0,0,0,0,1,0,0,0,0,0
31.5,-81.7,OK,Major:{fine alluvium},2.588,0.0117,Talbot shoreline complex - marsh and lagoonal facies,133,1.29985,2.5763000000000003,0,0,0,0,1,0,0,0,0,0
31.5,-81.6,OK,Major:{fine alluvium},2.588,0.0117,Pamlico shoreline complex - marsh and lagoonal facies,133,1.29985,2.5763000000000003,0,0,0,0,1,0,0,0,0,0
31.5,-81.5,OK,Major:{fine alluvium},2.588,0.0117,Pamlico shoreline complex - marsh and lagoonal facies,133,1.29985,2.5763000000000003,0,0,0,0,1,0,0,0,0,0
31.5,-81.4,OK,Major:{sand},2.588,0.0117,Pamlico shoreline complex - barrier island facies,133,1.29985,2.5763000000000003,0,0,0,0,1,0,0,0,0,0
31.5,-81.3,OK,Major:{fine alluvium},0.0117,0.0,Holocene Shoreline Complex - marsh and lagoonal facies,133,0.00585,0.0117,0,0,0,0,1,0,0,0,0,0
31.5,-81.2,OK,Major:{sand},0.0117,0.0,Holocene Shoreline Complex - barrier island facies,133,0.00585,0.0117,0,0,0,0,1,0,0,0,0,0
31.6,-85.0,OK,"sand,mud,clay,chalk",41.3,40.425,Middle Eocene sedimentary,7,40.8625,0.875,0,0,0,0,1,0,0,0,0,0
31.6,-84.9,OK,"sand,mud,clay,chalk",41.3,40.425,Middle Eocene sedimentary,7,40.8625,0.875,0,0,0,0,1,0,0,0,0,0
31.6,-84.8,OK,"sand,mud,clay,chalk",41.3,40.425,Middle Eocene sedimentary,7,40.8625,0.875,0,0,0,0,1,0,0,0,0,0
31.6,-84.7,OK,"sand,mud,clay,chalk",41.3,40.425,Middle Eocene sedimentary,7,40.8625,0.875,0,0,0,0,1,0,0,0,0,0
31.6,-84.6,OK,"sand,mud,clay,chalk",41.3,40.425,Middle Eocene sedimentary,7,40.8625,0.875,0,0,0,0,1,0,0,0,0,0
31.6,-84.5,OK,"sandstone, clay, chalk, limestone,",37.8,37.15,Late Eocene sedimentary,7,37.474999999999994,0.6499999999999986,0,0,0,1,1,0,0,0,0,0
31.6,-84.4,OK,"sandstone, clay, chalk, limestone,",37.8,37.15,Late Eocene sedimentary,7,37.474999999999994,0.6499999999999986,0,0,0,1,1,0,0,0,0,0
31.6,-84.3,OK,"sandstone, clay, chalk, limestone,",37.8,37.15,Late Eocene sedimentary,7,37.474999999999994,0.6499999999999986,0,0,0,1,1,0,0,0,0,0
31.6,-84.2,OK,"sandstone, clay, chalk, limestone,",37.8,37.15,Late Eocene sedimentary,7,37.474999999999994,0.6499999999999986,0,0,0,1,1,0,0,0,0,0
31.6,-84.1,OK,"sandstone, clay, chalk, limestone,",37.8,37.15,Late Eocene sedimentary,7,37.474999999999994,0.6499999999999986,0,0,0,1,1,0,0,0,0,0
31.6,-84.0,OK,"sandstone, clay, chalk, limestone,",37.8,37.15,Late Eocene sedimentary,7,37.474999999999994,0.6499999999999986,0,0,0,1,1,0,0,0,0,0
31.6,-83.9,OK,"Major:{sandstone,claystone}",17.6463,16.5288,Neogene undifferentiated,133,17.08755,1.1174999999999997,0,0,0,1,0,0,0,0,0,0
31.6,-83.8,OK,"Major:{sandstone,claystone}",17.6463,16.5288,Neogene undifferentiated,133,17.08755,1.1174999999999997,0,0,0,1,0,0,0,0,0,0
31.6,-83.7,OK,"Major:{sandstone,claystone}",17.6463,16.5288,Neogene undifferentiated,133,17.08755,1.1174999999999997,0,0,0,1,0,0,0,0,0,0
31.6,-83.6,OK,"Major:{sandstone,claystone}",17.6463,16.5288,Neogene undifferentiated,133,17.08755,1.1174999999999997,0,0,0,1,0,0,0,0,0,0
31.6,-83.5,OK,"Major:{sandstone,claystone}",17.6463,16.5288,Neogene undifferentiated,133,17.08755,1.1174999999999997,0,0,0,1,0,0,0,0,0,0
31.6,-83.4,OK,"Major:{sandstone,claystone}",17.6463,16.5288,Neogene undifferentiated,133,17.08755,1.1174999999999997,0,0,0,1,0,0,0,0,0,0
31.6,-83.3,OK,"Major:{sandstone,claystone}",17.6463,16.5288,Neogene undifferentiated,133,17.08755,1.1174999999999997,0,0,0,1,0,0,0,0,0,0
31.6,-83.2,OK,"Major:{sandstone,claystone}",17.6463,16.5288,Neogene undifferentiated,133,17.08755,1.1174999999999997,0,0,0,1,0,0,0,0,0,0
31.6,-83.1,OK,"Major:{sandstone,claystone}",17.6463,16.5288,Neogene undifferentiated,133,17.08755,1.1174999999999997,0,0,0,1,0,0,0,0,0,0
31.6,-83.0,OK,"Major:{sandstone,claystone}",17.6463,16.5288,Neogene undifferentiated,133,17.08755,1.1174999999999997,0,0,0,1,0,0,0,0,0,0
31.6,-82.9,OK,"Major:{sandstone,claystone}",17.6463,16.5288,Neogene undifferentiated,133,17.08755,1.1174999999999997,0,0,0,1,0,0,0,0,0,0
31.6,-82.8,OK,"Major:{sandstone,claystone}",17.6463,16.5288,Neogene undifferentiated,133,17.08755,1.1174999999999997,0,0,0,1,0,0,0,0,0,0
31.6,-82.7,OK,sedimentary,5.333,2.588,Pliocene sedimentary,7,3.9605,2.745,0,0,0,1,0,0,0,0,0,0
31.6,-82.6,OK,sedimentary,5.333,2.588,Pliocene sedimentary,7,3.9605,2.745,0,0,0,1,0,0,0,0,0,0
31.6,-82.5,OK,"Major:{sandstone,claystone}",17.6463,16.5288,Neogene undifferentiated,133,17.08755,1.1174999999999997,0,0,0,1,0,0,0,0,0,0
31.6,-82.4,OK,sedimentary,5.333,2.588,Pliocene sedimentary,7,3.9605,2.745,0,0,0,1,0,0,0,0,0,0
31.6,-82.3,OK,"Major:{sandstone,claystone}",17.6463,16.5288,Neogene undifferentiated,133,17.08755,1.1174999999999997,0,0,0,1,0,0,0,0,0,0
31.6,-82.2,OK,sedimentary,5.333,2.588,Pliocene sedimentary,7,3.9605,2.745,0,0,0,1,0,0,0,0,0,0
31.6,-82.1,OK,sedimentary,5.333,2.588,Pliocene sedimentary,7,3.9605,2.745,0,0,0,1,0,0,0,0,0,0
31.6,-82.0,OK,"Major:{sand,gravel}",5.333,0.0117,Pleistocene-Pliocene sands and gravels,133,2.6723500000000002,5.3213,0,0,0,0,1,0,0,0,0,0
31.6,-81.9,OK,Major:{fine alluvium},2.588,0.0117,Wicomico Shoreline Complex - marsh and lagoonal facies,133,1.29985,2.5763000000000003,0,0,0,0,1,0,0,0,0,0
31.6,-81.8,OK,Major:{fine alluvium},2.588,0.0117,Penholoway shoreline complex - marsh and lagoonal facies,133,1.29985,2.5763000000000003,0,0,0,0,1,0,0,0,0,0
31.6,-81.7,OK,Major:{fine alluvium},2.588,0.0117,Penholoway shoreline complex - marsh and lagoonal facies,133,1.29985,2.5763000000000003,0,0,0,0,1,0,0,0,0,0
31.6,-81.6,OK,Major:{sand},2.588,0.0117,Talbot shoreline complex - barrier island facies,133,1.29985,2.5763000000000003,0,0,0,0,1,0,0,0,0,0
31.6,-81.5,OK,Major:{fine alluvium},2.588,0.0117,Pamlico shoreline complex - marsh and lagoonal facies,133,1.29985,2.5763000000000003,0,0,0,0,1,0,0,0,0,0
31.6,-81.4,OK,Major:{fine alluvium},2.588,0.0117,Pamlico shoreline complex - marsh and lagoonal facies,133,1.29985,2.5763000000000003,0,0,0,0,1,0,0,0,0,0
31.6,-81.3,OK,Major:{fine alluvium},0.0117,0.0,Holocene Shoreline Complex - marsh and lagoonal facies,133,0.00585,0.0117,0,0,0,0,1,0,0,0,0,0
31.6,-81.2,OK,,,,water,133,,,0,0,0,0,0,0,0,0,0,0
31.7,-85.1,OK,sedimentary rocks,66.0,0.0,Cenozoic sedimentary rocks,154,33.0,66.0,0,0,0,1,0,0,0,0,0,0
31.7,-85.0,OK,"Major:{sand}, Minor:{marl}",56.8,56.0,Tuscahoma Sand,133,56.4,0.7999999999999972,0,0,0,1,1,0,0,0,0,0
31.7,-84.9,OK,"Major:{sand}, Minor:{marl}",56.8,56.0,Tuscahoma Sand,133,56.4,0.7999999999999972,0,0,0,1,1,0,0,0,0,0
31.7,-84.8,OK,"sand,mud,clay,chalk",41.3,40.425,Middle Eocene sedimentary,7,40.8625,0.875,0,0,0,0,1,0,0,0,0,0
31.7,-84.7,OK,"sand,mud,clay,chalk",41.3,40.425,Middle Eocene sedimentary,7,40.8625,0.875,0,0,0,0,1,0,0,0,0,0
31.7,-84.6,OK,"sand,mud,clay,chalk",41.3,40.425,Middle Eocene sedimentary,7,40.8625,0.875,0,0,0,0,1,0,0,0,0,0
31.7,-84.5,OK,"sandstone, clay, chalk, limestone,",37.8,37.15,Late Eocene sedimentary,7,37.474999999999994,0.6499999999999986,0,0,0,1,1,0,0,0,0,0
31.7,-84.4,OK,"sandstone, clay, chalk, limestone,",37.8,37.15,Late Eocene sedimentary,7,37.474999999999994,0.6499999999999986,0,0,0,1,1,0,0,0,0,0
31.7,-84.3,OK,"sandstone, clay, chalk, limestone,",37.8,37.15,Late Eocene sedimentary,7,37.474999999999994,0.6499999999999986,0,0,0,1,1,0,0,0,0,0
31.7,-84.2,OK,"sandstone, clay, chalk, limestone,",37.8,37.15,Late Eocene sedimentary,7,37.474999999999994,0.6499999999999986,0,0,0,1,1,0,0,0,0,0
31.7,-84.1,OK,"sandstone, clay, chalk, limestone,",37.8,37.15,Late Eocene sedimentary,7,37.474999999999994,0.6499999999999986,0,0,0,1,1,0,0,0,0,0
31.7,-84.0,OK,"sandstone, clay, chalk, limestone,",37.8,37.15,Late Eocene sedimentary,7,37.474999999999994,0.6499999999999986,0,0,0,1,1,0,0,0,0,0
31.7,-83.9,OK,Major:{limestone},31.9667,26.41,Suwannee Limestone and its residuum,133,29.18835,5.556699999999999,0,0,0,1,0,0,0,0,0,0
31.7,-83.8,OK,"Major:{sandstone,claystone}",17.6463,16.5288,Neogene undifferentiated,133,17.08755,1.1174999999999997,0,0,0,1,0,0,0,0,0,0
31.7,-83.7,OK,"Major:{sandstone,claystone}",17.6463,16.5288,Neogene undifferentiated,133,17.08755,1.1174999999999997,0,0,0,1,0,0,0,0,0,0
31.7,-83.6,OK,"Major:{sandstone,claystone}",17.6463,16.5288,Neogene undifferentiated,133,17.08755,1.1174999999999997,0,0,0,1,0,0,0,0,0,0
31.7,-83.5,OK,"Major:{sandstone,claystone}",17.6463,16.5288,Neogene undifferentiated,133,17.08755,1.1174999999999997,0,0,0,1,0,0,0,0,0,0
31.7,-83.4,OK,"Major:{sandstone,claystone}",17.6463,16.5288,Neogene undifferentiated,133,17.08755,1.1174999999999997,0,0,0,1,0,0,0,0,0,0
31.7,-83.3,OK,"Major:{sandstone,claystone}",17.6463,16.5288,Neogene undifferentiated,133,17.08755,1.1174999999999997,0,0,0,1,0,0,0,0,0,0
31.7,-83.2,OK,"Major:{sandstone,claystone}",17.6463,16.5288,Neogene undifferentiated,133,17.08755,1.1174999999999997,0,0,0,1,0,0,0,0,0,0
31.7,-83.1,OK,"Major:{sandstone,claystone}",17.6463,16.5288,Neogene undifferentiated,133,17.08755,1.1174999999999997,0,0,0,1,0,0,0,0,0,0
31.7,-83.0,OK,"Major:{sandstone,claystone}",17.6463,16.5288,Neogene undifferentiated,133,17.08755,1.1174999999999997,0,0,0,1,0,0,0,0,0,0
31.7,-82.9,OK,"Major:{sandstone,claystone}",17.6463,16.5288,Neogene undifferentiated,133,17.08755,1.1174999999999997,0,0,0,1,0,0,0,0,0,0
31.7,-82.8,OK,sedimentary,5.333,2.588,Pliocene sedimentary,7,3.9605,2.745,0,0,0,1,0,0,0,0,0,0
31.7,-82.7,OK,sedimentary,5.333,2.588,Pliocene sedimentary,7,3.9605,2.745,0,0,0,1,0,0,0,0,0,0
31.7,-82.6,OK,"Major:{sandstone,claystone}",17.6463,16.5288,Neogene undifferentiated,133,17.08755,1.1174999999999997,0,0,0,1,0,0,0,0,0,0
31.7,-82.5,OK,"Major:{sand,gravel}",5.333,0.0117,Pleistocene-Pliocene sands and gravels,133,2.6723500000000002,5.3213,0,0,0,0,1,0,0,0,0,0
31.7,-82.4,OK,sedimentary,5.333,2.588,Pliocene sedimentary,7,3.9605,2.745,0,0,0,1,0,0,0,0,0,0
31.7,-82.3,OK,sedimentary,5.333,2.588,Pliocene sedimentary,7,3.9605,2.745,0,0,0,1,0,0,0,0,0,0
31.7,-82.2,OK,sedimentary,5.333,2.588,Pliocene sedimentary,7,3.9605,2.745,0,0,0,1,0,0,0,0,0,0
31.7,-82.1,OK,sedimentary,5.333,2.588,Pliocene sedimentary,7,3.9605,2.745,0,0,0,1,0,0,0,0,0,0
31.7,-82.0,OK,sedimentary,5.333,2.588,Pliocene sedimentary,7,3.9605,2.745,0,0,0,1,0,0,0,0,0,0
31.7,-81.9,OK,"Major:{sandstone,claystone}",17.6463,16.5288,Neogene undifferentiated,133,17.08755,1.1174999999999997,0,0,0,1,0,0,0,0,0,0
31.7,-81.8,OK,Major:{fine alluvium},2.588,0.0,Stream alluvium,133,1.294,2.588,0,0,0,0,1,0,0,0,0,0
31.7,-81.7,OK,Major:{fine alluvium},2.588,0.0117,Wicomico Shoreline Complex - marsh and lagoonal facies,133,1.29985,2.5763000000000003,0,0,0,0,1,0,0,0,0,0
31.7,-81.6,OK,Major:{fine alluvium},2.588,0.0117,Talbot shoreline complex - marsh and lagoonal facies,133,1.29985,2.5763000000000003,0,0,0,0,1,0,0,0,0,0
31.7,-81.5,OK,Major:{fine alluvium},2.588,0.0117,Pamlico shoreline complex - marsh and lagoonal facies,133,1.29985,2.5763000000000003,0,0,0,0,1,0,0,0,0,0
31.7,-81.4,OK,Major:{fine alluvium},2.588,0.0117,Pamlico shoreline complex - marsh and lagoonal facies,133,1.29985,2.5763000000000003,0,0,0,0,1,0,0,0,0,0
31.7,-81.3,OK,sedimentary,2.588,0.0,Quaternary sedimentary,7,1.294,2.588,0,0,0,1,0,0,0,0,0,0
31.7,-81.2,OK,Major:{fine alluvium},0.0117,0.0,Holocene Shoreline Complex - marsh and lagoonal facies,133,0.00585,0.0117,0,0,0,0,1,0,0,0,0,0
31.8,-85.1,OK,"sand, chalk, mud",74.975,71.0833,Late Cretaceous sedimentary,7,73.02914999999999,3.8917,0,0,0,0,1,0,0,0,0,0
31.8,-85.0,OK,Major:{sand},67.22,66.61,Providence Sand,133,66.91499999999999,0.6099999999999994,0,0,0,0,1,0,0,0,0,0
31.8,-84.9,OK,"sand,mud,clay,chalk",56.8,49.85,Early Eocene sedimentary,7,53.325,6.949999999999996,0,0,0,0,1,0,0,0,0,0
31.8,-84.8,OK,"sand,mud,clay,chalk",41.3,40.425,Middle Eocene sedimentary,7,40.8625,0.875,0,0,0,0,1,0,0,0,0,0
31.8,-84.7,OK,"sand,mud,clay,chalk",41.3,40.425,Middle Eocene sedimentary,7,40.8625,0.875,0,0,0,0,1,0,0,0,0,0
31.8,-84.6,OK,"sand,mud,clay,chalk",41.3,40.425,Middle Eocene sedimentary,7,40.8625,0.875,0,0,0,0,1,0,0,0,0,0
31.8,-84.5,OK,"sand,mud,clay,chalk",41.3,40.425,Middle Eocene sedimentary,7,40.8625,0.875,0,0,0,0,1,0,0,0,0,0
31.8,-84.4,OK,"sandstone, clay, chalk, limestone,",37.8,37.15,Late Eocene sedimentary,7,37.474999999999994,0.6499999999999986,0,0,0,1,1,0,0,0,0,0
31.8,-84.3,OK,"sandstone, clay, chalk, limestone,",37.8,37.15,Late Eocene sedimentary,7,37.474999999999994,0.6499999999999986,0,0,0,1,1,0,0,0,0,0
31.8,-84.2,OK,"sandstone, clay, chalk, limestone,",37.8,37.15,Late Eocene sedimentary,7,37.474999999999994,0.6499999999999986,0,0,0,1,1,0,0,0,0,0
31.8,-84.1,OK,"sandstone, clay, chalk, limestone,",37.8,37.15,Late Eocene sedimentary,7,37.474999999999994,0.6499999999999986,0,0,0,1,1,0,0,0,0,0
31.8,-84.0,OK,"sandstone, clay, chalk, limestone,",37.8,37.15,Late Eocene sedimentary,7,37.474999999999994,0.6499999999999986,0,0,0,1,1,0,0,0,0,0
31.8,-83.9,OK,"sandstone, clay, chalk, limestone,",37.8,37.15,Late Eocene sedimentary,7,37.474999999999994,0.6499999999999986,0,0,0,1,1,0,0,0,0,0
31.8,-83.8,OK,Major:{limestone},31.9667,26.41,Suwannee Limestone and its residuum,133,29.18835,5.556699999999999,0,0,0,1,0,0,0,0,0,0
31.8,-83.7,OK,"Major:{sandstone,claystone}",17.6463,16.5288,Neogene undifferentiated,133,17.08755,1.1174999999999997,0,0,0,1,0,0,0,0,0,0
31.8,-83.6,OK,"Major:{sandstone,claystone}",17.6463,16.5288,Neogene undifferentiated,133,17.08755,1.1174999999999997,0,0,0,1,0,0,0,0,0,0
31.8,-83.5,OK,"Major:{sandstone,claystone}",17.6463,16.5288,Neogene undifferentiated,133,17.08755,1.1174999999999997,0,0,0,1,0,0,0,0,0,0
31.8,-83.4,OK,"Major:{sandstone,claystone}",17.6463,16.5288,Neogene undifferentiated,133,17.08755,1.1174999999999997,0,0,0,1,0,0,0,0,0,0
31.8,-83.3,OK,"Major:{sandstone,claystone}",17.6463,16.5288,Neogene undifferentiated,133,17.08755,1.1174999999999997,0,0,0,1,0,0,0,0,0,0
31.8,-83.2,OK,"Major:{sandstone,claystone}",17.6463,16.5288,Neogene undifferentiated,133,17.08755,1.1174999999999997,0,0,0,1,0,0,0,0,0,0
31.8,-83.1,OK,"Major:{sandstone,claystone}",17.6463,16.5288,Neogene undifferentiated,133,17.08755,1.1174999999999997,0,0,0,1,0,0,0,0,0,0
31.8,-83.0,OK,Major:{fine alluvium},2.588,0.0,Stream alluvium,133,1.294,2.588,0,0,0,0,1,0,0,0,0,0
31.8,-82.9,OK,Major:{fine alluvium},2.588,0.0,Stream alluvium,133,1.294,2.588,0,0,0,0,1,0,0,0,0,0
31.8,-82.8,OK,"Major:{sandstone,claystone}",17.6463,16.5288,Neogene undifferentiated,133,17.08755,1.1174999999999997,0,0,0,1,0,0,0,0,0,0
31.8,-82.7,OK,sedimentary,5.333,2.588,Pliocene sedimentary,7,3.9605,2.745,0,0,0,1,0,0,0,0,0,0
31.8,-82.6,OK,sedimentary,5.333,2.588,Pliocene sedimentary,7,3.9605,2.745,0,0,0,1,0,0,0,0,0,0
31.8,-82.5,OK,sedimentary,5.333,2.588,Pliocene sedimentary,7,3.9605,2.745,0,0,0,1,0,0,0,0,0,0
31.8,-82.4,OK,sedimentary,5.333,2.588,Pliocene sedimentary,7,3.9605,2.745,0,0,0,1,0,0,0,0,0,0
31.8,-82.3,OK,sedimentary,5.333,2.588,Pliocene sedimentary,7,3.9605,2.745,0,0,0,1,0,0,0,0,0,0
31.8,-82.2,OK,sedimentary,5.333,2.588,Pliocene sedimentary,7,3.9605,2.745,0,0,0,1,0,0,0,0,0,0
31.8,-82.1,OK,sedimentary,5.333,2.588,Pliocene sedimentary,7,3.9605,2.745,0,0,0,1,0,0,0,0,0,0
31.8,-82.0,OK,sedimentary,2.588,0.0,Quaternary sedimentary,7,1.294,2.588,0,0,0,1,0,0,0,0,0,0
31.8,-81.9,OK,Major:{fine alluvium},2.588,0.0117,Wicomico Shoreline Complex - marsh and lagoonal facies,133,1.29985,2.5763000000000003,0,0,0,0,1,0,0,0,0,0
31.8,-81.8,OK,Major:{fine alluvium},2.588,0.0117,Wicomico Shoreline Complex - marsh and lagoonal facies,133,1.29985,2.5763000000000003,0,0,0,0,1,0,0,0,0,0
31.8,-81.7,OK,Major:{fine alluvium},2.588,0.0117,Wicomico Shoreline Complex - marsh and lagoonal facies,133,1.29985,2.5763000000000003,0,0,0,0,1,0,0,0,0,0
31.8,-81.6,OK,Major:{sand},2.588,0.0117,Penholoway shoreline complex - barrier island facies,133,1.29985,2.5763000000000003,0,0,0,0,1,0,0,0,0,0
31.8,-81.5,OK,Major:{fine alluvium},2.588,0.0117,Pamlico shoreline complex - marsh and lagoonal facies,133,1.29985,2.5763000000000003,0,0,0,0,1,0,0,0,0,0
31.8,-81.4,OK,Major:{fine alluvium},2.588,0.0117,Pamlico shoreline complex - marsh and lagoonal facies,133,1.29985,2.5763000000000003,0,0,0,0,1,0,0,0,0,0
31.8,-81.3,OK,Major:{fine alluvium},0.0117,0.0,Holocene Shoreline Complex - marsh and lagoonal facies,133,0.00585,0.0117,0,0,0,0,1,0,0,0,0,0
31.8,-81.2,OK,Major:{fine alluvium},0.0117,0.0,Holocene Shoreline Complex - marsh and lagoonal facies,133,0.00585,0.0117,0,0,0,0,1,0,0,0,0,0
31.8,-81.1,OK,Major:{sand},2.588,0.0117,Silver Bluff shoreline complex,133,1.29985,2.5763000000000003,0,0,0,0,1,0,0,0,0,0
31.9,-85.1,OK,"Major:{clay,sand}, Minor:{limestone}, Incidental:{marl}",71.0833,70.0667,Ripley Formation,133,70.57499999999999,1.0165999999999968,0,0,0,1,1,0,0,0,0,0
31.9,-85.0,OK,Major:{sand},67.22,66.61,Providence Sand,133,66.91499999999999,0.6099999999999994,0,0,0,0,1,0,0,0,0,0
31.9,-84.9,OK,Major:{sand},67.22,66.61,Providence Sand,133,66.91499999999999,0.6099999999999994,0,0,0,0,1,0,0,0,0,0
31.9,-84.8,OK,"sand,mud,clay,chalk",56.8,49.85,Early Eocene sedimentary,7,53.325,6.949999999999996,0,0,0,0,1,0,0,0,0,0
31.9,-84.7,OK,"sand,mud,clay,chalk",41.3,40.425,Middle Eocene sedimentary,7,40.8625,0.875,0,0,0,0,1,0,0,0,0,0
31.9,-84.6,OK,"sand,mud,clay,chalk",41.3,40.425,Middle Eocene sedimentary,7,40.8625,0.875,0,0,0,0,1,0,0,0,0,0
31.9,-84.5,OK,"sand,mud,clay,chalk",41.3,40.425,Middle Eocene sedimentary,7,40.8625,0.875,0,0,0,0,1,0,0,0,0,0
31.9,-84.4,OK,"sand,mud,clay,chalk",41.3,40.425,Middle Eocene sedimentary,7,40.8625,0.875,0,0,0,0,1,0,0,0,0,0
31.9,-84.3,OK,"sand,mud,clay,chalk",41.3,40.425,Middle Eocene sedimentary,7,40.8625,0.875,0,0,0,0,1,0,0,0,0,0
31.9,-84.2,OK,"sandstone, clay, chalk, limestone,",37.8,37.15,Late Eocene sedimentary,7,37.474999999999994,0.6499999999999986,0,0,0,1,1,0,0,0,0,0
31.9,-84.1,OK,"sandstone, clay, chalk, limestone,",37.8,37.15,Late Eocene sedimentary,7,37.474999999999994,0.6499999999999986,0,0,0,1,1,0,0,0,0,0
31.9,-84.0,OK,"sandstone, clay, chalk, limestone,",37.8,37.15,Late Eocene sedimentary,7,37.474999999999994,0.6499999999999986,0,0,0,1,1,0,0,0,0,0
31.9,-83.9,OK,"sandstone, clay, chalk, limestone,",37.8,37.15,Late Eocene sedimentary,7,37.474999999999994,0.6499999999999986,0,0,0,1,1,0,0,0,0,0
31.9,-83.8,OK,Major:{limestone},31.9667,26.41,Suwannee Limestone and its residuum,133,29.18835,5.556699999999999,0,0,0,1,0,0,0,0,0,0
31.9,-83.7,OK,"Major:{sandstone,claystone}",17.6463,16.5288,Neogene undifferentiated,133,17.08755,1.1174999999999997,0,0,0,1,0,0,0,0,0,0
31.9,-83.6,OK,"Major:{sandstone,claystone}",17.6463,16.5288,Neogene undifferentiated,133,17.08755,1.1174999999999997,0,0,0,1,0,0,0,0,0,0
31.9,-83.5,OK,"Major:{sandstone,claystone}",17.6463,16.5288,Neogene undifferentiated,133,17.08755,1.1174999999999997,0,0,0,1,0,0,0,0,0,0
31.9,-83.4,OK,"Major:{sandstone,claystone}",17.6463,16.5288,Neogene undifferentiated,133,17.08755,1.1174999999999997,0,0,0,1,0,0,0,0,0,0
31.9,-83.3,OK,"Major:{sandstone,claystone}",17.6463,16.5288,Neogene undifferentiated,133,17.08755,1.1174999999999997,0,0,0,1,0,0,0,0,0,0
31.9,-83.2,OK,Major:{fine alluvium},2.588,0.0,Stream alluvium,133,1.294,2.588,0,0,0,0,1,0,0,0,0,0
31.9,-83.1,OK,"Major:{sandstone,claystone}",17.6463,17.0875,Neogene undifferentiated,133,17.3669,0.5588000000000015,0,0,0,1,0,0,0,0,0,0
31.9,-83.0,OK,"Major:{sandstone,claystone}",17.6463,17.0875,Neogene undifferentiated,133,17.3669,0.5588000000000015,0,0,0,1,0,0,0,0,0,0
31.9,-82.9,OK,"Major:{sandstone,claystone}",17.6463,17.0875,Neogene undifferentiated,133,17.3669,0.5588000000000015,0,0,0,1,0,0,0,0,0,0
31.9,-82.8,OK,"Major:{sandstone,claystone}",17.6463,17.0875,Neogene undifferentiated,133,17.3669,0.5588000000000015,0,0,0,1,0,0,0,0,0,0
31.9,-82.7,OK,Major:{fine alluvium},2.588,0.0,Stream alluvium,133,1.294,2.588,0,0,0,0,1,0,0,0,0,0
31.9,-82.6,OK,"Major:{sandstone,claystone}",17.6463,16.5288,Neogene undifferentiated,133,17.08755,1.1174999999999997,0,0,0,1,0,0,0,0,0,0
31.9,-82.5,OK,"Major:{sandstone,claystone}",17.6463,16.5288,Neogene undifferentiated,133,17.08755,1.1174999999999997,0,0,0,1,0,0,0,0,0,0
31.9,-82.4,OK,"Major:{sandstone,claystone}",17.6463,16.5288,Neogene undifferentiated,133,17.08755,1.1174999999999997,0,0,0,1,0,0,0,0,0,0
31.9,-82.3,OK,"Major:{sandstone,claystone}",17.6463,16.5288,Neogene undifferentiated,133,17.08755,1.1174999999999997,0,0,0,1,0,0,0,0,0,0
31.9,-82.2,OK,"Major:{sandstone,claystone}",17.6463,16.5288,Neogene undifferentiated,133,17.08755,1.1174999999999997,0,0,0,1,0,0,0,0,0,0
31.9,-82.1,OK,"Major:{sandstone,claystone}",17.6463,17.0875,Neogene undifferentiated,133,17.3669,0.5588000000000015,0,0,0,1,0,0,0,0,0,0
31.9,-82.0,OK,"Major:{sandstone,claystone}",17.6463,17.0875,Neogene undifferentiated,133,17.3669,0.5588000000000015,0,0,0,1,0,0,0,0,0,0
31.9,-81.9,OK,"Major:{sandstone,claystone}",17.6463,17.0875,Neogene undifferentiated,133,17.3669,0.5588000000000015,0,0,0,1,0,0,0,0,0,0
31.9,-81.8,OK,Major:{fine alluvium},2.588,0.0117,Wicomico Shoreline Complex - marsh and lagoonal facies,133,1.29985,2.5763000000000003,0,0,0,0,1,0,0,0,0,0
31.9,-81.7,OK,Major:{fine alluvium},2.588,0.0117,Wicomico Shoreline Complex - marsh and lagoonal facies,133,1.29985,2.5763000000000003,0,0,0,0,1,0,0,0,0,0
31.9,-81.6,OK,Major:{sand},2.588,0.0117,Penholoway shoreline complex - barrier island facies,133,1.29985,2.5763000000000003,0,0,0,0,1,0,0,0,0,0
31.9,-81.5,OK,Major:{fine alluvium},2.588,0.0117,Talbot shoreline complex - marsh and lagoonal facies,133,1.29985,2.5763000000000003,0,0,0,0,1,0,0,0,0,0
31.9,-81.4,OK,Major:{fine alluvium},2.588,0.0117,Pamlico shoreline complex - marsh and lagoonal facies,133,1.29985,2.5763000000000003,0,0,0,0,1,0,0,0,0,0
31.9,-81.3,OK,Major:{fine alluvium},2.588,0.0117,Pamlico shoreline complex - marsh and lagoonal facies,133,1.29985,2.5763000000000003,0,0,0,0,1,0,0,0,0,0
31.9,-81.2,OK,Major:{fine alluvium},0.0117,0.0,Holocene Shoreline Complex - marsh and lagoonal facies,133,0.00585,0.0117,0,0,0,0,1,0,0,0,0,0
31.9,-81.1,OK,,,,water,133,,,0,0,0,0,0,0,0,0,0,0
31.9,-81.0,OK,Major:{fine alluvium},0.0117,0.0,Holocene Shoreline Complex - marsh and lagoonal facies,133,0.00585,0.0117,0,0,0,0,1,0,0,0,0,0
32.0,-85.0,OK,"Major:{clay,sand}, Minor:{limestone}, Incidental:{marl}",71.0833,70.0667,Ripley Formation,133,70.57499999999999,1.0165999999999968,0,0,0,1,1,0,0,0,0,0
32.0,-84.9,OK,Major:{sand},67.22,66.61,Providence Sand,133,66.91499999999999,0.6099999999999994,0,0,0,0,1,0,0,0,0,0
32.0,-84.8,OK,Major:{sand},67.22,66.61,Providence Sand,133,66.91499999999999,0.6099999999999994,0,0,0,0,1,0,0,0,0,0
32.0,-84.7,OK,"sand,mud,clay,chalk",56.8,49.85,Early Eocene sedimentary,7,53.325,6.949999999999996,0,0,0,0,1,0,0,0,0,0
32.0,-84.6,OK,"Major:{sand}, Minor:{marl}",56.8,56.0,Tuscahoma Sand,133,56.4,0.7999999999999972,0,0,0,1,1,0,0,0,0,0
32.0,-84.5,OK,"Major:{sand}, Minor:{marl}",56.8,56.0,Tuscahoma Sand,133,56.4,0.7999999999999972,0,0,0,1,1,0,0,0,0,0
32.0,-84.4,OK,"sand,mud,clay,chalk",41.3,40.425,Middle Eocene sedimentary,7,40.8625,0.875,0,0,0,0,1,0,0,0,0,0
32.0,-84.3,OK,"sand,mud,clay,chalk",41.3,40.425,Middle Eocene sedimentary,7,40.8625,0.875,0,0,0,0,1,0,0,0,0,0
32.0,-84.2,OK,"sand,mud,clay,chalk",41.3,40.425,Middle Eocene sedimentary,7,40.8625,0.875,0,0,0,0,1,0,0,0,0,0
32.0,-84.1,OK,"sandstone, clay, chalk, limestone,",37.8,37.15,Late Eocene sedimentary,7,37.474999999999994,0.6499999999999986,0,0,0,1,1,0,0,0,0,0
32.0,-84.0,OK,"sandstone, clay, chalk, limestone,",37.8,37.15,Late Eocene sedimentary,7,37.474999999999994,0.6499999999999986,0,0,0,1,1,0,0,0,0,0
32.0,-83.9,OK,"sandstone, clay, chalk, limestone,",37.8,37.15,Late Eocene sedimentary,7,37.474999999999994,0.6499999999999986,0,0,0,1,1,0,0,0,0,0
32.0,-83.8,OK,Major:{limestone},36.045,33.9,Ocala Limestone,133,34.9725,2.145000000000003,0,0,0,1,0,0,0,0,0,0
32.0,-83.7,OK,Major:{limestone},31.9667,26.41,Suwannee Limestone and its residuum,133,29.18835,5.556699999999999,0,0,0,1,0,0,0,0,0,0
32.0,-83.6,OK,"Major:{sandstone,claystone}",17.6463,16.5288,Neogene undifferentiated,133,17.08755,1.1174999999999997,0,0,0,1,0,0,0,0,0,0
32.0,-83.5,OK,"Major:{sandstone,claystone}",17.6463,16.5288,Neogene undifferentiated,133,17.08755,1.1174999999999997,0,0,0,1,0,0,0,0,0,0
32.0,-83.4,OK,"Major:{sandstone,claystone}",17.6463,16.5288,Neogene undifferentiated,133,17.08755,1.1174999999999997,0,0,0,1,0,0,0,0,0,0
32.0,-83.3,OK,"Major:{sandstone,claystone}",17.6463,16.5288,Neogene undifferentiated,133,17.08755,1.1174999999999997,0,0,0,1,0,0,0,0,0,0
32.0,-83.2,OK,"Major:{sandstone,claystone}",17.6463,17.0875,Neogene undifferentiated,133,17.3669,0.5588000000000015,0,0,0,1,0,0,0,0,0,0
32.0,-83.1,OK,"Major:{sandstone,claystone}",17.6463,17.0875,Neogene undifferentiated,133,17.3669,0.5588000000000015,0,0,0,1,0,0,0,0,0,0
32.0,-83.0,OK,"Major:{sandstone,claystone}",17.6463,17.0875,Neogene undifferentiated,133,17.3669,0.5588000000000015,0,0,0,1,0,0,0,0,0,0
32.0,-82.9,OK,"Major:{sandstone,claystone}",17.6463,17.0875,Neogene undifferentiated,133,17.3669,0.5588000000000015,0,0,0,1,0,0,0,0,0,0
32.0,-82.8,OK,"Major:{sandstone,claystone}",17.6463,17.0875,Neogene undifferentiated,133,17.3669,0.5588000000000015,0,0,0,1,0,0,0,0,0,0
32.0,-82.7,OK,"Major:{sandstone,claystone}",17.6463,17.0875,Neogene undifferentiated,133,17.3669,0.5588000000000015,0,0,0,1,0,0,0,0,0,0
32.0,-82.6,OK,Major:{fine alluvium},2.588,0.0,Stream alluvium,133,1.294,2.588,0,0,0,0,1,0,0,0,0,0
32.0,-82.5,OK,"Major:{sandstone,claystone}",17.6463,17.0875,Neogene undifferentiated,133,17.3669,0.5588000000000015,0,0,0,1,0,0,0,0,0,0
32.0,-82.4,OK,"Major:{sandstone,claystone}",17.6463,17.0875,Neogene undifferentiated,133,17.3669,0.5588000000000015,0,0,0,1,0,0,0,0,0,0
32.0,-82.3,OK,"Major:{sandstone,claystone}",17.6463,17.0875,Neogene undifferentiated,133,17.3669,0.5588000000000015,0,0,0,1,0,0,0,0,0,0
32.0,-82.2,OK,"Major:{sand,gravel}",5.333,0.0117,Pleistocene-Pliocene sands and gravels,133,2.6723500000000002,5.3213,0,0,0,0,1,0,0,0,0,0
32.0,-82.1,OK,"Major:{sandstone,claystone}",17.6463,17.0875,Neogene undifferentiated,133,17.3669,0.5588000000000015,0,0,0,1,0,0,0,0,0,0
32.0,-82.0,OK,sedimentary,5.333,2.588,Pliocene sedimentary,7,3.9605,2.745,0,0,0,1,0,0,0,0,0,0
32.0,-81.9,OK,"Major:{sandstone,claystone}",17.6463,17.0875,Neogene undifferentiated,133,17.3669,0.5588000000000015,0,0,0,1,0,0,0,0,0,0
32.0,-81.8,OK,Major:{fine alluvium},2.588,0.0117,Wicomico Shoreline Complex - marsh and lagoonal facies,133,1.29985,2.5763000000000003,0,0,0,0,1,0,0,0,0,0
32.0,-81.7,OK,Major:{fine alluvium},2.588,0.0117,Wicomico Shoreline Complex - marsh and lagoonal facies,133,1.29985,2.5763000000000003,0,0,0,0,1,0,0,0,0,0
32.0,-81.6,OK,Major:{fine alluvium},2.588,0.0117,Wicomico Shoreline Complex - marsh and lagoonal facies,133,1.29985,2.5763000000000003,0,0,0,0,1,0,0,0,0,0
32.0,-81.5,OK,Major:{fine alluvium},2.588,0.0117,Talbot shoreline complex - marsh and lagoonal facies,133,1.29985,2.5763000000000003,0,0,0,0,1,0,0,0,0,0
32.0,-81.4,OK,Major:{fine alluvium},2.588,0.0117,Pamlico shoreline complex - marsh and lagoonal facies,133,1.29985,2.5763000000000003,0,0,0,0,1,0,0,0,0,0
32.0,-81.3,OK,Major:{fine alluvium},0.0117,0.0,Holocene Shoreline Complex - marsh and lagoonal facies,133,0.00585,0.0117,0,0,0,0,1,0,0,0,0,0
32.0,-81.2,OK,Major:{fine alluvium},2.588,0.0117,Pamlico shoreline complex - marsh and lagoonal facies,133,1.29985,2.5763000000000003,0,0,0,0,1,0,0,0,0,0
32.0,-81.1,OK,Major:{fine alluvium},2.588,0.0117,Princess Anne shoreline complex - marsh and lagoonal facies,133,1.29985,2.5763000000000003,0,0,0,0,1,0,0,0,0,0
32.0,-81.0,OK,Major:{fine alluvium},0.0117,0.0,Holocene Shoreline Complex - marsh and lagoonal facies,133,0.00585,0.0117,0,0,0,0,1,0,0,0,0,0
32.0,-80.9,OK,Major:{fine alluvium},0.0117,0.0,Holocene Shoreline Complex - marsh and lagoonal facies,133,0.00585,0.0117,0,0,0,0,1,0,0,0,0,0
32.1,-85.0,OK,"sand, chalk, mud",74.975,71.0833,Late Cretaceous sedimentary,7,73.02914999999999,3.8917,0,0,0,0,1,0,0,0,0,0
32.1,-84.9,OK,"Major:{clay,sand}, Minor:{limestone}, Incidental:{marl}",71.0833,70.0667,Ripley Formation,133,70.57499999999999,1.0165999999999968,0,0,0,1,1,0,0,0,0,0
32.1,-84.8,OK,"Major:{clay,sand}, Minor:{limestone}, Incidental:{marl}",71.0833,70.0667,Ripley Formation,133,70.57499999999999,1.0165999999999968,0,0,0,1,1,0,0,0,0,0
32.1,-84.7,OK,"Major:{clay,sand}, Minor:{limestone}, Incidental:{marl}",71.0833,70.0667,Ripley Formation,133,70.57499999999999,1.0165999999999968,0,0,0,1,1,0,0,0,0,0
32.1,-84.6,OK,"Major:{clay,sand}",64.9,56.8,"Nanafalia, Porters Creek, and Clayton Formations, undifferentiated",133,60.85,8.100000000000009,0,0,0,0,1,0,0,0,0,0
32.1,-84.5,OK,Major:{sand},67.22,66.61,Providence Sand,133,66.91499999999999,0.6099999999999994,0,0,0,0,1,0,0,0,0,0
32.1,-84.4,OK,"Major:{clay,sand}",64.9,56.8,"Nanafalia, Porters Creek, and Clayton Formations, undifferentiated",133,60.85,8.100000000000009,0,0,0,0,1,0,0,0,0,0
32.1,-84.3,OK,sedimentary,66.0,56.0,Paleocene sedimentary,7,61.0,10.0,0,0,0,1,0,0,0,0,0,0
32.1,-84.2,OK,"sand,mud,clay,chalk",41.3,40.425,Middle Eocene sedimentary,7,40.8625,0.875,0,0,0,0,1,0,0,0,0,0
32.1,-84.1,OK,"sand,mud,clay,chalk",41.3,40.425,Middle Eocene sedimentary,7,40.8625,0.875,0,0,0,0,1,0,0,0,0,0
32.1,-84.0,OK,"sand,mud,clay,chalk",41.3,40.425,Middle Eocene sedimentary,7,40.8625,0.875,0,0,0,0,1,0,0,0,0,0
32.1,-83.9,OK,"sandstone, clay, chalk, limestone,",37.8,37.15,Late Eocene sedimentary,7,37.474999999999994,0.6499999999999986,0,0,0,1,1,0,0,0,0,0
32.1,-83.8,OK,Major:{limestone},31.9667,26.41,Suwannee Limestone and its residuum,133,29.18835,5.556699999999999,0,0,0,1,0,0,0,0,0,0
32.1,-83.7,OK,Major:{limestone},31.9667,26.41,Suwannee Limestone and its residuum,133,29.18835,5.556699999999999,0,0,0,1,0,0,0,0,0,0
32.1,-83.6,OK,Major:{limestone},31.9667,26.41,Suwannee Limestone and its residuum,133,29.18835,5.556699999999999,0,0,0,1,0,0,0,0,0,0
32.1,-83.5,OK,Major:{limestone},31.9667,26.41,Suwannee Limestone and its residuum,133,29.18835,5.556699999999999,0,0,0,1,0,0,0,0,0,0
32.1,-83.4,OK,Major:{limestone},31.9667,26.41,Suwannee Limestone and its residuum,133,29.18835,5.556699999999999,0,0,0,1,0,0,0,0,0,0
32.1,-83.3,OK,Major:{limestone},31.9667,28.1,Suwannee Limestone and its residuum,133,30.03335,3.866699999999998,0,0,0,1,0,0,0,0,0,0
32.1,-83.2,OK,"Major:{sandstone,claystone}",17.6463,17.0875,Neogene undifferentiated,133,17.3669,0.5588000000000015,0,0,0,1,0,0,0,0,0,0
32.1,-83.1,OK,"Major:{sandstone,claystone}",17.6463,17.0875,Neogene undifferentiated,133,17.3669,0.5588000000000015,0,0,0,1,0,0,0,0,0,0
32.1,-83.0,OK,"Major:{sandstone,claystone}",17.6463,17.0875,Neogene undifferentiated,133,17.3669,0.5588000000000015,0,0,0,1,0,0,0,0,0,0
32.1,-82.9,OK,"Major:{sandstone,claystone}",17.6463,17.0875,Neogene undifferentiated,133,17.3669,0.5588000000000015,0,0,0,1,0,0,0,0,0,0
32.1,-82.8,OK,"Major:{sandstone,claystone}",17.6463,17.0875,Neogene undifferentiated,133,17.3669,0.5588000000000015,0,0,0,1,0,0,0,0,0,0
32.1,-82.7,OK,Major:{sand},2.588,0.0,Aeolian sand deposits - parabolic dunes,133,1.294,2.588,0,0,0,0,1,0,0,0,0,0
32.1,-82.6,OK,Major:{fine alluvium},2.588,0.0,Stream alluvium,133,1.294,2.588,0,0,0,0,1,0,0,0,0,0
32.1,-82.5,OK,"Major:{sandstone,claystone}",17.6463,17.0875,Neogene undifferentiated,133,17.3669,0.5588000000000015,0,0,0,1,0,0,0,0,0,0
32.1,-82.4,OK,"Major:{sandstone,claystone}",17.6463,17.0875,Neogene undifferentiated,133,17.3669,0.5588000000000015,0,0,0,1,0,0,0,0,0,0
32.1,-82.3,OK,"Major:{sandstone,claystone}",17.6463,17.0875,Neogene undifferentiated,133,17.3669,0.5588000000000015,0,0,0,1,0,0,0,0,0,0
32.1,-82.2,OK,"Major:{sandstone,claystone}",17.6463,17.0875,Neogene undifferentiated,133,17.3669,0.5588000000000015,0,0,0,1,0,0,0,0,0,0
32.1,-82.1,OK,"Major:{sandstone,claystone}",17.6463,17.0875,Neogene undifferentiated,133,17.3669,0.5588000000000015,0,0,0,1,0,0,0,0,0,0
32.1,-82.0,OK,"Major:{sandstone,claystone}",17.6463,17.0875,Neogene undifferentiated,133,17.3669,0.5588000000000015,0,0,0,1,0,0,0,0,0,0
32.1,-81.9,OK,sedimentary,5.333,2.588,Pliocene sedimentary,7,3.9605,2.745,0,0,0,1,0,0,0,0,0,0
32.1,-81.8,OK,"Major:{sandstone,claystone}",17.6463,17.0875,Neogene undifferentiated,133,17.3669,0.5588000000000015,0,0,0,1,0,0,0,0,0,0
32.1,-81.7,OK,Major:{fine alluvium},2.588,0.0117,Wicomico Shoreline Complex - marsh and lagoonal facies,133,1.29985,2.5763000000000003,0,0,0,0,1,0,0,0,0,0
32.1,-81.6,OK,Major:{fine alluvium},2.588,0.0117,Wicomico Shoreline Complex - marsh and lagoonal facies,133,1.29985,2.5763000000000003,0,0,0,0,1,0,0,0,0,0
32.1,-81.5,OK,Major:{fine alluvium},2.588,0.0117,Wicomico Shoreline Complex - marsh and lagoonal facies,133,1.29985,2.5763000000000003,0,0,0,0,1,0,0,0,0,0
32.1,-81.4,OK,Major:{fine alluvium},2.588,0.0,Stream alluvium,133,1.294,2.588,0,0,0,0,1,0,0,0,0,0
32.1,-81.3,OK,Major:{fine alluvium},2.588,0.0117,Pamlico shoreline complex - marsh and lagoonal facies,133,1.29985,2.5763000000000003,0,0,0,0,1,0,0,0,0,0
32.1,-81.2,OK,Major:{fine alluvium},2.588,0.0117,Pamlico shoreline complex - marsh and lagoonal facies,133,1.29985,2.5763000000000003,0,0,0,0,1,0,0,0,0,0
32.1,-81.1,OK,sedimentary,2.588,0.0,Quaternary sedimentary,7,1.294,2.588,0,0,0,1,0,0,0,0,0,0
32.1,-81.0,OK,"Major:{peat}, Minor:{silt,sand,clay}",2.588,0.0,Tidal Marsh,133,1.294,2.588,0,0,0,0,1,0,0,0,0,0
32.2,-84.9,OK,"sand, chalk, mud",74.975,71.0833,Late Cretaceous sedimentary,7,73.02914999999999,3.8917,0,0,0,0,1,0,0,0,0,0
32.2,-84.8,OK,"sand, chalk, mud",74.975,71.0833,Late Cretaceous sedimentary,7,73.02914999999999,3.8917,0,0,0,0,1,0,0,0,0,0
32.2,-84.7,OK,Major:{sand},67.22,66.61,Providence Sand,133,66.91499999999999,0.6099999999999994,0,0,0,0,1,0,0,0,0,0
32.2,-84.6,OK,"Major:{clay,sand}, Minor:{limestone}, Incidental:{marl}",71.0833,70.0667,Ripley Formation,133,70.57499999999999,1.0165999999999968,0,0,0,1,1,0,0,0,0,0
32.2,-84.5,OK,"sand, chalk, mud",74.975,71.0833,Late Cretaceous sedimentary,7,73.02914999999999,3.8917,0,0,0,0,1,0,0,0,0,0
32.2,-84.4,OK,sedimentary,66.0,56.0,Paleocene sedimentary,7,61.0,10.0,0,0,0,1,0,0,0,0,0,0
32.2,-84.3,OK,"Major:{sand,clay}",58.4,56.8,Nanafalia Formation,133,57.599999999999994,1.6000000000000014,0,0,0,0,1,0,0,0,0,0
32.2,-84.2,OK,sedimentary,66.0,56.0,Paleocene sedimentary,7,61.0,10.0,0,0,0,1,0,0,0,0,0,0
32.2,-84.1,OK,sedimentary,66.0,56.0,Paleocene sedimentary,7,61.0,10.0,0,0,0,1,0,0,0,0,0,0
32.2,-84.0,OK,"sand,mud,clay,chalk",41.3,40.425,Middle Eocene sedimentary,7,40.8625,0.875,0,0,0,0,1,0,0,0,0,0
32.2,-83.9,OK,"sand,mud,clay,chalk",41.3,40.425,Middle Eocene sedimentary,7,40.8625,0.875,0,0,0,0,1,0,0,0,0,0
32.2,-83.8,OK,"sandstone, clay, chalk, limestone,",37.8,37.15,Late Eocene sedimentary,7,37.474999999999994,0.6499999999999986,0,0,0,1,1,0,0,0,0,0
32.2,-83.7,OK,Major:{limestone},31.9667,26.41,Suwannee Limestone and its residuum,133,29.18835,5.556699999999999,0,0,0,1,0,0,0,0,0,0
32.2,-83.6,OK,Major:{limestone},31.9667,26.41,Suwannee Limestone and its residuum,133,29.18835,5.556699999999999,0,0,0,1,0,0,0,0,0,0
32.2,-83.5,OK,Major:{limestone},31.9667,26.41,Suwannee Limestone and its residuum,133,29.18835,5.556699999999999,0,0,0,1,0,0,0,0,0,0
32.2,-83.4,OK,Major:{limestone},31.9667,28.1,Suwannee Limestone and its residuum,133,30.03335,3.866699999999998,0,0,0,1,0,0,0,0,0,0
32.2,-83.3,OK,"Major:{sandstone,claystone}",17.6463,17.0875,Neogene undifferentiated,133,17.3669,0.5588000000000015,0,0,0,1,0,0,0,0,0,0
32.2,-83.2,OK,"Major:{sandstone,claystone}",17.6463,17.0875,Neogene undifferentiated,133,17.3669,0.5588000000000015,0,0,0,1,0,0,0,0,0,0
32.2,-83.1,OK,"Major:{sandstone,claystone}",17.6463,17.0875,Neogene undifferentiated,133,17.3669,0.5588000000000015,0,0,0,1,0,0,0,0,0,0
32.2,-83.0,OK,"Major:{sandstone,claystone}",17.6463,17.0875,Neogene undifferentiated,133,17.3669,0.5588000000000015,0,0,0,1,0,0,0,0,0,0
32.2,-82.9,OK,"Major:{sandstone,claystone}",17.6463,17.0875,Neogene undifferentiated,133,17.3669,0.5588000000000015,0,0,0,1,0,0,0,0,0,0
32.2,-82.8,OK,"Major:{sandstone,claystone}",17.6463,17.0875,Neogene undifferentiated,133,17.3669,0.5588000000000015,0,0,0,1,0,0,0,0,0,0
32.2,-82.7,OK,"Major:{sandstone,claystone}",17.6463,17.0875,Neogene undifferentiated,133,17.3669,0.5588000000000015,0,0,0,1,0,0,0,0,0,0
32.2,-82.6,OK,"Major:{sandstone,claystone}",17.6463,17.0875,Neogene undifferentiated,133,17.3669,0.5588000000000015,0,0,0,1,0,0,0,0,0,0
32.2,-82.5,OK,"Major:{sandstone,claystone}",17.6463,17.0875,Neogene undifferentiated,133,17.3669,0.5588000000000015,0,0,0,1,0,0,0,0,0,0
32.2,-82.4,OK,"Major:{sandstone,claystone}",17.6463,17.0875,Neogene undifferentiated,133,17.3669,0.5588000000000015,0,0,0,1,0,0,0,0,0,0
32.2,-82.3,OK,"Major:{sandstone,claystone}",17.6463,17.0875,Neogene undifferentiated,133,17.3669,0.5588000000000015,0,0,0,1,0,0,0,0,0,0
32.2,-82.2,OK,"Major:{sandstone,claystone}",17.6463,17.0875,Neogene undifferentiated,133,17.3669,0.5588000000000015,0,0,0,1,0,0,0,0,0,0
32.2,-82.1,OK,"Major:{sandstone,claystone}",17.6463,17.0875,Neogene undifferentiated,133,17.3669,0.5588000000000015,0,0,0,1,0,0,0,0,0,0
32.2,-82.0,OK,"Major:{sandstone,claystone}",17.6463,17.0875,Neogene undifferentiated,133,17.3669,0.5588000000000015,0,0,0,1,0,0,0,0,0,0
32.2,-81.9,OK,"Major:{sandstone,claystone}",17.6463,17.0875,Neogene undifferentiated,133,17.3669,0.5588000000000015,0,0,0,1,0,0,0,0,0,0
32.2,-81.8,OK,"Major:{sandstone,claystone}",17.6463,17.0875,Neogene undifferentiated,133,17.3669,0.5588000000000015,0,0,0,1,0,0,0,0,0,0
32.2,-81.7,OK,sedimentary,2.588,0.0,Quaternary sedimentary,7,1.294,2.588,0,0,0,1,0,0,0,0,0,0
32.2,-81.6,OK,Major:{fine alluvium},2.588,0.0117,Wicomico Shoreline Complex - marsh and lagoonal facies,133,1.29985,2.5763000000000003,0,0,0,0,1,0,0,0,0,0
32.2,-81.5,OK,Major:{fine alluvium},2.588,0.0117,Wicomico Shoreline Complex - marsh and lagoonal facies,133,1.29985,2.5763000000000003,0,0,0,0,1,0,0,0,0,0
32.2,-81.4,OK,Major:{fine alluvium},2.588,0.0117,Penholoway shoreline complex - marsh and lagoonal facies,133,1.29985,2.5763000000000003,0,0,0,0,1,0,0,0,0,0
32.2,-81.3,OK,Major:{fine alluvium},2.588,0.0117,Penholoway shoreline complex - marsh and lagoonal facies,133,1.29985,2.5763000000000003,0,0,0,0,1,0,0,0,0,0
32.2,-81.2,OK,Major:{fine alluvium},2.588,0.0117,Pamlico shoreline complex - marsh and lagoonal facies,133,1.29985,2.5763000000000003,0,0,0,0,1,0,0,0,0,0
32.3,-84.9,OK,"Major:{clay,sand}",84.275,74.975,Blufftown Formation,133,79.625,9.300000000000011,0,0,0,0,1,0,0,0,0,0
32.3,-84.8,OK,"sand, chalk, mud",74.975,71.0833,Late Cretaceous sedimentary,7,73.02914999999999,3.8917,0,0,0,0,1,0,0,0,0,0
32.3,-84.7,OK,"Major:{clay,sand}, Minor:{limestone}, Incidental:{marl}",71.0833,70.0667,Ripley Formation,133,70.57499999999999,1.0165999999999968,0,0,0,1,1,0,0,0,0,0
32.3,-84.6,OK,"Major:{clay,sand}, Minor:{limestone}, Incidental:{marl}",71.0833,70.0667,Ripley Formation,133,70.57499999999999,1.0165999999999968,0,0,0,1,1,0,0,0,0,0
32.3,-84.5,OK,Major:{sand},67.22,66.61,Providence Sand,133,66.91499999999999,0.6099999999999994,0,0,0,0,1,0,0,0,0,0
32.3,-84.4,OK,Major:{sand},67.22,66.61,Providence Sand,133,66.91499999999999,0.6099999999999994,0,0,0,0,1,0,0,0,0,0
32.3,-84.3,OK,Major:{sand},67.22,66.61,Providence Sand,133,66.91499999999999,0.6099999999999994,0,0,0,0,1,0,0,0,0,0
32.3,-84.2,OK,Major:{sand},67.22,66.61,Providence Sand,133,66.91499999999999,0.6099999999999994,0,0,0,0,1,0,0,0,0,0
32.3,-84.1,OK,Major:{sand},67.22,66.61,Providence Sand,133,66.91499999999999,0.6099999999999994,0,0,0,0,1,0,0,0,0,0
32.3,-84.0,OK,sedimentary,66.0,56.0,Paleocene sedimentary,7,61.0,10.0,0,0,0,1,0,0,0,0,0,0
32.3,-83.9,OK,"sand,mud,clay,chalk",41.3,40.425,Middle Eocene sedimentary,7,40.8625,0.875,0,0,0,0,1,0,0,0,0,0
32.3,-83.8,OK,"sandstone, clay, chalk, limestone,",37.8,37.15,Late Eocene sedimentary,7,37.474999999999994,0.6499999999999986,0,0,0,1,1,0,0,0,0,0
32.3,-83.7,OK,"sandstone, clay, chalk, limestone,",37.8,37.15,Late Eocene sedimentary,7,37.474999999999994,0.6499999999999986,0,0,0,1,1,0,0,0,0,0
32.3,-83.6,OK,Major:{limestone},31.9667,26.41,Suwannee Limestone and its residuum,133,29.18835,5.556699999999999,0,0,0,1,0,0,0,0,0,0
32.3,-83.5,OK,Major:{limestone},31.9667,26.41,Suwannee Limestone and its residuum,133,29.18835,5.556699999999999,0,0,0,1,0,0,0,0,0,0
32.3,-83.4,OK,Major:{limestone},31.9667,28.1,Suwannee Limestone and its residuum,133,30.03335,3.866699999999998,0,0,0,1,0,0,0,0,0,0
32.3,-83.3,OK,"Major:{sandstone,claystone}",17.6463,17.0875,Neogene undifferentiated,133,17.3669,0.5588000000000015,0,0,0,1,0,0,0,0,0,0
32.3,-83.2,OK,"Major:{sandstone,claystone}",17.6463,17.0875,Neogene undifferentiated,133,17.3669,0.5588000000000015,0,0,0,1,0,0,0,0,0,0
32.3,-83.1,OK,"Major:{sandstone,claystone}",17.6463,17.0875,Neogene undifferentiated,133,17.3669,0.5588000000000015,0,0,0,1,0,0,0,0,0,0
32.3,-83.0,OK,"Major:{sandstone,claystone}",17.6463,17.0875,Neogene undifferentiated,133,17.3669,0.5588000000000015,0,0,0,1,0,0,0,0,0,0
32.3,-82.9,OK,"Major:{sandstone,claystone}",17.6463,17.0875,Neogene undifferentiated,133,17.3669,0.5588000000000015,0,0,0,1,0,0,0,0,0,0
32.3,-82.8,OK,"Major:{sandstone,claystone}",17.6463,17.0875,Neogene undifferentiated,133,17.3669,0.5588000000000015,0,0,0,1,0,0,0,0,0,0
32.3,-82.7,OK,Major:{fine alluvium},2.588,0.0,Stream alluvium,133,1.294,2.588,0,0,0,0,1,0,0,0,0,0
32.3,-82.6,OK,"Major:{sandstone,claystone}",17.6463,17.0875,Neogene undifferentiated,133,17.3669,0.5588000000000015,0,0,0,1,0,0,0,0,0,0
32.3,-82.5,OK,"Major:{sandstone,claystone}",17.6463,17.0875,Neogene undifferentiated,133,17.3669,0.5588000000000015,0,0,0,1,0,0,0,0,0,0
32.3,-82.4,OK,"Major:{sandstone,claystone}",17.6463,17.0875,Neogene undifferentiated,133,17.3669,0.5588000000000015,0,0,0,1,0,0,0,0,0,0
32.3,-82.3,OK,"Major:{sandstone,claystone}",17.6463,17.0875,Neogene undifferentiated,133,17.3669,0.5588000000000015,0,0,0,1,0,0,0,0,0,0
32.3,-82.2,OK,"Major:{sandstone,claystone}",17.6463,17.0875,Neogene undifferentiated,133,17.3669,0.5588000000000015,0,0,0,1,0,0,0,0,0,0
32.3,-82.1,OK,"Major:{sandstone,claystone}",17.6463,17.0875,Neogene undifferentiated,133,17.3669,0.5588000000000015,0,0,0,1,0,0,0,0,0,0
32.3,-82.0,OK,"Major:{sandstone,claystone}",17.6463,17.0875,Neogene undifferentiated,133,17.3669,0.5588000000000015,0,0,0,1,0,0,0,0,0,0
32.3,-81.9,OK,"Major:{sandstone,claystone}",17.6463,17.0875,Neogene undifferentiated,133,17.3669,0.5588000000000015,0,0,0,1,0,0,0,0,0,0
32.3,-81.8,OK,"Major:{sandstone,claystone}",17.6463,17.0875,Neogene undifferentiated,133,17.3669,0.5588000000000015,0,0,0,1,0,0,0,0,0,0
32.3,-81.7,OK,sedimentary,2.588,0.0,Quaternary sedimentary,7,1.294,2.588,0,0,0,1,0,0,0,0,0,0
32.3,-81.6,OK,sedimentary,2.588,0.0,Quaternary sedimentary,7,1.294,2.588,0,0,0,1,0,0,0,0,0,0
32.3,-81.5,OK,Major:{fine alluvium},2.588,0.0117,Wicomico Shoreline Complex - marsh and lagoonal facies,133,1.29985,2.5763000000000003,0,0,0,0,1,0,0,0,0,0
32.3,-81.4,OK,Major:{fine alluvium},2.588,0.0117,Wicomico Shoreline Complex - marsh and lagoonal facies,133,1.29985,2.5763000000000003,0,0,0,0,1,0,0,0,0,0
32.3,-81.3,OK,Major:{fine alluvium},2.588,0.0117,Penholoway shoreline complex - marsh and lagoonal facies,133,1.29985,2.5763000000000003,0,0,0,0,1,0,0,0,0,0
32.3,-81.2,OK,Major:{fine alluvium},2.588,0.0117,Penholoway shoreline complex - marsh and lagoonal facies,133,1.29985,2.5763000000000003,0,0,0,0,1,0,0,0,0,0
32.4,-84.9,OK,Major:{fine alluvium},2.588,0.0,Stream alluvium,133,1.294,2.588,0,0,0,0,1,0,0,0,0,0
32.4,-84.8,OK,"sand, chalk, mud",74.975,71.0833,Late Cretaceous sedimentary,7,73.02914999999999,3.8917,0,0,0,0,1,0,0,0,0,0
32.4,-84.7,OK,"sand, chalk, mud",74.975,71.0833,Late Cretaceous sedimentary,7,73.02914999999999,3.8917,0,0,0,0,1,0,0,0,0,0
32.4,-84.6,OK,"Major:{clay,sand}, Minor:{limestone}, Incidental:{marl}",71.0833,70.0667,Ripley Formation,133,70.57499999999999,1.0165999999999968,0,0,0,1,1,0,0,0,0,0
32.4,-84.5,OK,"sand, chalk, mud",74.975,71.0833,Late Cretaceous sedimentary,7,73.02914999999999,3.8917,0,0,0,0,1,0,0,0,0,0
32.4,-84.4,OK,"Major:{clay,sand}, Minor:{limestone}, Incidental:{marl}",71.0833,70.0667,Ripley Formation,133,70.57499999999999,1.0165999999999968,0,0,0,1,1,0,0,0,0,0
32.4,-84.3,OK,Major:{sand},67.22,66.61,Providence Sand,133,66.91499999999999,0.6099999999999994,0,0,0,0,1,0,0,0,0,0
32.4,-84.2,OK,"Major:{clay,sand}, Minor:{limestone}, Incidental:{marl}",71.0833,70.0667,Ripley Formation,133,70.57499999999999,1.0165999999999968,0,0,0,1,1,0,0,0,0,0
32.4,-84.1,OK,Major:{sand},67.525,66.61,Providence Sand,133,67.0675,0.9150000000000063,0,0,0,0,1,0,0,0,0,0
32.4,-84.0,OK,"sand, chalk, mud",74.975,71.0833,Late Cretaceous sedimentary,7,73.02914999999999,3.8917,0,0,0,0,1,0,0,0,0,0
32.4,-83.9,OK,sedimentary,66.0,56.0,Paleocene sedimentary,7,61.0,10.0,0,0,0,1,0,0,0,0,0,0
32.4,-83.8,OK,"sand,mud,clay,chalk",41.3,40.425,Middle Eocene sedimentary,7,40.8625,0.875,0,0,0,0,1,0,0,0,0,0
32.4,-83.7,OK,"sand,mud,clay,chalk",41.3,40.425,Middle Eocene sedimentary,7,40.8625,0.875,0,0,0,0,1,0,0,0,0,0
32.4,-83.6,OK,"sandstone, clay, chalk, limestone,",37.8,37.15,Late Eocene sedimentary,7,37.474999999999994,0.6499999999999986,0,0,0,1,1,0,0,0,0,0
32.4,-83.5,OK,"sandstone, clay, chalk, limestone,",37.8,37.15,Late Eocene sedimentary,7,37.474999999999994,0.6499999999999986,0,0,0,1,1,0,0,0,0,0
32.4,-83.4,OK,Major:{limestone},31.9667,28.1,Suwannee Limestone and its residuum,133,30.03335,3.866699999999998,0,0,0,1,0,0,0,0,0,0
32.4,-83.3,OK,"Major:{sandstone,claystone}",17.6463,17.0875,Neogene undifferentiated,133,17.3669,0.5588000000000015,0,0,0,1,0,0,0,0,0,0
32.4,-83.2,OK,"Major:{sandstone,claystone}",17.6463,17.0875,Neogene undifferentiated,133,17.3669,0.5588000000000015,0,0,0,1,0,0,0,0,0,0
32.4,-83.1,OK,"Major:{sandstone,claystone}",17.6463,17.0875,Neogene undifferentiated,133,17.3669,0.5588000000000015,0,0,0,1,0,0,0,0,0,0
32.4,-83.0,OK,"Major:{sandstone,claystone}",17.6463,17.0875,Neogene undifferentiated,133,17.3669,0.5588000000000015,0,0,0,1,0,0,0,0,0,0
32.4,-82.9,OK,"Major:{sandstone,claystone}",17.6463,17.0875,Neogene undifferentiated,133,17.3669,0.5588000000000015,0,0,0,1,0,0,0,0,0,0
32.4,-82.8,OK,Major:{fine alluvium},2.588,0.0,Stream alluvium,133,1.294,2.588,0,0,0,0,1,0,0,0,0,0
32.4,-82.7,OK,"Major:{sandstone,claystone}",17.6463,17.0875,Neogene undifferentiated,133,17.3669,0.5588000000000015,0,0,0,1,0,0,0,0,0,0
32.4,-82.6,OK,"Major:{sandstone,claystone}",17.6463,17.0875,Neogene undifferentiated,133,17.3669,0.5588000000000015,0,0,0,1,0,0,0,0,0,0
32.4,-82.5,OK,"Major:{sandstone,claystone}",17.6463,17.0875,Neogene undifferentiated,133,17.3669,0.5588000000000015,0,0,0,1,0,0,0,0,0,0
32.4,-82.4,OK,"Major:{sandstone,claystone}",17.6463,17.0875,Neogene undifferentiated,133,17.3669,0.5588000000000015,0,0,0,1,0,0,0,0,0,0
32.4,-82.3,OK,Major:{sand},2.588,0.0,Aeolian sand deposits - parabolic dunes,133,1.294,2.588,0,0,0,0,1,0,0,0,0,0
32.4,-82.2,OK,"Major:{sandstone,claystone}",17.6463,17.0875,Neogene undifferentiated,133,17.3669,0.5588000000000015,0,0,0,1,0,0,0,0,0,0
32.4,-82.1,OK,"Major:{sandstone,claystone}",17.6463,17.0875,Neogene undifferentiated,133,17.3669,0.5588000000000015,0,0,0,1,0,0,0,0,0,0
32.4,-82.0,OK,"Major:{sandstone,claystone}",17.6463,17.0875,Neogene undifferentiated,133,17.3669,0.5588000000000015,0,0,0,1,0,0,0,0,0,0
32.4,-81.9,OK,"Major:{sandstone,claystone}",17.6463,17.0875,Neogene undifferentiated,133,17.3669,0.5588000000000015,0,0,0,1,0,0,0,0,0,0
32.4,-81.8,OK,"Major:{sandstone,claystone}",17.6463,17.0875,Neogene undifferentiated,133,17.3669,0.5588000000000015,0,0,0,1,0,0,0,0,0,0
32.4,-81.7,OK,"Major:{sandstone,claystone}",17.6463,17.0875,Neogene undifferentiated,133,17.3669,0.5588000000000015,0,0,0,1,0,0,0,0,0,0
32.4,-81.6,OK,sedimentary,2.588,0.0,Quaternary sedimentary,7,1.294,2.588,0,0,0,1,0,0,0,0,0,0
32.4,-81.5,OK,Major:{fine alluvium},2.588,0.0,Stream alluvium,133,1.294,2.588,0,0,0,0,1,0,0,0,0,0
32.4,-81.4,OK,Major:{fine alluvium},2.588,0.0117,Wicomico Shoreline Complex - marsh and lagoonal facies,133,1.29985,2.5763000000000003,0,0,0,0,1,0,0,0,0,0
32.4,-81.3,OK,Major:{fine alluvium},2.588,0.0117,Wicomico Shoreline Complex - marsh and lagoonal facies,133,1.29985,2.5763000000000003,0,0,0,0,1,0,0,0,0,0
32.4,-81.2,OK,Major:{fine alluvium},2.588,0.0,Stream alluvium,133,1.294,2.588,0,0,0,0,1,0,0,0,0,0
32.5,-84.9,OK,"Major:{clay,sand}, Minor:{gravel}",96.87,88.925,Tuscaloosa Formation,133,92.89750000000001,7.945000000000007,0,0,0,0,1,0,0,0,0,0
32.5,-84.8,OK,"Major:{clay,sand}, Minor:{gravel}",95.385,88.925,Tuscaloosa Formation,133,92.155,6.460000000000008,0,0,0,0,1,0,0,0,0,0
32.5,-84.7,OK,"Major:{sand,clay}",89.8,83.6,Eutaw Formation,133,86.69999999999999,6.200000000000003,0,0,0,0,1,0,0,0,0,0
32.5,-84.6,OK,"sand, chalk, mud",74.975,71.0833,Late Cretaceous sedimentary,7,73.02914999999999,3.8917,0,0,0,0,1,0,0,0,0,0
32.5,-84.5,OK,"sand, chalk, mud",74.975,71.0833,Late Cretaceous sedimentary,7,73.02914999999999,3.8917,0,0,0,0,1,0,0,0,0,0
32.5,-84.4,OK,"sand, chalk, mud",74.975,71.0833,Late Cretaceous sedimentary,7,73.02914999999999,3.8917,0,0,0,0,1,0,0,0,0,0
32.5,-84.3,OK,"sand, chalk, mud",74.975,71.0833,Late Cretaceous sedimentary,7,73.02914999999999,3.8917,0,0,0,0,1,0,0,0,0,0
32.5,-84.2,OK,Major:{sand},67.525,66.61,Providence Sand,133,67.0675,0.9150000000000063,0,0,0,0,1,0,0,0,0,0
32.5,-84.1,OK,"sand, chalk, mud",74.975,71.0833,Late Cretaceous sedimentary,7,73.02914999999999,3.8917,0,0,0,0,1,0,0,0,0,0
32.5,-84.0,OK,"Major:{clay,sand}, Minor:{limestone}, Incidental:{marl}",71.0833,67.525,Ripley Formation,133,69.30414999999999,3.5582999999999885,0,0,0,1,1,0,0,0,0,0
32.5,-83.9,OK,Major:{sand},67.525,66.61,Providence Sand,133,67.0675,0.9150000000000063,0,0,0,0,1,0,0,0,0,0
32.5,-83.8,OK,Major:{sand},67.525,66.61,Providence Sand,133,67.0675,0.9150000000000063,0,0,0,0,1,0,0,0,0,0
32.5,-83.7,OK,"sand, chalk, mud",74.975,71.0833,Late Cretaceous sedimentary,7,73.02914999999999,3.8917,0,0,0,0,1,0,0,0,0,0
32.5,-83.6,OK,Major:{sand},67.525,66.61,Providence Sand,133,67.0675,0.9150000000000063,0,0,0,0,1,0,0,0,0,0
32.5,-83.5,OK,"sandstone, clay, chalk, limestone,",37.8,37.15,Late Eocene sedimentary,7,37.474999999999994,0.6499999999999986,0,0,0,1,1,0,0,0,0,0
32.5,-83.4,OK,"sandstone, clay, chalk, limestone,",37.8,37.15,Late Eocene sedimentary,7,37.474999999999994,0.6499999999999986,0,0,0,1,1,0,0,0,0,0
32.5,-83.3,OK,"Major:{sandstone,claystone}",17.6463,17.0875,Neogene undifferentiated,133,17.3669,0.5588000000000015,0,0,0,1,0,0,0,0,0,0
32.5,-83.2,OK,"Major:{sandstone,claystone}",17.6463,17.0875,Neogene undifferentiated,133,17.3669,0.5588000000000015,0,0,0,1,0,0,0,0,0,0
32.5,-83.1,OK,Major:{limestone},31.9667,28.1,Suwannee Limestone and its residuum,133,30.03335,3.866699999999998,0,0,0,1,0,0,0,0,0,0
32.5,-83.0,OK,Major:{clay},35.46,34.68,Twiggs Clay,133,35.07,0.7800000000000011,0,0,0,0,1,0,0,0,0,0
32.5,-82.9,OK,"Major:{sandstone,claystone}",17.6463,16.5288,Neogene undifferentiated,133,17.08755,1.1174999999999997,0,0,0,1,0,0,0,0,0,0
32.5,-82.8,OK,"Major:{sandstone,claystone}",17.6463,17.0875,Neogene undifferentiated,133,17.3669,0.5588000000000015,0,0,0,1,0,0,0,0,0,0
32.5,-82.7,OK,"Major:{sandstone,claystone}",17.6463,17.0875,Neogene undifferentiated,133,17.3669,0.5588000000000015,0,0,0,1,0,0,0,0,0,0
32.5,-82.6,OK,"Major:{sandstone,claystone}",17.6463,17.0875,Neogene undifferentiated,133,17.3669,0.5588000000000015,0,0,0,1,0,0,0,0,0,0
32.5,-82.5,OK,"Major:{sandstone,claystone}",17.6463,17.0875,Neogene undifferentiated,133,17.3669,0.5588000000000015,0,0,0,1,0,0,0,0,0,0
32.5,-82.4,OK,"Major:{sandstone,claystone}",17.6463,17.0875,Neogene undifferentiated,133,17.3669,0.5588000000000015,0,0,0,1,0,0,0,0,0,0
32.5,-82.3,OK,"Major:{sandstone,claystone}",17.6463,17.0875,Neogene undifferentiated,133,17.3669,0.5588000000000015,0,0,0,1,0,0,0,0,0,0
32.5,-82.2,OK,"Major:{sandstone,claystone}",17.6463,17.0875,Neogene undifferentiated,133,17.3669,0.5588000000000015,0,0,0,1,0,0,0,0,0,0
32.5,-82.1,OK,"Major:{sandstone,claystone}",17.6463,17.0875,Neogene undifferentiated,133,17.3669,0.5588000000000015,0,0,0,1,0,0,0,0,0,0
32.5,-82.0,OK,"Major:{sandstone,claystone}",17.6463,17.0875,Neogene undifferentiated,133,17.3669,0.5588000000000015,0,0,0,1,0,0,0,0,0,0
32.5,-81.9,OK,"Major:{sandstone,claystone}",17.6463,17.0875,Neogene undifferentiated,133,17.3669,0.5588000000000015,0,0,0,1,0,0,0,0,0,0
32.5,-81.8,OK,"Major:{sandstone,claystone}",17.6463,17.0875,Neogene undifferentiated,133,17.3669,0.5588000000000015,0,0,0,1,0,0,0,0,0,0
32.5,-81.7,OK,"Major:{sandstone,claystone}",17.6463,17.0875,Neogene undifferentiated,133,17.3669,0.5588000000000015,0,0,0,1,0,0,0,0,0,0
32.5,-81.6,OK,"Major:{sandstone,claystone}",17.6463,17.0875,Neogene undifferentiated,133,17.3669,0.5588000000000015,0,0,0,1,0,0,0,0,0,0
32.5,-81.5,OK,sedimentary,2.588,0.0,Quaternary sedimentary,7,1.294,2.588,0,0,0,1,0,0,0,0,0,0
32.5,-81.4,OK,sedimentary,2.588,0.0,Quaternary sedimentary,7,1.294,2.588,0,0,0,1,0,0,0,0,0,0
32.5,-81.3,OK,Major:{fine alluvium},2.588,0.0117,Wicomico Shoreline Complex - marsh and lagoonal facies,133,1.29985,2.5763000000000003,0,0,0,0,1,0,0,0,0,0
32.6,-85.0,OK,felsic paragneiss; paragneiss/metavolcanic gneiss,541.0,251.902,Paleozoic crystalline metamorphic rocks,154,396.451,289.098,1,0,1,0,0,0,1,0,0,1
32.6,-84.9,OK,felsic paragneiss; paragneiss/metavolcanic gneiss,541.0,251.902,Paleozoic crystalline metamorphic rocks,154,396.451,289.098,1,0,1,0,0,0,1,0,0,1
32.6,-84.8,OK,felsic paragneiss; paragneiss/metavolcanic gneiss,541.0,251.902,Paleozoic crystalline metamorphic rocks,154,396.451,289.098,1,0,1,0,0,0,1,0,0,1
32.6,-84.7,OK,"sand, mud, chalk, carbonate",96.87,85.625,Late Cretaceous sedimentary,7,91.2475,11.245000000000005,0,0,0,1,1,0,0,0,0,0
32.6,-84.6,OK,"sand, mud, chalk, carbonate",96.87,85.625,Late Cretaceous sedimentary,7,91.2475,11.245000000000005,0,0,0,1,1,0,0,0,0,0
32.6,-84.5,OK,"Major:{sand,clay}",89.8,83.6,Eutaw Formation,133,86.69999999999999,6.200000000000003,0,0,0,0,1,0,0,0,0,0
32.6,-84.4,OK,"Major:{clay,sand}",84.275,74.975,Blufftown Formation,133,79.625,9.300000000000011,0,0,0,0,1,0,0,0,0,0
32.6,-84.3,OK,"Major:{sand,clay}",89.8,83.6,Eutaw Formation,133,86.69999999999999,6.200000000000003,0,0,0,0,1,0,0,0,0,0
32.6,-84.2,OK,"Major:{clay,sand}, Minor:{gravel}",95.55,90.825,Tuscaloosa Formation,133,93.1875,4.724999999999994,0,0,0,0,1,0,0,0,0,0
32.6,-84.1,OK,Major:{fine alluvium},2.588,0.0,Stream alluvium,133,1.294,2.588,0,0,0,0,1,0,0,0,0,0
32.6,-84.0,OK,"sand, chalk, mud",74.975,71.0833,Late Cretaceous sedimentary,7,73.02914999999999,3.8917,0,0,0,0,1,0,0,0,0,0
32.6,-83.9,OK,"sand, chalk, mud",74.975,71.0833,Late Cretaceous sedimentary,7,73.02914999999999,3.8917,0,0,0,0,1,0,0,0,0,0
32.6,-83.8,OK,"Major:{clay,sand}, Minor:{limestone}, Incidental:{marl}",71.0833,67.525,Ripley Formation,133,69.30414999999999,3.5582999999999885,0,0,0,1,1,0,0,0,0,0
32.6,-83.7,OK,"sand, chalk, mud",74.975,71.0833,Late Cretaceous sedimentary,7,73.02914999999999,3.8917,0,0,0,0,1,0,0,0,0,0
32.6,-83.6,OK,Major:{sand},67.525,66.61,Providence Sand,133,67.0675,0.9150000000000063,0,0,0,0,1,0,0,0,0,0
32.6,-83.5,OK,"sandstone, clay, chalk, limestone,",37.8,37.15,Late Eocene sedimentary,7,37.474999999999994,0.6499999999999986,0,0,0,1,1,0,0,0,0,0
32.6,-83.4,OK,"sandstone, clay, chalk, limestone,",37.8,37.15,Late Eocene sedimentary,7,37.474999999999994,0.6499999999999986,0,0,0,1,1,0,0,0,0,0
32.6,-83.3,OK,Major:{limestone},31.9667,28.1,Suwannee Limestone and its residuum,133,30.03335,3.866699999999998,0,0,0,1,0,0,0,0,0,0
32.6,-83.2,OK,Major:{clay},35.46,34.68,Twiggs Clay,133,35.07,0.7800000000000011,0,0,0,0,1,0,0,0,0,0
32.6,-83.1,OK,Major:{limestone},36.045,35.46,Ocala Limestone,133,35.7525,0.5850000000000009,0,0,0,1,0,0,0,0,0,0
32.6,-83.0,OK,"Major:{sandstone,claystone}",17.6463,16.5288,Neogene undifferentiated,133,17.08755,1.1174999999999997,0,0,0,1,0,0,0,0,0,0
32.6,-82.9,OK,Major:{limestone},31.9667,28.1,Suwannee Limestone and its residuum,133,30.03335,3.866699999999998,0,0,0,1,0,0,0,0,0,0
32.6,-82.8,OK,"Major:{sandstone,claystone}",17.6463,17.0875,Neogene undifferentiated,133,17.3669,0.5588000000000015,0,0,0,1,0,0,0,0,0,0
32.6,-82.7,OK,"Major:{sandstone,claystone}",17.6463,17.0875,Neogene undifferentiated,133,17.3669,0.5588000000000015,0,0,0,1,0,0,0,0,0,0
32.6,-82.6,OK,"Major:{sandstone,claystone}",17.6463,17.0875,Neogene undifferentiated,133,17.3669,0.5588000000000015,0,0,0,1,0,0,0,0,0,0
32.6,-82.5,OK,"Major:{sandstone,claystone}",17.6463,17.0875,Neogene undifferentiated,133,17.3669,0.5588000000000015,0,0,0,1,0,0,0,0,0,0
32.6,-82.4,OK,"Major:{sandstone,claystone}",17.6463,17.0875,Neogene undifferentiated,133,17.3669,0.5588000000000015,0,0,0,1,0,0,0,0,0,0
32.6,-82.3,OK,"Major:{sandstone,claystone}",17.6463,17.0875,Neogene undifferentiated,133,17.3669,0.5588000000000015,0,0,0,1,0,0,0,0,0,0
32.6,-82.2,OK,"Major:{sandstone,claystone}",17.6463,17.0875,Neogene undifferentiated,133,17.3669,0.5588000000000015,0,0,0,1,0,0,0,0,0,0
32.6,-82.1,OK,"Major:{sandstone,claystone}",17.6463,17.0875,Neogene undifferentiated,133,17.3669,0.5588000000000015,0,0,0,1,0,0,0,0,0,0
32.6,-82.0,OK,"Major:{sandstone,claystone}",17.6463,17.0875,Neogene undifferentiated,133,17.3669,0.5588000000000015,0,0,0,1,0,0,0,0,0,0
32.6,-81.9,OK,"Major:{sandstone,claystone}",17.6463,17.0875,Neogene undifferentiated,133,17.3669,0.5588000000000015,0,0,0,1,0,0,0,0,0,0
32.6,-81.8,OK,"Major:{sandstone,claystone}",17.6463,17.0875,Neogene undifferentiated,133,17.3669,0.5588000000000015,0,0,0,1,0,0,0,0,0,0
32.6,-81.7,OK,"Major:{sandstone,claystone}",17.6463,13.82,Neogene undifferentiated,133,15.73315,3.8263,0,0,0,1,0,0,0,0,0,0
32.6,-81.6,OK,"Major:{sandstone,claystone}",17.6463,13.82,Neogene undifferentiated,133,15.73315,3.8263,0,0,0,1,0,0,0,0,0,0
32.6,-81.5,OK,sedimentary,2.588,0.0,Quaternary sedimentary,7,1.294,2.588,0,0,0,1,0,0,0,0,0,0
32.6,-81.4,OK,sedimentary,2.588,0.0,Quaternary sedimentary,7,1.294,2.588,0,0,0,1,0,0,0,0,0,0
32.7,-85.1,OK,sedimentary rocks,541.0,419.2,Paleozoic sedimentary rocks,154,480.1,121.80000000000001,0,0,0,1,0,0,0,0,0,0
32.7,-85.0,OK,sedimentary rocks,541.0,419.2,Paleozoic sedimentary rocks,154,480.1,121.80000000000001,0,0,0,1,0,0,0,0,0,0
32.7,-84.9,OK,sedimentary rocks,541.0,419.2,Paleozoic sedimentary rocks,154,480.1,121.80000000000001,0,0,0,1,0,0,0,0,0,0
32.7,-84.8,OK,felsic paragneiss; paragneiss/metavolcanic gneiss,541.0,251.902,Paleozoic crystalline metamorphic rocks,154,396.451,289.098,1,0,1,0,0,0,1,0,0,1
32.7,-84.7,OK,felsic paragneiss; paragneiss/metavolcanic gneiss,541.0,251.902,Paleozoic crystalline metamorphic rocks,154,396.451,289.098,1,0,1,0,0,0,1,0,0,1
32.7,-84.6,OK,felsic paragneiss; paragneiss/metavolcanic gneiss,541.0,251.902,Paleozoic crystalline metamorphic rocks,154,396.451,289.098,1,0,1,0,0,0,1,0,0,1
32.7,-84.5,OK,felsic paragneiss; paragneiss/metavolcanic gneiss,541.0,251.902,Paleozoic crystalline metamorphic rocks,154,396.451,289.098,1,0,1,0,0,0,1,0,0,1
32.7,-84.4,OK,felsic paragneiss; paragneiss/metavolcanic gneiss,541.0,251.902,Paleozoic crystalline metamorphic rocks,154,396.451,289.098,1,0,1,0,0,0,1,0,0,1
32.7,-84.3,OK,felsic paragneiss; paragneiss/metavolcanic gneiss,541.0,251.902,Paleozoic crystalline metamorphic rocks,154,396.451,289.098,1,0,1,0,0,0,1,0,0,1
32.7,-84.2,OK,felsic paragneiss; paragneiss/metavolcanic gneiss,541.0,251.902,Paleozoic crystalline metamorphic rocks,154,396.451,289.098,1,0,1,0,0,0,1,0,0,1
32.7,-84.1,OK,"sand, mud, chalk, carbonate",96.87,85.625,Late Cretaceous sedimentary,7,91.2475,11.245000000000005,0,0,0,1,1,0,0,0,0,0
32.7,-84.0,OK,"Major:{clay,sand}, Minor:{gravel}",95.55,90.825,Tuscaloosa Formation,133,93.1875,4.724999999999994,0,0,0,0,1,0,0,0,0,0
32.7,-83.9,OK,"sand, chalk, mud",74.975,71.0833,Late Cretaceous sedimentary,7,73.02914999999999,3.8917,0,0,0,0,1,0,0,0,0,0
32.7,-83.8,OK,"Major:{clay,sand}, Minor:{limestone}, Incidental:{marl}",71.0833,67.525,Ripley Formation,133,69.30414999999999,3.5582999999999885,0,0,0,1,1,0,0,0,0,0
32.7,-83.7,OK,"sand, chalk, mud",74.975,71.0833,Late Cretaceous sedimentary,7,73.02914999999999,3.8917,0,0,0,0,1,0,0,0,0,0
32.7,-83.6,OK,Major:{fine alluvium},2.588,0.0,Stream alluvium,133,1.294,2.588,0,0,0,0,1,0,0,0,0,0
32.7,-83.5,OK,"sandstone, clay, chalk, limestone,",37.8,37.15,Late Eocene sedimentary,7,37.474999999999994,0.6499999999999986,0,0,0,1,1,0,0,0,0,0
32.7,-83.4,OK,"sandstone, clay, chalk, limestone,",37.8,37.15,Late Eocene sedimentary,7,37.474999999999994,0.6499999999999986,0,0,0,1,1,0,0,0,0,0
32.7,-83.3,OK,Major:{sand},34.992,34.875,Irwinton Sand,133,34.933499999999995,0.11699999999999733,0,0,0,0,1,0,0,0,0,0
32.7,-83.2,OK,Major:{sand},34.992,34.875,Irwinton Sand,133,34.933499999999995,0.11699999999999733,0,0,0,0,1,0,0,0,0,0
32.7,-83.1,OK,Major:{limestone},31.9667,28.1,Suwannee Limestone and its residuum,133,30.03335,3.866699999999998,0,0,0,1,0,0,0,0,0,0
32.7,-83.0,OK,Major:{clay},35.46,34.68,Twiggs Clay,133,35.07,0.7800000000000011,0,0,0,0,1,0,0,0,0,0
32.7,-82.9,OK,Major:{clay},35.46,34.68,Twiggs Clay,133,35.07,0.7800000000000011,0,0,0,0,1,0,0,0,0,0
32.7,-82.8,OK,"Major:{sandstone,claystone}",17.6463,17.0875,Neogene undifferentiated,133,17.3669,0.5588000000000015,0,0,0,1,0,0,0,0,0,0
32.7,-82.7,OK,"Major:{sandstone,claystone}",17.6463,17.0875,Neogene undifferentiated,133,17.3669,0.5588000000000015,0,0,0,1,0,0,0,0,0,0
32.7,-82.6,OK,"Major:{sandstone,claystone}",17.6463,17.0875,Neogene undifferentiated,133,17.3669,0.5588000000000015,0,0,0,1,0,0,0,0,0,0
32.7,-82.5,OK,Major:{sand},2.588,0.0,Aeolian sand deposits - parabolic dunes,133,1.294,2.588,0,0,0,0,1,0,0,0,0,0
32.7,-82.4,OK,"Major:{sandstone,claystone}",17.6463,17.0875,Neogene undifferentiated,133,17.3669,0.5588000000000015,0,0,0,1,0,0,0,0,0,0
32.7,-82.3,OK,"Major:{sandstone,claystone}",17.6463,17.0875,Neogene undifferentiated,133,17.3669,0.5588000000000015,0,0,0,1,0,0,0,0,0,0
32.7,-82.2,OK,"Major:{sandstone,claystone}",17.6463,17.0875,Neogene undifferentiated,133,17.3669,0.5588000000000015,0,0,0,1,0,0,0,0,0,0
32.7,-82.1,OK,"Major:{sandstone,claystone}",17.6463,17.0875,Neogene undifferentiated,133,17.3669,0.5588000000000015,0,0,0,1,0,0,0,0,0,0
32.7,-82.0,OK,"Major:{sandstone,claystone}",17.6463,17.0875,Neogene undifferentiated,133,17.3669,0.5588000000000015,0,0,0,1,0,0,0,0,0,0
32.7,-81.9,OK,Major:{fine alluvium},2.588,0.0,Stream alluvium,133,1.294,2.588,0,0,0,0,1,0,0,0,0,0
32.7,-81.8,OK,"Major:{sandstone,claystone}",17.6463,13.82,Neogene undifferentiated,133,15.73315,3.8263,0,0,0,1,0,0,0,0,0,0
32.7,-81.7,OK,"Major:{sandstone,claystone}",17.6463,13.82,Neogene undifferentiated,133,15.73315,3.8263,0,0,0,1,0,0,0,0,0,0
32.7,-81.6,OK,"Major:{sandstone,claystone}",17.6463,13.82,Neogene undifferentiated,133,15.73315,3.8263,0,0,0,1,0,0,0,0,0,0
32.7,-81.5,OK,"Major:{sandstone,claystone}",17.6463,13.82,Neogene undifferentiated,133,15.73315,3.8263,0,0,0,1,0,0,0,0,0,0
32.8,-85.1,OK,volcanic: interlayered sedimentary and volcanic rocks,1000.0,485.4,Neoproterozoic-Cambrian volcanic: interlayered sedimentary and volcanic rocks,7,742.7,514.6,0,0,1,1,0,0,0,0,0,0
32.8,-85.0,OK,plutonic: undivided granitic rocks,541.0,443.8,Cambrian-Ordovician plutonic: undivided granitic rocks,7,492.4,97.19999999999999,0,1,0,0,0,0,0,0,0,1
32.8,-84.9,OK,sedimentary rocks,541.0,419.2,Paleozoic sedimentary rocks,154,480.1,121.80000000000001,0,0,0,1,0,0,0,0,0,0
32.8,-84.8,OK,sedimentary rocks,541.0,419.2,Paleozoic sedimentary rocks,154,480.1,121.80000000000001,0,0,0,1,0,0,0,0,0,0
32.8,-84.7,OK,sedimentary rocks,541.0,419.2,Paleozoic sedimentary rocks,154,480.1,121.80000000000001,0,0,0,1,0,0,0,0,0,0
32.8,-84.6,OK,sedimentary rocks,541.0,419.2,Paleozoic sedimentary rocks,154,480.1,121.80000000000001,0,0,0,1,0,0,0,0,0,0
32.8,-84.5,OK,sedimentary rocks,541.0,419.2,Paleozoic sedimentary rocks,154,480.1,121.80000000000001,0,0,0,1,0,0,0,0,0,0
32.8,-84.4,OK,sedimentary rocks,541.0,419.2,Paleozoic sedimentary rocks,154,480.1,121.80000000000001,0,0,0,1,0,0,0,0,0,0
32.8,-84.3,OK,felsic paragneiss; paragneiss/metavolcanic gneiss,541.0,251.902,Paleozoic crystalline metamorphic rocks,154,396.451,289.098,1,0,1,0,0,0,1,0,0,1
32.8,-84.2,OK,felsic paragneiss; paragneiss/metavolcanic gneiss,541.0,251.902,Paleozoic crystalline metamorphic rocks,154,396.451,289.098,1,0,1,0,0,0,1,0,0,1
32.8,-84.1,OK,felsic paragneiss; paragneiss/metavolcanic gneiss,541.0,251.902,Paleozoic crystalline metamorphic rocks,154,396.451,289.098,1,0,1,0,0,0,1,0,0,1
32.8,-84.0,OK,felsic paragneiss; paragneiss/metavolcanic gneiss,541.0,251.902,Paleozoic crystalline metamorphic rocks,154,396.451,289.098,1,0,1,0,0,0,1,0,0,1
32.8,-83.9,OK,felsic paragneiss; paragneiss/metavolcanic gneiss,541.0,251.902,Paleozoic crystalline metamorphic rocks,154,396.451,289.098,1,0,1,0,0,0,1,0,0,1
32.8,-83.8,OK,"Major:{clay,sand}, Minor:{gravel}",95.55,90.825,Tuscaloosa Formation,133,93.1875,4.724999999999994,0,0,0,0,1,0,0,0,0,0
32.8,-83.7,OK,"sand, mud, chalk, carbonate",96.87,85.625,Late Cretaceous sedimentary,7,91.2475,11.245000000000005,0,0,0,1,1,0,0,0,0,0
32.8,-83.6,OK,Major:{fine alluvium},2.588,0.0,Stream alluvium,133,1.294,2.588,0,0,0,0,1,0,0,0,0,0
32.8,-83.5,OK,"sand, chalk, mud",74.975,71.0833,Late Cretaceous sedimentary,7,73.02914999999999,3.8917,0,0,0,0,1,0,0,0,0,0
32.8,-83.4,OK,"sand, chalk, mud",74.975,71.0833,Late Cretaceous sedimentary,7,73.02914999999999,3.8917,0,0,0,0,1,0,0,0,0,0
32.8,-83.3,OK,Major:{sand},34.992,34.875,Irwinton Sand,133,34.933499999999995,0.11699999999999733,0,0,0,0,1,0,0,0,0,0
32.8,-83.2,OK,"sandstone, clay, chalk, limestone,",37.8,37.15,Late Eocene sedimentary,7,37.474999999999994,0.6499999999999986,0,0,0,1,1,0,0,0,0,0
32.8,-83.1,OK,Major:{sand},34.992,34.875,Irwinton Sand,133,34.933499999999995,0.11699999999999733,0,0,0,0,1,0,0,0,0,0
32.8,-83.0,OK,"sandstone, clay, chalk, limestone,",37.8,37.15,Late Eocene sedimentary,7,37.474999999999994,0.6499999999999986,0,0,0,1,1,0,0,0,0,0
32.8,-82.9,OK,"sandstone, clay, chalk, limestone,",37.8,37.15,Late Eocene sedimentary,7,37.474999999999994,0.6499999999999986,0,0,0,1,1,0,0,0,0,0
32.8,-82.8,OK,"Major:{sandstone,claystone}",17.6463,17.0875,Neogene undifferentiated,133,17.3669,0.5588000000000015,0,0,0,1,0,0,0,0,0,0
32.8,-82.7,OK,"Major:{sandstone,claystone}",17.6463,17.0875,Neogene undifferentiated,133,17.3669,0.5588000000000015,0,0,0,1,0,0,0,0,0,0
32.8,-82.6,OK,"Major:{sandstone,claystone}",17.6463,17.0875,Neogene undifferentiated,133,17.3669,0.5588000000000015,0,0,0,1,0,0,0,0,0,0
32.8,-82.5,OK,"Major:{sandstone,claystone}",17.6463,17.0875,Neogene undifferentiated,133,17.3669,0.5588000000000015,0,0,0,1,0,0,0,0,0,0
32.8,-82.4,OK,"Major:{sandstone,claystone}",17.6463,17.0875,Neogene undifferentiated,133,17.3669,0.5588000000000015,0,0,0,1,0,0,0,0,0,0
32.8,-82.3,OK,"Major:{sandstone,claystone}",17.6463,17.0875,Neogene undifferentiated,133,17.3669,0.5588000000000015,0,0,0,1,0,0,0,0,0,0
32.8,-82.2,OK,Major:{clay},25.565,23.03,Cooper Marl,133,24.2975,2.535,0,0,0,0,1,0,0,0,0,0
32.8,-82.1,OK,"Major:{sandstone,claystone}",17.6463,17.0875,Neogene undifferentiated,133,17.3669,0.5588000000000015,0,0,0,1,0,0,0,0,0,0
32.8,-82.0,OK,Major:{clay},25.565,23.03,Cooper Marl,133,24.2975,2.535,0,0,0,0,1,0,0,0,0,0
32.8,-81.9,OK,"Major:{sandstone,claystone}",17.6463,13.82,Neogene undifferentiated,133,15.73315,3.8263,0,0,0,1,0,0,0,0,0,0
32.8,-81.8,OK,"Major:{sandstone,claystone}",17.6463,13.82,Neogene undifferentiated,133,15.73315,3.8263,0,0,0,1,0,0,0,0,0,0
32.8,-81.7,OK,"Major:{sandstone,claystone}",17.6463,13.82,Neogene undifferentiated,133,15.73315,3.8263,0,0,0,1,0,0,0,0,0,0
32.8,-81.6,OK,"Major:{sandstone,claystone}",17.6463,13.82,Neogene undifferentiated,133,15.73315,3.8263,0,0,0,1,0,0,0,0,0,0
32.8,-81.5,OK,Major:{fine alluvium},2.588,0.0,Stream alluvium,133,1.294,2.588,0,0,0,0,1,0,0,0,0,0
32.9,-85.1,OK,volcanic: interlayered sedimentary and volcanic rocks,1000.0,485.4,Neoproterozoic-Cambrian volcanic: interlayered sedimentary and volcanic rocks,7,742.7,514.6,0,0,1,1,0,0,0,0,0,0
32.9,-85.0,OK,volcanic: interlayered sedimentary and volcanic rocks,1000.0,485.4,Neoproterozoic-Cambrian volcanic: interlayered sedimentary and volcanic rocks,7,742.7,514.6,0,0,1,1,0,0,0,0,0,0
32.9,-84.9,OK,volcanic: interlayered sedimentary and volcanic rocks,1000.0,485.4,Neoproterozoic-Cambrian volcanic: interlayered sedimentary and volcanic rocks,7,742.7,514.6,0,0,1,1,0,0,0,0,0,0
32.9,-84.8,OK,volcanic: interlayered sedimentary and volcanic rocks,1000.0,485.4,Neoproterozoic-Cambrian volcanic: interlayered sedimentary and volcanic rocks,7,742.7,514.6,0,0,1,1,0,0,0,0,0,0
32.9,-84.7,OK,sedimentary rocks,541.0,419.2,Paleozoic sedimentary rocks,154,480.1,121.80000000000001,0,0,0,1,0,0,0,0,0,0
32.9,-84.6,OK,sedimentary rocks,541.0,419.2,Paleozoic sedimentary rocks,154,480.1,121.80000000000001,0,0,0,1,0,0,0,0,0,0
32.9,-84.5,OK,sedimentary rocks,541.0,419.2,Paleozoic sedimentary rocks,154,480.1,121.80000000000001,0,0,0,1,0,0,0,0,0,0
32.9,-84.4,OK,sedimentary rocks,541.0,419.2,Paleozoic sedimentary rocks,154,480.1,121.80000000000001,0,0,0,1,0,0,0,0,0,0
32.9,-84.3,OK,sedimentary rocks,541.0,419.2,Paleozoic sedimentary rocks,154,480.1,121.80000000000001,0,0,0,1,0,0,0,0,0,0
32.9,-84.2,OK,sedimentary rocks,541.0,419.2,Paleozoic sedimentary rocks,154,480.1,121.80000000000001,0,0,0,1,0,0,0,0,0,0
32.9,-84.1,OK,sedimentary rocks,541.0,419.2,Paleozoic sedimentary rocks,154,480.1,121.80000000000001,0,0,0,1,0,0,0,0,0,0
32.9,-84.0,OK,felsic paragneiss; paragneiss/metavolcanic gneiss,541.0,251.902,Paleozoic crystalline metamorphic rocks,154,396.451,289.098,1,0,1,0,0,0,1,0,0,1
32.9,-83.9,OK,felsic paragneiss; paragneiss/metavolcanic gneiss,541.0,251.902,Paleozoic crystalline metamorphic rocks,154,396.451,289.098,1,0,1,0,0,0,1,0,0,1
32.9,-83.8,OK,felsic paragneiss; paragneiss/metavolcanic gneiss,541.0,251.902,Paleozoic crystalline metamorphic rocks,154,396.451,289.098,1,0,1,0,0,0,1,0,0,1
32.9,-83.7,OK,felsic paragneiss; paragneiss/metavolcanic gneiss,541.0,251.902,Paleozoic crystalline metamorphic rocks,154,396.451,289.098,1,0,1,0,0,0,1,0,0,1
32.9,-83.6,OK,felsic paragneiss; paragneiss/metavolcanic gneiss,541.0,251.902,Paleozoic crystalline metamorphic rocks,154,396.451,289.098,1,0,1,0,0,0,1,0,0,1
32.9,-83.5,OK,"sand, chalk, mud",74.975,71.0833,Late Cretaceous sedimentary,7,73.02914999999999,3.8917,0,0,0,0,1,0,0,0,0,0
32.9,-83.4,OK,"sand, chalk, mud",74.975,71.0833,Late Cretaceous sedimentary,7,73.02914999999999,3.8917,0,0,0,0,1,0,0,0,0,0
32.9,-83.3,OK,"sand, chalk, mud",74.975,71.0833,Late Cretaceous sedimentary,7,73.02914999999999,3.8917,0,0,0,0,1,0,0,0,0,0
32.9,-83.2,OK,"sand, chalk, mud",74.975,71.0833,Late Cretaceous sedimentary,7,73.02914999999999,3.8917,0,0,0,0,1,0,0,0,0,0
32.9,-83.1,OK,"sand, chalk, mud",74.975,71.0833,Late Cretaceous sedimentary,7,73.02914999999999,3.8917,0,0,0,0,1,0,0,0,0,0
32.9,-83.0,OK,Major:{clay},35.46,34.68,Twiggs Clay,133,35.07,0.7800000000000011,0,0,0,0,1,0,0,0,0,0
32.9,-82.9,OK,"sandstone, clay, chalk, limestone,",37.8,37.15,Late Eocene sedimentary,7,37.474999999999994,0.6499999999999986,0,0,0,1,1,0,0,0,0,0
32.9,-82.8,OK,"Major:{sandstone,claystone}",17.6463,17.0875,Neogene undifferentiated,133,17.3669,0.5588000000000015,0,0,0,1,0,0,0,0,0,0
32.9,-82.7,OK,"Major:{sandstone,claystone}",17.6463,17.0875,Neogene undifferentiated,133,17.3669,0.5588000000000015,0,0,0,1,0,0,0,0,0,0
32.9,-82.6,OK,"Major:{sandstone,claystone}",17.6463,17.0875,Neogene undifferentiated,133,17.3669,0.5588000000000015,0,0,0,1,0,0,0,0,0,0
32.9,-82.5,OK,Major:{clay},35.46,34.68,Twiggs Clay,133,35.07,0.7800000000000011,0,0,0,0,1,0,0,0,0,0
32.9,-82.4,OK,"Major:{sandstone,claystone}",17.6463,17.0875,Neogene undifferentiated,133,17.3669,0.5588000000000015,0,0,0,1,0,0,0,0,0,0
32.9,-82.3,OK,"Major:{sandstone,claystone}",17.6463,13.82,Neogene undifferentiated,133,15.73315,3.8263,0,0,0,1,0,0,0,0,0,0
32.9,-82.2,OK,"Major:{sandstone,claystone}",17.6463,13.82,Neogene undifferentiated,133,15.73315,3.8263,0,0,0,1,0,0,0,0,0,0
32.9,-82.1,OK,"Major:{sandstone,claystone}",17.6463,13.82,Neogene undifferentiated,133,15.73315,3.8263,0,0,0,1,0,0,0,0,0,0
32.9,-82.0,OK,Major:{clay},35.46,34.68,Twiggs Clay,133,35.07,0.7800000000000011,0,0,0,0,1,0,0,0,0,0
32.9,-81.9,OK,"Major:{sandstone,claystone}",17.6463,13.82,Neogene undifferentiated,133,15.73315,3.8263,0,0,0,1,0,0,0,0,0,0
32.9,-81.8,OK,"Major:{sandstone,claystone}",17.6463,13.82,Neogene undifferentiated,133,15.73315,3.8263,0,0,0,1,0,0,0,0,0,0
32.9,-81.7,OK,"Major:{sandstone,claystone}",17.6463,13.82,Neogene undifferentiated,133,15.73315,3.8263,0,0,0,1,0,0,0,0,0,0
32.9,-81.6,OK,"Major:{sand,gravel}",5.333,0.0117,Pleistocene-Pliocene sands and gravels,133,2.6723500000000002,5.3213,0,0,0,0,1,0,0,0,0,0
32.9,-81.5,OK,Major:{fine alluvium},2.588,0.0,Stream alluvium,133,1.294,2.588,0,0,0,0,1,0,0,0,0,0
33.0,-85.2,OK,felsic paragneiss; amphibolite grade paragneiss/metavolcanic gneiss,1000.0,251.902,Precambrian-Phanerozoic crystalline metamorphic rocks,154,625.951,748.098,1,0,1,0,0,0,1,0,1,1
33.0,-85.1,OK,volcanic: interlayered sedimentary and volcanic rocks,1000.0,485.4,Neoproterozoic-Cambrian volcanic: interlayered sedimentary and volcanic rocks,7,742.7,514.6,0,0,1,1,0,0,0,0,0,0
33.0,-85.0,OK,volcanic: interlayered sedimentary and volcanic rocks,1000.0,485.4,Neoproterozoic-Cambrian volcanic: interlayered sedimentary and volcanic rocks,7,742.7,514.6,0,0,1,1,0,0,0,0,0,0
33.0,-84.9,OK,volcanic: interlayered sedimentary and volcanic rocks,1000.0,485.4,Neoproterozoic-Cambrian volcanic: interlayered sedimentary and volcanic rocks,7,742.7,514.6,0,0,1,1,0,0,0,0,0,0
33.0,-84.8,OK,volcanic: interlayered sedimentary and volcanic rocks,1000.0,485.4,Neoproterozoic-Cambrian volcanic: interlayered sedimentary and volcanic rocks,7,742.7,514.6,0,0,1,1,0,0,0,0,0,0
33.0,-84.7,OK,volcanic: interlayered sedimentary and volcanic rocks,1000.0,485.4,Neoproterozoic-Cambrian volcanic: interlayered sedimentary and volcanic rocks,7,742.7,514.6,0,0,1,1,0,0,0,0,0,0
33.0,-84.6,OK,volcanic: interlayered sedimentary and volcanic rocks,1000.0,485.4,Neoproterozoic-Cambrian volcanic: interlayered sedimentary and volcanic rocks,7,742.7,514.6,0,0,1,1,0,0,0,0,0,0
33.0,-84.5,OK,sedimentary,1000.0,485.4,Neoproterozoic-Cambrian sedimentary,7,742.7,514.6,0,0,0,1,0,0,0,0,0,0
33.0,-84.4,OK,sedimentary rocks,541.0,419.2,Paleozoic sedimentary rocks,154,480.1,121.80000000000001,0,0,0,1,0,0,0,0,0,0
33.0,-84.3,OK,sedimentary rocks,541.0,419.2,Paleozoic sedimentary rocks,154,480.1,121.80000000000001,0,0,0,1,0,0,0,0,0,0
33.0,-84.2,OK,sedimentary rocks,541.0,419.2,Paleozoic sedimentary rocks,154,480.1,121.80000000000001,0,0,0,1,0,0,0,0,0,0
33.0,-84.1,OK,sedimentary rocks,541.0,419.2,Paleozoic sedimentary rocks,154,480.1,121.80000000000001,0,0,0,1,0,0,0,0,0,0
33.0,-84.0,OK,felsic paragneiss; paragneiss/metavolcanic gneiss,541.0,251.902,Paleozoic crystalline metamorphic rocks,154,396.451,289.098,1,0,1,0,0,0,1,0,0,1
33.0,-83.9,OK,felsic paragneiss; paragneiss/metavolcanic gneiss,541.0,251.902,Paleozoic crystalline metamorphic rocks,154,396.451,289.098,1,0,1,0,0,0,1,0,0,1
33.0,-83.8,OK,felsic paragneiss; paragneiss/metavolcanic gneiss,541.0,251.902,Paleozoic crystalline metamorphic rocks,154,396.451,289.098,1,0,1,0,0,0,1,0,0,1
33.0,-83.7,OK,felsic paragneiss; paragneiss/metavolcanic gneiss,541.0,251.902,Paleozoic crystalline metamorphic rocks,154,396.451,289.098,1,0,1,0,0,0,1,0,0,1
33.0,-83.6,OK,felsic paragneiss; paragneiss/metavolcanic gneiss,541.0,251.902,Paleozoic crystalline metamorphic rocks,154,396.451,289.098,1,0,1,0,0,0,1,0,0,1
33.0,-83.5,OK,felsic paragneiss; paragneiss/metavolcanic gneiss,541.0,251.902,Paleozoic crystalline metamorphic rocks,154,396.451,289.098,1,0,1,0,0,0,1,0,0,1
33.0,-83.4,OK,"sand, chalk, mud",74.975,71.0833,Late Cretaceous sedimentary,7,73.02914999999999,3.8917,0,0,0,0,1,0,0,0,0,0
33.0,-83.3,OK,"sand, chalk, mud",74.975,71.0833,Late Cretaceous sedimentary,7,73.02914999999999,3.8917,0,0,0,0,1,0,0,0,0,0
33.0,-83.2,OK,"sand, chalk, mud",74.975,71.0833,Late Cretaceous sedimentary,7,73.02914999999999,3.8917,0,0,0,0,1,0,0,0,0,0
33.0,-83.1,OK,"sand, chalk, mud",74.975,71.0833,Late Cretaceous sedimentary,7,73.02914999999999,3.8917,0,0,0,0,1,0,0,0,0,0
33.0,-83.0,OK,"sandstone, clay, chalk, limestone,",37.8,37.15,Late Eocene sedimentary,7,37.474999999999994,0.6499999999999986,0,0,0,1,1,0,0,0,0,0
33.0,-82.9,OK,"sandstone, clay, chalk, limestone,",37.8,37.15,Late Eocene sedimentary,7,37.474999999999994,0.6499999999999986,0,0,0,1,1,0,0,0,0,0
33.0,-82.8,OK,"Major:{sandstone,claystone}",17.6463,17.0875,Neogene undifferentiated,133,17.3669,0.5588000000000015,0,0,0,1,0,0,0,0,0,0
33.0,-82.7,OK,Major:{sand},34.992,34.875,Irwinton Sand,133,34.933499999999995,0.11699999999999733,0,0,0,0,1,0,0,0,0,0
33.0,-82.6,OK,Major:{sand},34.992,34.875,Irwinton Sand,133,34.933499999999995,0.11699999999999733,0,0,0,0,1,0,0,0,0,0
33.0,-82.5,OK,"sandstone, clay, chalk, limestone,",37.8,37.15,Late Eocene sedimentary,7,37.474999999999994,0.6499999999999986,0,0,0,1,1,0,0,0,0,0
33.0,-82.4,OK,Major:{sand},34.992,34.875,Irwinton Sand,133,34.933499999999995,0.11699999999999733,0,0,0,0,1,0,0,0,0,0
33.0,-82.3,OK,"Major:{sandstone,claystone}",17.6463,13.82,Neogene undifferentiated,133,15.73315,3.8263,0,0,0,1,0,0,0,0,0,0
33.0,-82.2,OK,"Major:{sandstone,claystone}",17.6463,13.82,Neogene undifferentiated,133,15.73315,3.8263,0,0,0,1,0,0,0,0,0,0
33.0,-82.1,OK,Major:{sand},34.992,34.875,Irwinton Sand,133,34.933499999999995,0.11699999999999733,0,0,0,0,1,0,0,0,0,0
33.0,-82.0,OK,"Major:{sandstone,claystone}",17.6463,13.82,Neogene undifferentiated,133,15.73315,3.8263,0,0,0,1,0,0,0,0,0,0
33.0,-81.9,OK,"Major:{sandstone,claystone}",17.6463,13.82,Neogene undifferentiated,133,15.73315,3.8263,0,0,0,1,0,0,0,0,0,0
33.0,-81.8,OK,"Major:{sandstone,claystone}",17.6463,13.82,Neogene undifferentiated,133,15.73315,3.8263,0,0,0,1,0,0,0,0,0,0
33.0,-81.7,OK,Major:{sand},34.992,34.875,Irwinton Sand,133,34.933499999999995,0.11699999999999733,0,0,0,0,1,0,0,0,0,0
33.0,-81.6,OK,"Major:{sandstone,claystone}",17.6463,13.82,Neogene undifferentiated,133,15.73315,3.8263,0,0,0,1,0,0,0,0,0,0
33.0,-81.5,OK,"sandstone, clay, chalk, limestone,",37.8,37.15,Late Eocene sedimentary,7,37.474999999999994,0.6499999999999986,0,0,0,1,1,0,0,0,0,0
33.1,-85.2,OK,plutonic: undivided granitic rocks,541.0,443.8,Cambrian-Ordovician plutonic: undivided granitic rocks,7,492.4,97.19999999999999,0,1,0,0,0,0,0,0,0,1
33.1,-85.1,OK,felsic paragneiss; amphibolite grade paragneiss/metavolcanic gneiss,1000.0,251.902,Precambrian-Phanerozoic crystalline metamorphic rocks,154,625.951,748.098,1,0,1,0,0,0,1,0,1,1
33.1,-85.0,OK,felsic paragneiss; amphibolite grade paragneiss/metavolcanic gneiss,1000.0,251.902,Precambrian-Phanerozoic crystalline metamorphic rocks,154,625.951,748.098,1,0,1,0,0,0,1,0,1,1
33.1,-84.9,OK,volcanic: interlayered sedimentary and volcanic rocks,1000.0,485.4,Neoproterozoic-Cambrian volcanic: interlayered sedimentary and volcanic rocks,7,742.7,514.6,0,0,1,1,0,0,0,0,0,0
33.1,-84.8,OK,volcanic: interlayered sedimentary and volcanic rocks,1000.0,485.4,Neoproterozoic-Cambrian volcanic: interlayered sedimentary and volcanic rocks,7,742.7,514.6,0,0,1,1,0,0,0,0,0,0
33.1,-84.7,OK,volcanic: interlayered sedimentary and volcanic rocks,1000.0,485.4,Neoproterozoic-Cambrian volcanic: interlayered sedimentary and volcanic rocks,7,742.7,514.6,0,0,1,1,0,0,0,0,0,0
33.1,-84.6,OK,plutonic: undivided granitic rocks,358.9,298.9,Mississippian-Pennsylvanian plutonic: undivided granitic rocks,7,328.9,60.0,0,1,0,0,0,0,0,0,0,1
33.1,-84.5,OK,volcanic: interlayered sedimentary and volcanic rocks,1000.0,485.4,Neoproterozoic-Cambrian volcanic: interlayered sedimentary and volcanic rocks,7,742.7,514.6,0,0,1,1,0,0,0,0,0,0
33.1,-84.4,OK,volcanic: interlayered sedimentary and volcanic rocks,1000.0,485.4,Neoproterozoic-Cambrian volcanic: interlayered sedimentary and volcanic rocks,7,742.7,514.6,0,0,1,1,0,0,0,0,0,0
33.1,-84.3,OK,sedimentary,1000.0,485.4,Neoproterozoic-Cambrian sedimentary,7,742.7,514.6,0,0,0,1,0,0,0,0,0,0
33.1,-84.2,OK,sedimentary,1000.0,485.4,Neoproterozoic-Cambrian sedimentary,7,742.7,514.6,0,0,0,1,0,0,0,0,0,0
33.1,-84.1,OK,sedimentary rocks,541.0,419.2,Paleozoic sedimentary rocks,154,480.1,121.80000000000001,0,0,0,1,0,0,0,0,0,0
33.1,-84.0,OK,sedimentary rocks,541.0,419.2,Paleozoic sedimentary rocks,154,480.1,121.80000000000001,0,0,0,1,0,0,0,0,0,0
33.1,-83.9,OK,felsic paragneiss; paragneiss/metavolcanic gneiss,541.0,251.902,Paleozoic crystalline metamorphic rocks,154,396.451,289.098,1,0,1,0,0,0,1,0,0,1
33.1,-83.8,OK,felsic paragneiss; paragneiss/metavolcanic gneiss,541.0,251.902,Paleozoic crystalline metamorphic rocks,154,396.451,289.098,1,0,1,0,0,0,1,0,0,1
33.1,-83.7,OK,felsic paragneiss; paragneiss/metavolcanic gneiss,541.0,251.902,Paleozoic crystalline metamorphic rocks,154,396.451,289.098,1,0,1,0,0,0,1,0,0,1
33.1,-83.6,OK,felsic paragneiss; paragneiss/metavolcanic gneiss,541.0,251.902,Paleozoic crystalline metamorphic rocks,154,396.451,289.098,1,0,1,0,0,0,1,0,0,1
33.1,-83.5,OK,felsic paragneiss; paragneiss/metavolcanic gneiss,541.0,251.902,Paleozoic crystalline metamorphic rocks,154,396.451,289.098,1,0,1,0,0,0,1,0,0,1
33.1,-83.4,OK,felsic paragneiss; paragneiss/metavolcanic gneiss,541.0,251.902,Paleozoic crystalline metamorphic rocks,154,396.451,289.098,1,0,1,0,0,0,1,0,0,1
33.1,-83.3,OK,mudstone-carbonate-sandstone-conglomerate,541.0,485.4,Paleozoic sedimentary and volcanic rocks,154,513.2,55.60000000000002,0,0,0,1,0,0,0,0,0,0
33.1,-83.2,OK,mudstone-carbonate-sandstone-conglomerate,541.0,485.4,Paleozoic sedimentary and volcanic rocks,154,513.2,55.60000000000002,0,0,0,1,0,0,0,0,0,0
33.1,-83.1,OK,"sand, chalk, mud",74.975,71.0833,Late Cretaceous sedimentary,7,73.02914999999999,3.8917,0,0,0,0,1,0,0,0,0,0
33.1,-83.0,OK,"sandstone, clay, chalk, limestone,",37.8,37.15,Late Eocene sedimentary,7,37.474999999999994,0.6499999999999986,0,0,0,1,1,0,0,0,0,0
33.1,-82.9,OK,"sandstone, clay, chalk, limestone,",37.8,37.15,Late Eocene sedimentary,7,37.474999999999994,0.6499999999999986,0,0,0,1,1,0,0,0,0,0
33.1,-82.8,OK,Major:{sand},34.992,34.875,Irwinton Sand,133,34.933499999999995,0.11699999999999733,0,0,0,0,1,0,0,0,0,0
33.1,-82.7,OK,Major:{sand},34.992,34.875,Irwinton Sand,133,34.933499999999995,0.11699999999999733,0,0,0,0,1,0,0,0,0,0
33.1,-82.6,OK,Major:{sand},34.992,34.875,Irwinton Sand,133,34.933499999999995,0.11699999999999733,0,0,0,0,1,0,0,0,0,0
33.1,-82.5,OK,"sandstone, clay, chalk, limestone,",37.8,37.15,Late Eocene sedimentary,7,37.474999999999994,0.6499999999999986,0,0,0,1,1,0,0,0,0,0
33.1,-82.4,OK,Major:{sand},34.992,34.875,Irwinton Sand,133,34.933499999999995,0.11699999999999733,0,0,0,0,1,0,0,0,0,0
33.1,-82.3,OK,Major:{sand},34.992,34.875,Irwinton Sand,133,34.933499999999995,0.11699999999999733,0,0,0,0,1,0,0,0,0,0
33.1,-82.2,OK,"Major:{sandstone,claystone}",17.6463,13.82,Neogene undifferentiated,133,15.73315,3.8263,0,0,0,1,0,0,0,0,0,0
33.1,-82.1,OK,"Major:{sandstone,claystone}",17.6463,13.82,Neogene undifferentiated,133,15.73315,3.8263,0,0,0,1,0,0,0,0,0,0
33.1,-82.0,OK,"Major:{sandstone,claystone}",17.6463,13.82,Neogene undifferentiated,133,15.73315,3.8263,0,0,0,1,0,0,0,0,0,0
33.1,-81.9,OK,Major:{sand},34.992,34.875,Irwinton Sand,133,34.933499999999995,0.11699999999999733,0,0,0,0,1,0,0,0,0,0
33.1,-81.8,OK,Major:{sand},34.992,34.875,Irwinton Sand,133,34.933499999999995,0.11699999999999733,0,0,0,0,1,0,0,0,0,0
33.1,-81.7,OK,"sandstone, clay, chalk, limestone,",37.8,37.15,Late Eocene sedimentary,7,37.474999999999994,0.6499999999999986,0,0,0,1,1,0,0,0,0,0
33.2,-85.2,OK,volcanic: interlayered sedimentary and volcanic rocks,1000.0,485.4,Neoproterozoic-Cambrian volcanic: interlayered sedimentary and volcanic rocks,7,742.7,514.6,0,0,1,1,0,0,0,0,0,0
33.2,-85.1,OK,plutonic: undivided granitic rocks,541.0,443.8,Cambrian-Ordovician plutonic: undivided granitic rocks,7,492.4,97.19999999999999,0,1,0,0,0,0,0,0,0,1
33.2,-85.0,OK,volcanic: interlayered sedimentary and volcanic rocks,1000.0,485.4,Neoproterozoic-Cambrian volcanic: interlayered sedimentary and volcanic rocks,7,742.7,514.6,0,0,1,1,0,0,0,0,0,0
33.2,-84.9,OK,volcanic: interlayered sedimentary and volcanic rocks,1000.0,485.4,Neoproterozoic-Cambrian volcanic: interlayered sedimentary and volcanic rocks,7,742.7,514.6,0,0,1,1,0,0,0,0,0,0
33.2,-84.8,OK,volcanic: interlayered sedimentary and volcanic rocks,1000.0,485.4,Neoproterozoic-Cambrian volcanic: interlayered sedimentary and volcanic rocks,7,742.7,514.6,0,0,1,1,0,0,0,0,0,0
33.2,-84.7,OK,volcanic: interlayered sedimentary and volcanic rocks,1000.0,485.4,Neoproterozoic-Cambrian volcanic: interlayered sedimentary and volcanic rocks,7,742.7,514.6,0,0,1,1,0,0,0,0,0,0
33.2,-84.6,OK,plutonic: undivided granitic rocks,358.9,298.9,Mississippian-Pennsylvanian plutonic: undivided granitic rocks,7,328.9,60.0,0,1,0,0,0,0,0,0,0,1
33.2,-84.5,OK,plutonic: undivided granitic rocks,358.9,298.9,Mississippian-Pennsylvanian plutonic: undivided granitic rocks,7,328.9,60.0,0,1,0,0,0,0,0,0,0,1
33.2,-84.4,OK,volcanic: interlayered sedimentary and volcanic rocks,1000.0,485.4,Neoproterozoic-Cambrian volcanic: interlayered sedimentary and volcanic rocks,7,742.7,514.6,0,0,1,1,0,0,0,0,0,0
33.2,-84.3,OK,volcanic: interlayered sedimentary and volcanic rocks,1000.0,485.4,Neoproterozoic-Cambrian volcanic: interlayered sedimentary and volcanic rocks,7,742.7,514.6,0,0,1,1,0,0,0,0,0,0
33.2,-84.2,OK,volcanic: interlayered sedimentary and volcanic rocks,1000.0,485.4,Neoproterozoic-Cambrian volcanic: interlayered sedimentary and volcanic rocks,7,742.7,514.6,0,0,1,1,0,0,0,0,0,0
33.2,-84.1,OK,volcanic: interlayered sedimentary and volcanic rocks,1000.0,485.4,Neoproterozoic-Cambrian volcanic: interlayered sedimentary and volcanic rocks,7,742.7,514.6,0,0,1,1,0,0,0,0,0,0
33.2,-84.0,OK,volcanic: interlayered sedimentary and volcanic rocks,1000.0,485.4,Neoproterozoic-Cambrian volcanic: interlayered sedimentary and volcanic rocks,7,742.7,514.6,0,0,1,1,0,0,0,0,0,0
33.2,-83.9,OK,sedimentary rocks,541.0,419.2,Paleozoic sedimentary rocks,154,480.1,121.80000000000001,0,0,0,1,0,0,0,0,0,0
33.2,-83.8,OK,felsic paragneiss; paragneiss/metavolcanic gneiss,541.0,251.902,Paleozoic crystalline metamorphic rocks,154,396.451,289.098,1,0,1,0,0,0,1,0,0,1
33.2,-83.7,OK,felsic paragneiss; paragneiss/metavolcanic gneiss,541.0,251.902,Paleozoic crystalline metamorphic rocks,154,396.451,289.098,1,0,1,0,0,0,1,0,0,1
33.2,-83.6,OK,felsic paragneiss; paragneiss/metavolcanic gneiss,541.0,251.902,Paleozoic crystalline metamorphic rocks,154,396.451,289.098,1,0,1,0,0,0,1,0,0,1
33.2,-83.5,OK,felsic paragneiss; paragneiss/metavolcanic gneiss,541.0,251.902,Paleozoic crystalline metamorphic rocks,154,396.451,289.098,1,0,1,0,0,0,1,0,0,1
33.2,-83.4,OK,felsic paragneiss; paragneiss/metavolcanic gneiss,541.0,251.902,Paleozoic crystalline metamorphic rocks,154,396.451,289.098,1,0,1,0,0,0,1,0,0,1
33.2,-83.3,OK,felsic paragneiss; paragneiss/metavolcanic gneiss,541.0,251.902,Paleozoic crystalline metamorphic rocks,154,396.451,289.098,1,0,1,0,0,0,1,0,0,1
33.2,-83.2,OK,mudstone-carbonate-sandstone-conglomerate,541.0,485.4,Paleozoic sedimentary and volcanic rocks,154,513.2,55.60000000000002,0,0,0,1,0,0,0,0,0,0
33.2,-83.1,OK,mudstone-carbonate-sandstone-conglomerate,541.0,485.4,Paleozoic sedimentary and volcanic rocks,154,513.2,55.60000000000002,0,0,0,1,0,0,0,0,0,0
33.2,-83.0,OK,mudstone-carbonate-sandstone-conglomerate,541.0,485.4,Paleozoic sedimentary and volcanic rocks,154,513.2,55.60000000000002,0,0,0,1,0,0,0,0,0,0
33.2,-82.9,OK,Major:{sand},34.992,34.875,Irwinton Sand,133,34.933499999999995,0.11699999999999733,0,0,0,0,1,0,0,0,0,0
33.2,-82.8,OK,Major:{sand},34.992,34.875,Irwinton Sand,133,34.933499999999995,0.11699999999999733,0,0,0,0,1,0,0,0,0,0
33.2,-82.7,OK,Major:{sand},34.992,34.875,Irwinton Sand,133,34.933499999999995,0.11699999999999733,0,0,0,0,1,0,0,0,0,0
33.2,-82.6,OK,Major:{sand},34.992,34.875,Irwinton Sand,133,34.933499999999995,0.11699999999999733,0,0,0,0,1,0,0,0,0,0
33.2,-82.5,OK,Major:{sand},34.992,34.875,Irwinton Sand,133,34.933499999999995,0.11699999999999733,0,0,0,0,1,0,0,0,0,0
33.2,-82.4,OK,"sandstone, clay, chalk, limestone,",37.8,37.15,Late Eocene sedimentary,7,37.474999999999994,0.6499999999999986,0,0,0,1,1,0,0,0,0,0
33.2,-82.3,OK,"sandstone, clay, chalk, limestone,",37.8,37.15,Late Eocene sedimentary,7,37.474999999999994,0.6499999999999986,0,0,0,1,1,0,0,0,0,0
33.2,-82.2,OK,"sandstone, clay, chalk, limestone,",37.8,37.15,Late Eocene sedimentary,7,37.474999999999994,0.6499999999999986,0,0,0,1,1,0,0,0,0,0
33.2,-82.1,OK,Major:{sand},34.992,34.875,Irwinton Sand,133,34.933499999999995,0.11699999999999733,0,0,0,0,1,0,0,0,0,0
33.2,-82.0,OK,"sandstone, clay, chalk, limestone,",37.8,37.15,Late Eocene sedimentary,7,37.474999999999994,0.6499999999999986,0,0,0,1,1,0,0,0,0,0
33.2,-81.9,OK,"sandstone, clay, chalk, limestone,",37.8,37.15,Late Eocene sedimentary,7,37.474999999999994,0.6499999999999986,0,0,0,1,1,0,0,0,0,0
33.2,-81.8,OK,"sandstone, clay, chalk, limestone,",37.8,37.15,Late Eocene sedimentary,7,37.474999999999994,0.6499999999999986,0,0,0,1,1,0,0,0,0,0
33.3,-85.2,OK,sedimentary,1000.0,485.4,Neoproterozoic-Cambrian sedimentary,7,742.7,514.6,0,0,0,1,0,0,0,0,0,0
33.3,-85.1,OK,volcanic: interlayered sedimentary and volcanic rocks,1000.0,485.4,Neoproterozoic-Cambrian volcanic: interlayered sedimentary and volcanic rocks,7,742.7,514.6,0,0,1,1,0,0,0,0,0,0
33.3,-85.0,OK,volcanic: interlayered sedimentary and volcanic rocks,1000.0,485.4,Neoproterozoic-Cambrian volcanic: interlayered sedimentary and volcanic rocks,7,742.7,514.6,0,0,1,1,0,0,0,0,0,0
33.3,-84.9,OK,volcanic: interlayered sedimentary and volcanic rocks,1000.0,485.4,Neoproterozoic-Cambrian volcanic: interlayered sedimentary and volcanic rocks,7,742.7,514.6,0,0,1,1,0,0,0,0,0,0
33.3,-84.8,OK,volcanic: interlayered sedimentary and volcanic rocks,1000.0,485.4,Neoproterozoic-Cambrian volcanic: interlayered sedimentary and volcanic rocks,7,742.7,514.6,0,0,1,1,0,0,0,0,0,0
33.3,-84.7,OK,volcanic: interlayered sedimentary and volcanic rocks,1000.0,485.4,Neoproterozoic-Cambrian volcanic: interlayered sedimentary and volcanic rocks,7,742.7,514.6,0,0,1,1,0,0,0,0,0,0
33.3,-84.6,OK,volcanic: interlayered sedimentary and volcanic rocks,1000.0,485.4,Neoproterozoic-Cambrian volcanic: interlayered sedimentary and volcanic rocks,7,742.7,514.6,0,0,1,1,0,0,0,0,0,0
33.3,-84.5,OK,plutonic: undivided granitic rocks,358.9,298.9,Mississippian-Pennsylvanian plutonic: undivided granitic rocks,7,328.9,60.0,0,1,0,0,0,0,0,0,0,1
33.3,-84.4,OK,plutonic: undivided granitic rocks,358.9,298.9,Mississippian-Pennsylvanian plutonic: undivided granitic rocks,7,328.9,60.0,0,1,0,0,0,0,0,0,0,1
33.3,-84.3,OK,volcanic: interlayered sedimentary and volcanic rocks,1000.0,485.4,Neoproterozoic-Cambrian volcanic: interlayered sedimentary and volcanic rocks,7,742.7,514.6,0,0,1,1,0,0,0,0,0,0
33.3,-84.2,OK,volcanic: interlayered sedimentary and volcanic rocks,1000.0,485.4,Neoproterozoic-Cambrian volcanic: interlayered sedimentary and volcanic rocks,7,742.7,514.6,0,0,1,1,0,0,0,0,0,0
33.3,-84.1,OK,volcanic: interlayered sedimentary and volcanic rocks,1000.0,485.4,Neoproterozoic-Cambrian volcanic: interlayered sedimentary and volcanic rocks,7,742.7,514.6,0,0,1,1,0,0,0,0,0,0
33.3,-84.0,OK,volcanic: interlayered sedimentary and volcanic rocks,1000.0,485.4,Neoproterozoic-Cambrian volcanic: interlayered sedimentary and volcanic rocks,7,742.7,514.6,0,0,1,1,0,0,0,0,0,0
33.3,-83.9,OK,volcanic: interlayered sedimentary and volcanic rocks,1000.0,485.4,Neoproterozoic-Cambrian volcanic: interlayered sedimentary and volcanic rocks,7,742.7,514.6,0,0,1,1,0,0,0,0,0,0
33.3,-83.8,OK,volcanic: interlayered sedimentary and volcanic rocks,1000.0,485.4,Neoproterozoic-Cambrian volcanic: interlayered sedimentary and volcanic rocks,7,742.7,514.6,0,0,1,1,0,0,0,0,0,0
33.3,-83.7,OK,felsic paragneiss; paragneiss/metavolcanic gneiss,541.0,251.902,Paleozoic crystalline metamorphic rocks,154,396.451,289.098,1,0,1,0,0,0,1,0,0,1
33.3,-83.6,OK,felsic paragneiss; paragneiss/metavolcanic gneiss,541.0,251.902,Paleozoic crystalline metamorphic rocks,154,396.451,289.098,1,0,1,0,0,0,1,0,0,1
33.3,-83.5,OK,felsic paragneiss; paragneiss/metavolcanic gneiss,541.0,251.902,Paleozoic crystalline metamorphic rocks,154,396.451,289.098,1,0,1,0,0,0,1,0,0,1
33.3,-83.4,OK,felsic paragneiss; paragneiss/metavolcanic gneiss,541.0,251.902,Paleozoic crystalline metamorphic rocks,154,396.451,289.098,1,0,1,0,0,0,1,0,0,1
33.3,-83.3,OK,felsic paragneiss; paragneiss/metavolcanic gneiss,541.0,251.902,Paleozoic crystalline metamorphic rocks,154,396.451,289.098,1,0,1,0,0,0,1,0,0,1
33.3,-83.2,OK,felsic paragneiss; paragneiss/metavolcanic gneiss,541.0,251.902,Paleozoic crystalline metamorphic rocks,154,396.451,289.098,1,0,1,0,0,0,1,0,0,1
33.3,-83.1,OK,felsic paragneiss; paragneiss/metavolcanic gneiss,541.0,251.902,Paleozoic crystalline metamorphic rocks,154,396.451,289.098,1,0,1,0,0,0,1,0,0,1
33.3,-83.0,OK,mudstone-carbonate-sandstone-conglomerate,541.0,485.4,Paleozoic sedimentary and volcanic rocks,154,513.2,55.60000000000002,0,0,0,1,0,0,0,0,0,0
33.3,-82.9,OK,mudstone-carbonate-sandstone-conglomerate,541.0,485.4,Paleozoic sedimentary and volcanic rocks,154,513.2,55.60000000000002,0,0,0,1,0,0,0,0,0,0
33.3,-82.8,OK,Major:{sand},34.992,34.875,Irwinton Sand,133,34.933499999999995,0.11699999999999733,0,0,0,0,1,0,0,0,0,0
33.3,-82.7,OK,Major:{sand},34.992,34.875,Irwinton Sand,133,34.933499999999995,0.11699999999999733,0,0,0,0,1,0,0,0,0,0
33.3,-82.6,OK,"sandstone, clay, chalk, limestone,",37.8,37.15,Late Eocene sedimentary,7,37.474999999999994,0.6499999999999986,0,0,0,1,1,0,0,0,0,0
33.3,-82.5,OK,Major:{sand},34.992,34.875,Irwinton Sand,133,34.933499999999995,0.11699999999999733,0,0,0,0,1,0,0,0,0,0
33.3,-82.4,OK,Major:{sand},34.992,34.875,Irwinton Sand,133,34.933499999999995,0.11699999999999733,0,0,0,0,1,0,0,0,0,0
33.3,-82.3,OK,"sandstone, clay, chalk, limestone,",37.8,37.15,Late Eocene sedimentary,7,37.474999999999994,0.6499999999999986,0,0,0,1,1,0,0,0,0,0
33.3,-82.2,OK,Major:{sand},34.992,34.875,Irwinton Sand,133,34.933499999999995,0.11699999999999733,0,0,0,0,1,0,0,0,0,0
33.3,-82.1,OK,Major:{sand},34.992,34.875,Irwinton Sand,133,34.933499999999995,0.11699999999999733,0,0,0,0,1,0,0,0,0,0
33.3,-82.0,OK,"sandstone, clay, chalk, limestone,",37.8,37.15,Late Eocene sedimentary,7,37.474999999999994,0.6499999999999986,0,0,0,1,1,0,0,0,0,0
33.3,-81.9,OK,"sandstone, clay, chalk, limestone,",37.8,37.15,Late Eocene sedimentary,7,37.474999999999994,0.6499999999999986,0,0,0,1,1,0,0,0,0,0
33.4,-85.2,OK,sedimentary rocks,1000.0,541.0,Neoproterozoic sedimentary rocks,154,770.5,459.0,0,0,0,1,0,0,0,0,0,0
33.4,-85.1,OK,sedimentary,1000.0,485.4,Neoproterozoic-Cambrian sedimentary,7,742.7,514.6,0,0,0,1,0,0,0,0,0,0
33.4,-85.0,OK,volcanic: interlayered sedimentary and volcanic rocks,1000.0,485.4,Neoproterozoic-Cambrian volcanic: interlayered sedimentary and volcanic rocks,7,742.7,514.6,0,0,1,1,0,0,0,0,0,0
33.4,-84.9,OK,volcanic: interlayered sedimentary and volcanic rocks,1000.0,485.4,Neoproterozoic-Cambrian volcanic: interlayered sedimentary and volcanic rocks,7,742.7,514.6,0,0,1,1,0,0,0,0,0,0
33.4,-84.8,OK,volcanic: interlayered sedimentary and volcanic rocks,1000.0,485.4,Neoproterozoic-Cambrian volcanic: interlayered sedimentary and volcanic rocks,7,742.7,514.6,0,0,1,1,0,0,0,0,0,0
33.4,-84.7,OK,volcanic: interlayered sedimentary and volcanic rocks,1000.0,485.4,Neoproterozoic-Cambrian volcanic: interlayered sedimentary and volcanic rocks,7,742.7,514.6,0,0,1,1,0,0,0,0,0,0
33.4,-84.6,OK,volcanic: interlayered sedimentary and volcanic rocks,1000.0,485.4,Neoproterozoic-Cambrian volcanic: interlayered sedimentary and volcanic rocks,7,742.7,514.6,0,0,1,1,0,0,0,0,0,0
33.4,-84.5,OK,volcanic: interlayered sedimentary and volcanic rocks,1000.0,485.4,Neoproterozoic-Cambrian volcanic: interlayered sedimentary and volcanic rocks,7,742.7,514.6,0,0,1,1,0,0,0,0,0,0
33.4,-84.4,OK,volcanic: interlayered sedimentary and volcanic rocks,1000.0,485.4,Neoproterozoic-Cambrian volcanic: interlayered sedimentary and volcanic rocks,7,742.7,514.6,0,0,1,1,0,0,0,0,0,0
33.4,-84.3,OK,volcanic: interlayered sedimentary and volcanic rocks,1000.0,485.4,Neoproterozoic-Cambrian volcanic: interlayered sedimentary and volcanic rocks,7,742.7,514.6,0,0,1,1,0,0,0,0,0,0
33.4,-84.2,OK,volcanic: interlayered sedimentary and volcanic rocks,1000.0,485.4,Neoproterozoic-Cambrian volcanic: interlayered sedimentary and volcanic rocks,7,742.7,514.6,0,0,1,1,0,0,0,0,0,0
33.4,-84.1,OK,volcanic: interlayered sedimentary and volcanic rocks,1000.0,485.4,Neoproterozoic-Cambrian volcanic: interlayered sedimentary and volcanic rocks,7,742.7,514.6,0,0,1,1,0,0,0,0,0,0
33.4,-84.0,OK,volcanic: interlayered sedimentary and volcanic rocks,1000.0,485.4,Neoproterozoic-Cambrian volcanic: interlayered sedimentary and volcanic rocks,7,742.7,514.6,0,0,1,1,0,0,0,0,0,0
33.4,-83.9,OK,volcanic: interlayered sedimentary and volcanic rocks,1000.0,485.4,Neoproterozoic-Cambrian volcanic: interlayered sedimentary and volcanic rocks,7,742.7,514.6,0,0,1,1,0,0,0,0,0,0
33.4,-83.8,OK,volcanic: interlayered sedimentary and volcanic rocks,1000.0,485.4,Neoproterozoic-Cambrian volcanic: interlayered sedimentary and volcanic rocks,7,742.7,514.6,0,0,1,1,0,0,0,0,0,0
33.4,-83.7,OK,volcanic: interlayered sedimentary and volcanic rocks,1000.0,485.4,Neoproterozoic-Cambrian volcanic: interlayered sedimentary and volcanic rocks,7,742.7,514.6,0,0,1,1,0,0,0,0,0,0
33.4,-83.6,OK,felsic paragneiss; paragneiss/metavolcanic gneiss,541.0,251.902,Paleozoic crystalline metamorphic rocks,154,396.451,289.098,1,0,1,0,0,0,1,0,0,1
33.4,-83.5,OK,felsic paragneiss; paragneiss/metavolcanic gneiss,541.0,251.902,Paleozoic crystalline metamorphic rocks,154,396.451,289.098,1,0,1,0,0,0,1,0,0,1
33.4,-83.4,OK,felsic paragneiss; paragneiss/metavolcanic gneiss,541.0,251.902,Paleozoic crystalline metamorphic rocks,154,396.451,289.098,1,0,1,0,0,0,1,0,0,1
33.4,-83.3,OK,felsic paragneiss; paragneiss/metavolcanic gneiss,541.0,251.902,Paleozoic crystalline metamorphic rocks,154,396.451,289.098,1,0,1,0,0,0,1,0,0,1
33.4,-83.2,OK,plutonic: undivided granitic rocks,358.9,298.9,Mississippian-Pennsylvanian plutonic: undivided granitic rocks,7,328.9,60.0,0,1,0,0,0,0,0,0,0,1
33.4,-83.1,OK,felsic paragneiss; paragneiss/metavolcanic gneiss,541.0,251.902,Paleozoic crystalline metamorphic rocks,154,396.451,289.098,1,0,1,0,0,0,1,0,0,1
33.4,-83.0,OK,felsic paragneiss; paragneiss/metavolcanic gneiss,541.0,251.902,Paleozoic crystalline metamorphic rocks,154,396.451,289.098,1,0,1,0,0,0,1,0,0,1
33.4,-82.9,OK,plutonic: undivided granitic rocks,358.9,298.9,Mississippian-Pennsylvanian plutonic: undivided granitic rocks,7,328.9,60.0,0,1,0,0,0,0,0,0,0,1
33.4,-82.8,OK,mudstone-carbonate-sandstone-conglomerate,541.0,485.4,Paleozoic sedimentary and volcanic rocks,154,513.2,55.60000000000002,0,0,0,1,0,0,0,0,0,0
33.4,-82.7,OK,mudstone-carbonate-sandstone-conglomerate,541.0,485.4,Paleozoic sedimentary and volcanic rocks,154,513.2,55.60000000000002,0,0,0,1,0,0,0,0,0,0
33.4,-82.6,OK,mudstone-carbonate-sandstone-conglomerate,541.0,485.4,Paleozoic sedimentary and volcanic rocks,154,513.2,55.60000000000002,0,0,0,1,0,0,0,0,0,0
33.4,-82.5,OK,"sandstone, clay, chalk, limestone,",37.8,37.15,Late Eocene sedimentary,7,37.474999999999994,0.6499999999999986,0,0,0,1,1,0,0,0,0,0
33.4,-82.4,OK,"sandstone, clay, chalk, limestone,",37.8,37.15,Late Eocene sedimentary,7,37.474999999999994,0.6499999999999986,0,0,0,1,1,0,0,0,0,0
33.4,-82.3,OK,"sandstone, clay, chalk, limestone,",37.8,37.15,Late Eocene sedimentary,7,37.474999999999994,0.6499999999999986,0,0,0,1,1,0,0,0,0,0
33.4,-82.2,OK,"sandstone, clay, chalk, limestone,",37.8,37.15,Late Eocene sedimentary,7,37.474999999999994,0.6499999999999986,0,0,0,1,1,0,0,0,0,0
33.4,-82.1,OK,"sandstone, clay, chalk, limestone,",37.8,37.15,Late Eocene sedimentary,7,37.474999999999994,0.6499999999999986,0,0,0,1,1,0,0,0,0,0
33.4,-82.0,OK,"sandstone, clay, chalk, limestone,",37.8,37.15,Late Eocene sedimentary,7,37.474999999999994,0.6499999999999986,0,0,0,1,1,0,0,0,0,0
33.5,-85.3,OK,sedimentary rocks,541.0,251.902,Paleozoic sedimentary rocks,154,396.451,289.098,0,0,0,1,0,0,0,0,0,0
33.5,-85.2,OK,sedimentary rocks,1000.0,541.0,Neoproterozoic sedimentary rocks,154,770.5,459.0,0,0,0,1,0,0,0,0,0,0
33.5,-85.1,OK,sedimentary rocks,1000.0,541.0,Neoproterozoic sedimentary rocks,154,770.5,459.0,0,0,0,1,0,0,0,0,0,0
33.5,-85.0,OK,sedimentary rocks,1000.0,541.0,Neoproterozoic sedimentary rocks,154,770.5,459.0,0,0,0,1,0,0,0,0,0,0
33.5,-84.9,OK,sedimentary,1000.0,485.4,Neoproterozoic-Cambrian sedimentary,7,742.7,514.6,0,0,0,1,0,0,0,0,0,0
33.5,-84.8,OK,volcanic: interlayered sedimentary and volcanic rocks,1000.0,485.4,Neoproterozoic-Cambrian volcanic: interlayered sedimentary and volcanic rocks,7,742.7,514.6,0,0,1,1,0,0,0,0,0,0
33.5,-84.7,OK,plutonic: undivided granitic rocks,358.9,298.9,Mississippian-Pennsylvanian plutonic: undivided granitic rocks,7,328.9,60.0,0,1,0,0,0,0,0,0,0,1
33.5,-84.6,OK,volcanic: interlayered sedimentary and volcanic rocks,1000.0,485.4,Neoproterozoic-Cambrian volcanic: interlayered sedimentary and volcanic rocks,7,742.7,514.6,0,0,1,1,0,0,0,0,0,0
33.5,-84.5,OK,volcanic: interlayered sedimentary and volcanic rocks,1000.0,485.4,Neoproterozoic-Cambrian volcanic: interlayered sedimentary and volcanic rocks,7,742.7,514.6,0,0,1,1,0,0,0,0,0,0
33.5,-84.4,OK,volcanic: interlayered sedimentary and volcanic rocks,1000.0,485.4,Neoproterozoic-Cambrian volcanic: interlayered sedimentary and volcanic rocks,7,742.7,514.6,0,0,1,1,0,0,0,0,0,0
33.5,-84.3,OK,volcanic: interlayered sedimentary and volcanic rocks,1000.0,485.4,Neoproterozoic-Cambrian volcanic: interlayered sedimentary and volcanic rocks,7,742.7,514.6,0,0,1,1,0,0,0,0,0,0
33.5,-84.2,OK,volcanic: interlayered sedimentary and volcanic rocks,1000.0,485.4,Neoproterozoic-Cambrian volcanic: interlayered sedimentary and volcanic rocks,7,742.7,514.6,0,0,1,1,0,0,0,0,0,0
33.5,-84.1,OK,volcanic: interlayered sedimentary and volcanic rocks,1000.0,485.4,Neoproterozoic-Cambrian volcanic: interlayered sedimentary and volcanic rocks,7,742.7,514.6,0,0,1,1,0,0,0,0,0,0
33.5,-84.0,OK,volcanic: interlayered sedimentary and volcanic rocks,1000.0,485.4,Neoproterozoic-Cambrian volcanic: interlayered sedimentary and volcanic rocks,7,742.7,514.6,0,0,1,1,0,0,0,0,0,0
33.5,-83.9,OK,volcanic: interlayered sedimentary and volcanic rocks,1000.0,485.4,Neoproterozoic-Cambrian volcanic: interlayered sedimentary and volcanic rocks,7,742.7,514.6,0,0,1,1,0,0,0,0,0,0
33.5,-83.8,OK,volcanic: interlayered sedimentary and volcanic rocks,1000.0,485.4,Neoproterozoic-Cambrian volcanic: interlayered sedimentary and volcanic rocks,7,742.7,514.6,0,0,1,1,0,0,0,0,0,0
33.5,-83.7,OK,volcanic: interlayered sedimentary and volcanic rocks,1000.0,485.4,Neoproterozoic-Cambrian volcanic: interlayered sedimentary and volcanic rocks,7,742.7,514.6,0,0,1,1,0,0,0,0,0,0
33.5,-83.6,OK,volcanic: interlayered sedimentary and volcanic rocks,1000.0,485.4,Neoproterozoic-Cambrian volcanic: interlayered sedimentary and volcanic rocks,7,742.7,514.6,0,0,1,1,0,0,0,0,0,0
33.5,-83.5,OK,felsic paragneiss; paragneiss/metavolcanic gneiss,541.0,251.902,Paleozoic crystalline metamorphic rocks,154,396.451,289.098,1,0,1,0,0,0,1,0,0,1
33.5,-83.4,OK,felsic paragneiss; paragneiss/metavolcanic gneiss,541.0,251.902,Paleozoic crystalline metamorphic rocks,154,396.451,289.098,1,0,1,0,0,0,1,0,0,1
33.5,-83.3,OK,felsic paragneiss; paragneiss/metavolcanic gneiss,541.0,251.902,Paleozoic crystalline metamorphic rocks,154,396.451,289.098,1,0,1,0,0,0,1,0,0,1
33.5,-83.2,OK,plutonic: undivided granitic rocks,358.9,298.9,Mississippian-Pennsylvanian plutonic: undivided granitic rocks,7,328.9,60.0,0,1,0,0,0,0,0,0,0,1
33.5,-83.1,OK,plutonic: undivided granitic rocks,358.9,298.9,Mississippian-Pennsylvanian plutonic: undivided granitic rocks,7,328.9,60.0,0,1,0,0,0,0,0,0,0,1
33.5,-83.0,OK,felsic paragneiss; paragneiss/metavolcanic gneiss,541.0,251.902,Paleozoic crystalline metamorphic rocks,154,396.451,289.098,1,0,1,0,0,0,1,0,0,1
33.5,-82.9,OK,felsic paragneiss; paragneiss/metavolcanic gneiss,541.0,251.902,Paleozoic crystalline metamorphic rocks,154,396.451,289.098,1,0,1,0,0,0,1,0,0,1
33.5,-82.8,OK,felsic paragneiss; paragneiss/metavolcanic gneiss,541.0,251.902,Paleozoic crystalline metamorphic rocks,154,396.451,289.098,1,0,1,0,0,0,1,0,0,1
33.5,-82.7,OK,mudstone-carbonate-sandstone-conglomerate,541.0,485.4,Paleozoic sedimentary and volcanic rocks,154,513.2,55.60000000000002,0,0,0,1,0,0,0,0,0,0
33.5,-82.6,OK,mudstone-carbonate-sandstone-conglomerate,541.0,485.4,Paleozoic sedimentary and volcanic rocks,154,513.2,55.60000000000002,0,0,0,1,0,0,0,0,0,0
33.5,-82.5,OK,mudstone-carbonate-sandstone-conglomerate,541.0,485.4,Paleozoic sedimentary and volcanic rocks,154,513.2,55.60000000000002,0,0,0,1,0,0,0,0,0,0
33.5,-82.4,OK,"Major:{sand,clay}",95.55,90.825,Lower Tertiary-Cretaceous undifferentiated,133,93.1875,4.724999999999994,0,0,0,0,1,0,0,0,0,0
33.5,-82.3,OK,sedimentary rocks,145.0,66.0,Mesozoic sedimentary rocks,154,105.5,79.0,0,0,0,1,0,0,0,0,0,0
33.5,-82.2,OK,"sandstone, clay, chalk, limestone,",37.8,37.15,Late Eocene sedimentary,7,37.474999999999994,0.6499999999999986,0,0,0,1,1,0,0,0,0,0
33.5,-82.1,OK,"sandstone, clay, chalk, limestone,",37.8,37.15,Late Eocene sedimentary,7,37.474999999999994,0.6499999999999986,0,0,0,1,1,0,0,0,0,0
33.5,-82.0,OK,"sandstone, clay, chalk, limestone,",37.8,37.15,Late Eocene sedimentary,7,37.474999999999994,0.6499999999999986,0,0,0,1,1,0,0,0,0,0
33.6,-85.3,OK,sedimentary rocks,541.0,251.902,Paleozoic sedimentary rocks,154,396.451,289.098,0,0,0,1,0,0,0,0,0,0
33.6,-85.2,OK,sedimentary rocks,541.0,251.902,Paleozoic sedimentary rocks,154,396.451,289.098,0,0,0,1,0,0,0,0,0,0
33.6,-85.1,OK,plutonic: undivided granitic rocks,541.0,443.8,Cambrian-Ordovician plutonic: undivided granitic rocks,7,492.4,97.19999999999999,0,1,0,0,0,0,0,0,0,1
33.6,-85.0,OK,sedimentary,1000.0,485.4,Neoproterozoic-Cambrian sedimentary,7,742.7,514.6,0,0,0,1,0,0,0,0,0,0
33.6,-84.9,OK,sedimentary rocks,1000.0,541.0,Neoproterozoic sedimentary rocks,154,770.5,459.0,0,0,0,1,0,0,0,0,0,0
33.6,-84.8,OK,sedimentary,1000.0,485.4,Neoproterozoic-Cambrian sedimentary,7,742.7,514.6,0,0,0,1,0,0,0,0,0,0
33.6,-84.7,OK,volcanic: interlayered sedimentary and volcanic rocks,1000.0,485.4,Neoproterozoic-Cambrian volcanic: interlayered sedimentary and volcanic rocks,7,742.7,514.6,0,0,1,1,0,0,0,0,0,0
33.6,-84.6,OK,volcanic: interlayered sedimentary and volcanic rocks,1000.0,485.4,Neoproterozoic-Cambrian volcanic: interlayered sedimentary and volcanic rocks,7,742.7,514.6,0,0,1,1,0,0,0,0,0,0
33.6,-84.5,OK,volcanic: interlayered sedimentary and volcanic rocks,1000.0,485.4,Neoproterozoic-Cambrian volcanic: interlayered sedimentary and volcanic rocks,7,742.7,514.6,0,0,1,1,0,0,0,0,0,0
33.6,-84.4,OK,volcanic: interlayered sedimentary and volcanic rocks,1000.0,485.4,Neoproterozoic-Cambrian volcanic: interlayered sedimentary and volcanic rocks,7,742.7,514.6,0,0,1,1,0,0,0,0,0,0
33.6,-84.3,OK,volcanic: interlayered sedimentary and volcanic rocks,1000.0,485.4,Neoproterozoic-Cambrian volcanic: interlayered sedimentary and volcanic rocks,7,742.7,514.6,0,0,1,1,0,0,0,0,0,0
33.6,-84.2,OK,volcanic: interlayered sedimentary and volcanic rocks,1000.0,485.4,Neoproterozoic-Cambrian volcanic: interlayered sedimentary and volcanic rocks,7,742.7,514.6,0,0,1,1,0,0,0,0,0,0
33.6,-84.1,OK,volcanic: interlayered sedimentary and volcanic rocks,1000.0,485.4,Neoproterozoic-Cambrian volcanic: interlayered sedimentary and volcanic rocks,7,742.7,514.6,0,0,1,1,0,0,0,0,0,0
33.6,-84.0,OK,volcanic: interlayered sedimentary and volcanic rocks,1000.0,485.4,Neoproterozoic-Cambrian volcanic: interlayered sedimentary and volcanic rocks,7,742.7,514.6,0,0,1,1,0,0,0,0,0,0
33.6,-83.9,OK,volcanic: interlayered sedimentary and volcanic rocks,1000.0,485.4,Neoproterozoic-Cambrian volcanic: interlayered sedimentary and volcanic rocks,7,742.7,514.6,0,0,1,1,0,0,0,0,0,0
33.6,-83.8,OK,volcanic: interlayered sedimentary and volcanic rocks,1000.0,485.4,Neoproterozoic-Cambrian volcanic: interlayered sedimentary and volcanic rocks,7,742.7,514.6,0,0,1,1,0,0,0,0,0,0
33.6,-83.7,OK,volcanic: interlayered sedimentary and volcanic rocks,1000.0,485.4,Neoproterozoic-Cambrian volcanic: interlayered sedimentary and volcanic rocks,7,742.7,514.6,0,0,1,1,0,0,0,0,0,0
33.6,-83.6,OK,volcanic: interlayered sedimentary and volcanic rocks,1000.0,485.4,Neoproterozoic-Cambrian volcanic: interlayered sedimentary and volcanic rocks,7,742.7,514.6,0,0,1,1,0,0,0,0,0,0
33.6,-83.5,OK,volcanic: interlayered sedimentary and volcanic rocks,1000.0,485.4,Neoproterozoic-Cambrian volcanic: interlayered sedimentary and volcanic rocks,7,742.7,514.6,0,0,1,1,0,0,0,0,0,0
33.6,-83.4,OK,volcanic: interlayered sedimentary and volcanic rocks,1000.0,485.4,Neoproterozoic-Cambrian volcanic: interlayered sedimentary and volcanic rocks,7,742.7,514.6,0,0,1,1,0,0,0,0,0,0
33.6,-83.3,OK,felsic paragneiss; paragneiss/metavolcanic gneiss,541.0,251.902,Paleozoic crystalline metamorphic rocks,154,396.451,289.098,1,0,1,0,0,0,1,0,0,1
33.6,-83.2,OK,felsic paragneiss; paragneiss/metavolcanic gneiss,541.0,251.902,Paleozoic crystalline metamorphic rocks,154,396.451,289.098,1,0,1,0,0,0,1,0,0,1
33.6,-83.1,OK,plutonic: undivided granitic rocks,358.9,298.9,Mississippian-Pennsylvanian plutonic: undivided granitic rocks,7,328.9,60.0,0,1,0,0,0,0,0,0,0,1
33.6,-83.0,OK,felsic paragneiss; paragneiss/metavolcanic gneiss,541.0,251.902,Paleozoic crystalline metamorphic rocks,154,396.451,289.098,1,0,1,0,0,0,1,0,0,1
33.6,-82.9,OK,felsic paragneiss; paragneiss/metavolcanic gneiss,541.0,251.902,Paleozoic crystalline metamorphic rocks,154,396.451,289.098,1,0,1,0,0,0,1,0,0,1
33.6,-82.8,OK,felsic paragneiss; paragneiss/metavolcanic gneiss,541.0,251.902,Paleozoic crystalline metamorphic rocks,154,396.451,289.098,1,0,1,0,0,0,1,0,0,1
33.6,-82.7,OK,volcanic: felsic rocks,541.0,485.4,Cambrian volcanic: felsic rocks,7,513.2,55.60000000000002,0,0,1,0,0,0,0,0,0,1
33.6,-82.6,OK,felsic paragneiss; paragneiss/metavolcanic gneiss,541.0,251.902,Paleozoic crystalline metamorphic rocks,154,396.451,289.098,1,0,1,0,0,0,1,0,0,1
33.6,-82.5,OK,mudstone-carbonate-sandstone-conglomerate,541.0,485.4,Paleozoic sedimentary and volcanic rocks,154,513.2,55.60000000000002,0,0,0,1,0,0,0,0,0,0
33.6,-82.4,OK,mudstone-carbonate-sandstone-conglomerate,541.0,485.4,Paleozoic sedimentary and volcanic rocks,154,513.2,55.60000000000002,0,0,0,1,0,0,0,0,0,0
33.6,-82.3,OK,felsic paragneiss; paragneiss/metavolcanic gneiss,541.0,251.902,Paleozoic crystalline metamorphic rocks,154,396.451,289.098,1,0,1,0,0,0,1,0,0,1
33.6,-82.2,OK,felsic paragneiss; paragneiss/metavolcanic gneiss,541.0,251.902,Paleozoic crystalline metamorphic rocks,154,396.451,289.098,1,0,1,0,0,0,1,0,0,1
33.7,-85.3,OK,sedimentary rocks,541.0,251.902,Paleozoic sedimentary rocks,154,396.451,289.098,0,0,0,1,0,0,0,0,0,0
33.7,-85.2,OK,sedimentary rocks,541.0,251.902,Paleozoic sedimentary rocks,154,396.451,289.098,0,0,0,1,0,0,0,0,0,0
33.7,-85.1,OK,sedimentary rocks,541.0,251.902,Paleozoic sedimentary rocks,154,396.451,289.098,0,0,0,1,0,0,0,0,0,0
33.7,-85.0,OK,sedimentary rocks,541.0,251.902,Paleozoic sedimentary rocks,154,396.451,289.098,0,0,0,1,0,0,0,0,0,0
33.7,-84.9,OK,sedimentary,1000.0,485.4,Neoproterozoic-Cambrian sedimentary,7,742.7,514.6,0,0,0,1,0,0,0,0,0,0
33.7,-84.8,OK,sedimentary rocks,1000.0,541.0,Neoproterozoic sedimentary rocks,154,770.5,459.0,0,0,0,1,0,0,0,0,0,0
33.7,-84.7,OK,sedimentary,1000.0,485.4,Neoproterozoic-Cambrian sedimentary,7,742.7,514.6,0,0,0,1,0,0,0,0,0,0
33.7,-84.6,OK,volcanic: interlayered sedimentary and volcanic rocks,1000.0,485.4,Neoproterozoic-Cambrian volcanic: interlayered sedimentary and volcanic rocks,7,742.7,514.6,0,0,1,1,0,0,0,0,0,0
33.7,-84.5,OK,volcanic: interlayered sedimentary and volcanic rocks,1000.0,485.4,Neoproterozoic-Cambrian volcanic: interlayered sedimentary and volcanic rocks,7,742.7,514.6,0,0,1,1,0,0,0,0,0,0
33.7,-84.4,OK,volcanic: interlayered sedimentary and volcanic rocks,1000.0,485.4,Neoproterozoic-Cambrian volcanic: interlayered sedimentary and volcanic rocks,7,742.7,514.6,0,0,1,1,0,0,0,0,0,0
33.7,-84.3,OK,plutonic: undivided granitic rocks,541.0,443.8,Cambrian-Ordovician plutonic: undivided granitic rocks,7,492.4,97.19999999999999,0,1,0,0,0,0,0,0,0,1
33.7,-84.2,OK,volcanic: interlayered sedimentary and volcanic rocks,1000.0,485.4,Neoproterozoic-Cambrian volcanic: interlayered sedimentary and volcanic rocks,7,742.7,514.6,0,0,1,1,0,0,0,0,0,0
33.7,-84.1,OK,plutonic: undivided granitic rocks,541.0,443.8,Cambrian-Ordovician plutonic: undivided granitic rocks,7,492.4,97.19999999999999,0,1,0,0,0,0,0,0,0,1
33.7,-84.0,OK,plutonic: undivided granitic rocks,541.0,443.8,Cambrian-Ordovician plutonic: undivided granitic rocks,7,492.4,97.19999999999999,0,1,0,0,0,0,0,0,0,1
33.7,-83.9,OK,plutonic: undivided granitic rocks,541.0,443.8,Cambrian-Ordovician plutonic: undivided granitic rocks,7,492.4,97.19999999999999,0,1,0,0,0,0,0,0,0,1
33.7,-83.8,OK,volcanic: interlayered sedimentary and volcanic rocks,1000.0,485.4,Neoproterozoic-Cambrian volcanic: interlayered sedimentary and volcanic rocks,7,742.7,514.6,0,0,1,1,0,0,0,0,0,0
33.7,-83.7,OK,volcanic: interlayered sedimentary and volcanic rocks,1000.0,485.4,Neoproterozoic-Cambrian volcanic: interlayered sedimentary and volcanic rocks,7,742.7,514.6,0,0,1,1,0,0,0,0,0,0
33.7,-83.6,OK,volcanic: interlayered sedimentary and volcanic rocks,1000.0,485.4,Neoproterozoic-Cambrian volcanic: interlayered sedimentary and volcanic rocks,7,742.7,514.6,0,0,1,1,0,0,0,0,0,0
33.7,-83.5,OK,volcanic: interlayered sedimentary and volcanic rocks,1000.0,485.4,Neoproterozoic-Cambrian volcanic: interlayered sedimentary and volcanic rocks,7,742.7,514.6,0,0,1,1,0,0,0,0,0,0
33.7,-83.4,OK,volcanic: interlayered sedimentary and volcanic rocks,1000.0,485.4,Neoproterozoic-Cambrian volcanic: interlayered sedimentary and volcanic rocks,7,742.7,514.6,0,0,1,1,0,0,0,0,0,0
33.7,-83.3,OK,intrusive igneous rocks,443.8,358.9,Paleozoic intrusive rocks,154,401.35,84.90000000000003,0,1,0,0,0,0,0,0,0,0
33.7,-83.2,OK,intrusive igneous rocks,443.8,358.9,Paleozoic intrusive rocks,154,401.35,84.90000000000003,0,1,0,0,0,0,0,0,0,0
33.7,-83.1,OK,intrusive igneous rocks,443.8,358.9,Paleozoic intrusive rocks,154,401.35,84.90000000000003,0,1,0,0,0,0,0,0,0,0
33.7,-83.0,OK,felsic paragneiss; paragneiss/metavolcanic gneiss,541.0,251.902,Paleozoic crystalline metamorphic rocks,154,396.451,289.098,1,0,1,0,0,0,1,0,0,1
33.7,-82.9,OK,felsic paragneiss; paragneiss/metavolcanic gneiss,541.0,251.902,Paleozoic crystalline metamorphic rocks,154,396.451,289.098,1,0,1,0,0,0,1,0,0,1
33.7,-82.8,OK,felsic paragneiss; paragneiss/metavolcanic gneiss,541.0,251.902,Paleozoic crystalline metamorphic rocks,154,396.451,289.098,1,0,1,0,0,0,1,0,0,1
33.7,-82.7,OK,volcanic: felsic rocks,541.0,485.4,Cambrian volcanic: felsic rocks,7,513.2,55.60000000000002,0,0,1,0,0,0,0,0,0,1
33.7,-82.6,OK,volcanic: felsic rocks,541.0,485.4,Cambrian volcanic: felsic rocks,7,513.2,55.60000000000002,0,0,1,0,0,0,0,0,0,1
33.7,-82.5,OK,volcanic: felsic rocks,541.0,485.4,Cambrian volcanic: felsic rocks,7,513.2,55.60000000000002,0,0,1,0,0,0,0,0,0,1
33.7,-82.4,OK,sedimentary,541.0,485.4,Cambrian sedimentary,7,513.2,55.60000000000002,0,0,0,1,0,0,0,0,0,0
33.7,-82.3,OK,mudstone-carbonate-sandstone-conglomerate,541.0,485.4,Paleozoic sedimentary and volcanic rocks,154,513.2,55.60000000000002,0,0,0,1,0,0,0,0,0,0
33.8,-85.3,OK,sedimentary,443.8,358.9,Silurian-Devonian sedimentary,7,401.35,84.90000000000003,0,0,0,1,0,0,0,0,0,0
33.8,-85.2,OK,sedimentary rocks,541.0,251.902,Paleozoic sedimentary rocks,154,396.451,289.098,0,0,0,1,0,0,0,0,0,0
33.8,-85.1,OK,plutonic: undivided granitic rocks,541.0,443.8,Cambrian-Ordovician plutonic: undivided granitic rocks,7,492.4,97.19999999999999,0,1,0,0,0,0,0,0,0,1
33.8,-85.0,OK,plutonic: undivided granitic rocks,541.0,443.8,Cambrian-Ordovician plutonic: undivided granitic rocks,7,492.4,97.19999999999999,0,1,0,0,0,0,0,0,0,1
33.8,-84.9,OK,sedimentary,1000.0,485.4,Neoproterozoic-Cambrian sedimentary,7,742.7,514.6,0,0,0,1,0,0,0,0,0,0
33.8,-84.8,OK,plutonic: undivided granitic rocks,419.2,358.9,Devonian plutonic: undivided granitic rocks,7,389.04999999999995,60.30000000000001,0,1,0,0,0,0,0,0,0,1
33.8,-84.7,OK,plutonic: undivided granitic rocks,419.2,358.9,Devonian plutonic: undivided granitic rocks,7,389.04999999999995,60.30000000000001,0,1,0,0,0,0,0,0,0,1
33.8,-84.6,OK,sedimentary,1000.0,485.4,Neoproterozoic-Cambrian sedimentary,7,742.7,514.6,0,0,0,1,0,0,0,0,0,0
33.8,-84.5,OK,plutonic: undivided granitic rocks,358.9,298.9,Mississippian-Pennsylvanian plutonic: undivided granitic rocks,7,328.9,60.0,0,1,0,0,0,0,0,0,0,1
33.8,-84.4,OK,volcanic: interlayered sedimentary and volcanic rocks,1000.0,485.4,Neoproterozoic-Cambrian volcanic: interlayered sedimentary and volcanic rocks,7,742.7,514.6,0,0,1,1,0,0,0,0,0,0
33.8,-84.3,OK,volcanic: interlayered sedimentary and volcanic rocks,1000.0,485.4,Neoproterozoic-Cambrian volcanic: interlayered sedimentary and volcanic rocks,7,742.7,514.6,0,0,1,1,0,0,0,0,0,0
33.8,-84.2,OK,volcanic: interlayered sedimentary and volcanic rocks,1000.0,485.4,Neoproterozoic-Cambrian volcanic: interlayered sedimentary and volcanic rocks,7,742.7,514.6,0,0,1,1,0,0,0,0,0,0
33.8,-84.1,OK,volcanic: interlayered sedimentary and volcanic rocks,1000.0,485.4,Neoproterozoic-Cambrian volcanic: interlayered sedimentary and volcanic rocks,7,742.7,514.6,0,0,1,1,0,0,0,0,0,0
33.8,-84.0,OK,plutonic: undivided granitic rocks,541.0,443.8,Cambrian-Ordovician plutonic: undivided granitic rocks,7,492.4,97.19999999999999,0,1,0,0,0,0,0,0,0,1
33.8,-83.9,OK,plutonic: undivided granitic rocks,541.0,443.8,Cambrian-Ordovician plutonic: undivided granitic rocks,7,492.4,97.19999999999999,0,1,0,0,0,0,0,0,0,1
33.8,-83.8,OK,volcanic: interlayered sedimentary and volcanic rocks,1000.0,485.4,Neoproterozoic-Cambrian volcanic: interlayered sedimentary and volcanic rocks,7,742.7,514.6,0,0,1,1,0,0,0,0,0,0
33.8,-83.7,OK,volcanic: interlayered sedimentary and volcanic rocks,1000.0,485.4,Neoproterozoic-Cambrian volcanic: interlayered sedimentary and volcanic rocks,7,742.7,514.6,0,0,1,1,0,0,0,0,0,0
33.8,-83.6,OK,volcanic: interlayered sedimentary and volcanic rocks,1000.0,485.4,Neoproterozoic-Cambrian volcanic: interlayered sedimentary and volcanic rocks,7,742.7,514.6,0,0,1,1,0,0,0,0,0,0
33.8,-83.5,OK,volcanic: interlayered sedimentary and volcanic rocks,1000.0,485.4,Neoproterozoic-Cambrian volcanic: interlayered sedimentary and volcanic rocks,7,742.7,514.6,0,0,1,1,0,0,0,0,0,0
33.8,-83.4,OK,volcanic: interlayered sedimentary and volcanic rocks,1000.0,485.4,Neoproterozoic-Cambrian volcanic: interlayered sedimentary and volcanic rocks,7,742.7,514.6,0,0,1,1,0,0,0,0,0,0
33.8,-83.3,OK,intrusive igneous rocks,443.8,358.9,Paleozoic intrusive rocks,154,401.35,84.90000000000003,0,1,0,0,0,0,0,0,0,0
33.8,-83.2,OK,intrusive igneous rocks,443.8,358.9,Paleozoic intrusive rocks,154,401.35,84.90000000000003,0,1,0,0,0,0,0,0,0,0
33.8,-83.1,OK,intrusive igneous rocks,443.8,358.9,Paleozoic intrusive rocks,154,401.35,84.90000000000003,0,1,0,0,0,0,0,0,0,0
33.8,-83.0,OK,intrusive igneous rocks,443.8,358.9,Paleozoic intrusive rocks,154,401.35,84.90000000000003,0,1,0,0,0,0,0,0,0,0
33.8,-82.9,OK,intrusive igneous rocks,443.8,358.9,Paleozoic intrusive rocks,154,401.35,84.90000000000003,0,1,0,0,0,0,0,0,0,0
33.8,-82.8,OK,felsic paragneiss; paragneiss/metavolcanic gneiss,541.0,251.902,Paleozoic crystalline metamorphic rocks,154,396.451,289.098,1,0,1,0,0,0,1,0,0,1
33.8,-82.7,OK,mudstone-carbonate-sandstone-conglomerate,541.0,485.4,Paleozoic sedimentary and volcanic rocks,154,513.2,55.60000000000002,0,0,0,1,0,0,0,0,0,0
33.8,-82.6,OK,volcanic: felsic rocks,541.0,485.4,Cambrian volcanic: felsic rocks,7,513.2,55.60000000000002,0,0,1,0,0,0,0,0,0,1
33.8,-82.5,OK,volcanic: felsic rocks,541.0,485.4,Cambrian volcanic: felsic rocks,7,513.2,55.60000000000002,0,0,1,0,0,0,0,0,0,1
33.8,-82.4,OK,volcanic: felsic rocks,541.0,485.4,Cambrian volcanic: felsic rocks,7,513.2,55.60000000000002,0,0,1,0,0,0,0,0,0,1
33.8,-82.3,OK,mudstone-carbonate-sandstone-conglomerate,541.0,485.4,Paleozoic sedimentary and volcanic rocks,154,513.2,55.60000000000002,0,0,0,1,0,0,0,0,0,0
33.9,-85.3,OK,sedimentary,443.8,358.9,Silurian-Devonian sedimentary,7,401.35,84.90000000000003,0,0,0,1,0,0,0,0,0,0
33.9,-85.2,OK,sedimentary,443.8,358.9,Silurian-Devonian sedimentary,7,401.35,84.90000000000003,0,0,0,1,0,0,0,0,0,0
33.9,-85.1,OK,volcanic: mafic rocks,419.2,358.9,Devonian volcanic: mafic rocks,7,389.04999999999995,60.30000000000001,0,0,1,0,0,0,0,0,1,0
33.9,-85.0,OK,sedimentary,1000.0,485.4,Neoproterozoic-Cambrian sedimentary,7,742.7,514.6,0,0,0,1,0,0,0,0,0,0
33.9,-84.9,OK,sedimentary,1000.0,485.4,Neoproterozoic-Cambrian sedimentary,7,742.7,514.6,0,0,0,1,0,0,0,0,0,0
33.9,-84.8,OK,sedimentary,1000.0,485.4,Neoproterozoic-Cambrian sedimentary,7,742.7,514.6,0,0,0,1,0,0,0,0,0,0
33.9,-84.7,OK,sedimentary,1000.0,485.4,Neoproterozoic-Cambrian sedimentary,7,742.7,514.6,0,0,0,1,0,0,0,0,0,0
33.9,-84.6,OK,sedimentary,1000.0,485.4,Neoproterozoic-Cambrian sedimentary,7,742.7,514.6,0,0,0,1,0,0,0,0,0,0
33.9,-84.5,OK,sedimentary,1000.0,485.4,Neoproterozoic-Cambrian sedimentary,7,742.7,514.6,0,0,0,1,0,0,0,0,0,0
33.9,-84.4,OK,sedimentary,1000.0,485.4,Neoproterozoic-Cambrian sedimentary,7,742.7,514.6,0,0,0,1,0,0,0,0,0,0
33.9,-84.3,OK,volcanic: interlayered sedimentary and volcanic rocks,1000.0,485.4,Neoproterozoic-Cambrian volcanic: interlayered sedimentary and volcanic rocks,7,742.7,514.6,0,0,1,1,0,0,0,0,0,0
33.9,-84.2,OK,volcanic: interlayered sedimentary and volcanic rocks,1000.0,485.4,Neoproterozoic-Cambrian volcanic: interlayered sedimentary and volcanic rocks,7,742.7,514.6,0,0,1,1,0,0,0,0,0,0
33.9,-84.1,OK,volcanic: interlayered sedimentary and volcanic rocks,1000.0,485.4,Neoproterozoic-Cambrian volcanic: interlayered sedimentary and volcanic rocks,7,742.7,514.6,0,0,1,1,0,0,0,0,0,0
33.9,-84.0,OK,plutonic: undivided granitic rocks,541.0,443.8,Cambrian-Ordovician plutonic: undivided granitic rocks,7,492.4,97.19999999999999,0,1,0,0,0,0,0,0,0,1
33.9,-83.9,OK,plutonic: undivided granitic rocks,541.0,443.8,Cambrian-Ordovician plutonic: undivided granitic rocks,7,492.4,97.19999999999999,0,1,0,0,0,0,0,0,0,1
33.9,-83.8,OK,volcanic: interlayered sedimentary and volcanic rocks,1000.0,485.4,Neoproterozoic-Cambrian volcanic: interlayered sedimentary and volcanic rocks,7,742.7,514.6,0,0,1,1,0,0,0,0,0,0
33.9,-83.7,OK,volcanic: interlayered sedimentary and volcanic rocks,1000.0,485.4,Neoproterozoic-Cambrian volcanic: interlayered sedimentary and volcanic rocks,7,742.7,514.6,0,0,1,1,0,0,0,0,0,0
33.9,-83.6,OK,volcanic: interlayered sedimentary and volcanic rocks,1000.0,485.4,Neoproterozoic-Cambrian volcanic: interlayered sedimentary and volcanic rocks,7,742.7,514.6,0,0,1,1,0,0,0,0,0,0
33.9,-83.5,OK,intrusive igneous rocks,443.8,358.9,Paleozoic intrusive rocks,154,401.35,84.90000000000003,0,1,0,0,0,0,0,0,0,0
33.9,-83.4,OK,intrusive igneous rocks,443.8,358.9,Paleozoic intrusive rocks,154,401.35,84.90000000000003,0,1,0,0,0,0,0,0,0,0
33.9,-83.3,OK,intrusive igneous rocks,443.8,358.9,Paleozoic intrusive rocks,154,401.35,84.90000000000003,0,1,0,0,0,0,0,0,0,0
33.9,-83.2,OK,intrusive igneous rocks,443.8,358.9,Paleozoic intrusive rocks,154,401.35,84.90000000000003,0,1,0,0,0,0,0,0,0,0
33.9,-83.1,OK,plutonic: undivided granitic rocks,358.9,298.9,Mississippian-Pennsylvanian plutonic: undivided granitic rocks,7,328.9,60.0,0,1,0,0,0,0,0,0,0,1
33.9,-83.0,OK,mudstone-carbonate-sandstone-conglomerate,541.0,485.4,Paleozoic sedimentary and volcanic rocks,154,513.2,55.60000000000002,0,0,0,1,0,0,0,0,0,0
33.9,-82.9,OK,mudstone-carbonate-sandstone-conglomerate,541.0,485.4,Paleozoic sedimentary and volcanic rocks,154,513.2,55.60000000000002,0,0,0,1,0,0,0,0,0,0
33.9,-82.8,OK,intrusive igneous rocks,443.8,358.9,Paleozoic intrusive rocks,154,401.35,84.90000000000003,0,1,0,0,0,0,0,0,0,0
33.9,-82.7,OK,intrusive igneous rocks,443.8,358.9,Paleozoic intrusive rocks,154,401.35,84.90000000000003,0,1,0,0,0,0,0,0,0,0
33.9,-82.6,OK,mudstone-carbonate-sandstone-conglomerate,541.0,485.4,Paleozoic sedimentary and volcanic rocks,154,513.2,55.60000000000002,0,0,0,1,0,0,0,0,0,0
33.9,-82.5,OK,mudstone-carbonate-sandstone-conglomerate,541.0,485.4,Paleozoic sedimentary and volcanic rocks,154,513.2,55.60000000000002,0,0,0,1,0,0,0,0,0,0
34.0,-85.4,OK,Major:{slate},459.044,456.7185,Chickamauga Group; Middle Ordovician rocks; Rockmart Slate,133,457.88125,2.325499999999977,1,0,0,0,0,0,0,0,0,0
34.0,-85.3,OK,"Major:{dolostone}, Minor:{limestone}",493.575,470.0,Knox Group undifferentiated,133,481.7875,23.57499999999999,0,0,0,1,0,0,0,0,0,0
34.0,-85.2,OK,"Major:{dolostone}, Minor:{limestone}",493.575,470.0,Knox Group undifferentiated,133,481.7875,23.57499999999999,0,0,0,1,0,0,0,0,0,0
34.0,-85.1,OK,"Major:{dolostone}, Minor:{limestone}",493.575,470.0,Knox Group undifferentiated,133,481.7875,23.57499999999999,0,0,0,1,0,0,0,0,0,0
34.0,-85.0,OK,Major:{slate},459.044,456.7185,Chickamauga Group; Middle Ordovician rocks; Rockmart Slate,133,457.88125,2.325499999999977,1,0,0,0,0,0,0,0,0,0
34.0,-84.9,OK,sedimentary,443.8,358.9,Silurian-Devonian sedimentary,7,401.35,84.90000000000003,0,0,0,1,0,0,0,0,0,0
34.0,-84.8,OK,sedimentary,1000.0,485.4,Neoproterozoic-Cambrian sedimentary,7,742.7,514.6,0,0,0,1,0,0,0,0,0,0
34.0,-84.7,OK,sedimentary,1000.0,485.4,Neoproterozoic-Cambrian sedimentary,7,742.7,514.6,0,0,0,1,0,0,0,0,0,0
34.0,-84.6,OK,sedimentary,1000.0,485.4,Neoproterozoic-Cambrian sedimentary,7,742.7,514.6,0,0,0,1,0,0,0,0,0,0
34.0,-84.5,OK,sedimentary,1000.0,485.4,Neoproterozoic-Cambrian sedimentary,7,742.7,514.6,0,0,0,1,0,0,0,0,0,0
34.0,-84.4,OK,sedimentary,1000.0,485.4,Neoproterozoic-Cambrian sedimentary,7,742.7,514.6,0,0,0,1,0,0,0,0,0,0
34.0,-84.3,OK,sedimentary,1000.0,485.4,Neoproterozoic-Cambrian sedimentary,7,742.7,514.6,0,0,0,1,0,0,0,0,0,0
34.0,-84.2,OK,sedimentary,1000.0,485.4,Neoproterozoic-Cambrian sedimentary,7,742.7,514.6,0,0,0,1,0,0,0,0,0,0
34.0,-84.1,OK,volcanic: interlayered sedimentary and volcanic rocks,1000.0,485.4,Neoproterozoic-Cambrian volcanic: interlayered sedimentary and volcanic rocks,7,742.7,514.6,0,0,1,1,0,0,0,0,0,0
34.0,-84.0,OK,volcanic: interlayered sedimentary and volcanic rocks,1000.0,485.4,Neoproterozoic-Cambrian volcanic: interlayered sedimentary and volcanic rocks,7,742.7,514.6,0,0,1,1,0,0,0,0,0,0
34.0,-83.9,OK,plutonic: undivided granitic rocks,541.0,443.8,Cambrian-Ordovician plutonic: undivided granitic rocks,7,492.4,97.19999999999999,0,1,0,0,0,0,0,0,0,1
34.0,-83.8,OK,plutonic: undivided granitic rocks,541.0,443.8,Cambrian-Ordovician plutonic: undivided granitic rocks,7,492.4,97.19999999999999,0,1,0,0,0,0,0,0,0,1
34.0,-83.7,OK,volcanic: interlayered sedimentary and volcanic rocks,1000.0,485.4,Neoproterozoic-Cambrian volcanic: interlayered sedimentary and volcanic rocks,7,742.7,514.6,0,0,1,1,0,0,0,0,0,0
34.0,-83.6,OK,volcanic: interlayered sedimentary and volcanic rocks,1000.0,485.4,Neoproterozoic-Cambrian volcanic: interlayered sedimentary and volcanic rocks,7,742.7,514.6,0,0,1,1,0,0,0,0,0,0
34.0,-83.5,OK,intrusive igneous rocks,443.8,358.9,Paleozoic intrusive rocks,154,401.35,84.90000000000003,0,1,0,0,0,0,0,0,0,0
34.0,-83.4,OK,intrusive igneous rocks,443.8,358.9,Paleozoic intrusive rocks,154,401.35,84.90000000000003,0,1,0,0,0,0,0,0,0,0
34.0,-83.3,OK,volcanic: interlayered sedimentary and volcanic rocks,1000.0,485.4,Neoproterozoic-Cambrian volcanic: interlayered sedimentary and volcanic rocks,7,742.7,514.6,0,0,1,1,0,0,0,0,0,0
34.0,-83.2,OK,volcanic: interlayered sedimentary and volcanic rocks,1000.0,485.4,Neoproterozoic-Cambrian volcanic: interlayered sedimentary and volcanic rocks,7,742.7,514.6,0,0,1,1,0,0,0,0,0,0
34.0,-83.1,OK,volcanic: interlayered sedimentary and volcanic rocks,1000.0,485.4,Neoproterozoic-Cambrian volcanic: interlayered sedimentary and volcanic rocks,7,742.7,514.6,0,0,1,1,0,0,0,0,0,0
34.0,-83.0,OK,plutonic: undivided granitic rocks,358.9,298.9,Mississippian-Pennsylvanian plutonic: undivided granitic rocks,7,328.9,60.0,0,1,0,0,0,0,0,0,0,1
34.0,-82.9,OK,mudstone-carbonate-sandstone-conglomerate,541.0,485.4,Paleozoic sedimentary and volcanic rocks,154,513.2,55.60000000000002,0,0,0,1,0,0,0,0,0,0
34.0,-82.8,OK,felsic paragneiss; paragneiss/metavolcanic gneiss,541.0,251.902,Paleozoic crystalline metamorphic rocks,154,396.451,289.098,1,0,1,0,0,0,1,0,0,1
34.0,-82.7,OK,felsic paragneiss; paragneiss/metavolcanic gneiss,541.0,251.902,Paleozoic crystalline metamorphic rocks,154,396.451,289.098,1,0,1,0,0,0,1,0,0,1
34.0,-82.6,OK,mudstone-carbonate-sandstone-conglomerate,541.0,485.4,Paleozoic sedimentary and volcanic rocks,154,513.2,55.60000000000002,0,0,0,1,0,0,0,0,0,0
34.1,-85.4,OK,"Major:{shale,sandstone}",511.0,493.575,Conasauga Group; Lower unit; shale and sandstone unit,133,502.2875,17.42500000000001,0,0,0,1,0,0,0,0,0,0
34.1,-85.3,OK,"Major:{dolostone}, Minor:{limestone}",493.575,470.0,Knox Group undifferentiated,133,481.7875,23.57499999999999,0,0,0,1,0,0,0,0,0,0
34.1,-85.2,OK,"Major:{dolostone}, Minor:{limestone}",493.575,470.0,Knox Group undifferentiated,133,481.7875,23.57499999999999,0,0,0,1,0,0,0,0,0,0
34.1,-85.1,OK,"Major:{dolostone}, Minor:{limestone}",493.575,470.0,Knox Group undifferentiated,133,481.7875,23.57499999999999,0,0,0,1,0,0,0,0,0,0
34.1,-85.0,OK,"Major:{dolostone}, Minor:{limestone}",493.575,470.0,Knox Group undifferentiated,133,481.7875,23.57499999999999,0,0,0,1,0,0,0,0,0,0
34.1,-84.9,OK,"Major:{dolostone}, Minor:{limestone}",493.575,470.0,Knox Group undifferentiated,133,481.7875,23.57499999999999,0,0,0,1,0,0,0,0,0,0
34.1,-84.8,OK,sedimentary,443.8,358.9,Silurian-Devonian sedimentary,7,401.35,84.90000000000003,0,0,0,1,0,0,0,0,0,0
34.1,-84.7,OK,sedimentary,1000.0,485.4,Neoproterozoic-Cambrian sedimentary,7,742.7,514.6,0,0,0,1,0,0,0,0,0,0
34.1,-84.6,OK,sedimentary,1000.0,485.4,Neoproterozoic-Cambrian sedimentary,7,742.7,514.6,0,0,0,1,0,0,0,0,0,0
34.1,-84.5,OK,sedimentary,1000.0,485.4,Neoproterozoic-Cambrian sedimentary,7,742.7,514.6,0,0,0,1,0,0,0,0,0,0
34.1,-84.4,OK,sedimentary,1000.0,485.4,Neoproterozoic-Cambrian sedimentary,7,742.7,514.6,0,0,0,1,0,0,0,0,0,0
34.1,-84.3,OK,sedimentary,1000.0,485.4,Neoproterozoic-Cambrian sedimentary,7,742.7,514.6,0,0,0,1,0,0,0,0,0,0
34.1,-84.2,OK,sedimentary,1000.0,485.4,Neoproterozoic-Cambrian sedimentary,7,742.7,514.6,0,0,0,1,0,0,0,0,0,0
34.1,-84.1,OK,sedimentary,1000.0,485.4,Neoproterozoic-Cambrian sedimentary,7,742.7,514.6,0,0,0,1,0,0,0,0,0,0
34.1,-84.0,OK,volcanic: interlayered sedimentary and volcanic rocks,1000.0,485.4,Neoproterozoic-Cambrian volcanic: interlayered sedimentary and volcanic rocks,7,742.7,514.6,0,0,1,1,0,0,0,0,0,0
34.1,-83.9,OK,volcanic: interlayered sedimentary and volcanic rocks,1000.0,485.4,Neoproterozoic-Cambrian volcanic: interlayered sedimentary and volcanic rocks,7,742.7,514.6,0,0,1,1,0,0,0,0,0,0
34.1,-83.8,OK,volcanic: interlayered sedimentary and volcanic rocks,1000.0,485.4,Neoproterozoic-Cambrian volcanic: interlayered sedimentary and volcanic rocks,7,742.7,514.6,0,0,1,1,0,0,0,0,0,0
34.1,-83.7,OK,volcanic: interlayered sedimentary and volcanic rocks,1000.0,485.4,Neoproterozoic-Cambrian volcanic: interlayered sedimentary and volcanic rocks,7,742.7,514.6,0,0,1,1,0,0,0,0,0,0
34.1,-83.6,OK,volcanic: interlayered sedimentary and volcanic rocks,1000.0,485.4,Neoproterozoic-Cambrian volcanic: interlayered sedimentary and volcanic rocks,7,742.7,514.6,0,0,1,1,0,0,0,0,0,0
34.1,-83.5,OK,volcanic: interlayered sedimentary and volcanic rocks,1000.0,485.4,Neoproterozoic-Cambrian volcanic: interlayered sedimentary and volcanic rocks,7,742.7,514.6,0,0,1,1,0,0,0,0,0,0
34.1,-83.4,OK,volcanic: interlayered sedimentary and volcanic rocks,1000.0,485.4,Neoproterozoic-Cambrian volcanic: interlayered sedimentary and volcanic rocks,7,742.7,514.6,0,0,1,1,0,0,0,0,0,0
34.1,-83.3,OK,volcanic: interlayered sedimentary and volcanic rocks,1000.0,485.4,Neoproterozoic-Cambrian volcanic: interlayered sedimentary and volcanic rocks,7,742.7,514.6,0,0,1,1,0,0,0,0,0,0
34.1,-83.2,OK,volcanic: interlayered sedimentary and volcanic rocks,1000.0,485.4,Neoproterozoic-Cambrian volcanic: interlayered sedimentary and volcanic rocks,7,742.7,514.6,0,0,1,1,0,0,0,0,0,0
34.1,-83.1,OK,volcanic: interlayered sedimentary and volcanic rocks,1000.0,485.4,Neoproterozoic-Cambrian volcanic: interlayered sedimentary and volcanic rocks,7,742.7,514.6,0,0,1,1,0,0,0,0,0,0
34.1,-83.0,OK,volcanic: interlayered sedimentary and volcanic rocks,1000.0,485.4,Neoproterozoic-Cambrian volcanic: interlayered sedimentary and volcanic rocks,7,742.7,514.6,0,0,1,1,0,0,0,0,0,0
34.1,-82.9,OK,plutonic: undivided granitic rocks,358.9,298.9,Mississippian-Pennsylvanian plutonic: undivided granitic rocks,7,328.9,60.0,0,1,0,0,0,0,0,0,0,1
34.1,-82.8,OK,plutonic: undivided granitic rocks,358.9,298.9,Mississippian-Pennsylvanian plutonic: undivided granitic rocks,7,328.9,60.0,0,1,0,0,0,0,0,0,0,1
34.1,-82.7,OK,felsic paragneiss; paragneiss/metavolcanic gneiss,541.0,251.902,Paleozoic crystalline metamorphic rocks,154,396.451,289.098,1,0,1,0,0,0,1,0,0,1
34.2,-85.4,OK,sedimentary,541.0,443.8,Cambrian-Ordovician sedimentary,7,492.4,97.19999999999999,0,0,0,1,0,0,0,0,0,0
34.2,-85.3,OK,"Major:{limestone,shale}",511.0,493.575,Conasauga Group; Upper unit; limestone and shale unit,133,502.2875,17.42500000000001,0,0,0,1,0,0,0,0,0,0
34.2,-85.2,OK,"Major:{sandstone,shale}",514.75,511.0,Rome Formation,133,512.875,3.75,0,0,0,1,0,0,0,0,0,0
34.2,-85.1,OK,"Major:{dolostone}, Minor:{limestone}",493.575,470.0,Knox Group undifferentiated,133,481.7875,23.57499999999999,0,0,0,1,0,0,0,0,0,0
34.2,-85.0,OK,"Major:{dolostone}, Minor:{limestone}",493.575,470.0,Knox Group undifferentiated,133,481.7875,23.57499999999999,0,0,0,1,0,0,0,0,0,0
34.2,-84.9,OK,"Major:{dolostone}, Minor:{limestone}",493.575,470.0,Knox Group undifferentiated,133,481.7875,23.57499999999999,0,0,0,1,0,0,0,0,0,0
34.2,-84.8,OK,"Major:{sandstone,shale}",514.75,511.0,Rome Formation,133,512.875,3.75,0,0,0,1,0,0,0,0,0,0
34.2,-84.7,OK,sedimentary,541.0,443.8,Cambrian-Ordovician sedimentary,7,492.4,97.19999999999999,0,0,0,1,0,0,0,0,0,0
34.2,-84.6,OK,sedimentary,541.0,443.8,Cambrian-Ordovician sedimentary,7,492.4,97.19999999999999,0,0,0,1,0,0,0,0,0,0
34.2,-84.5,OK,sedimentary,1000.0,541.0,Neoproterozoic sedimentary,7,770.5,459.0,0,0,0,1,0,0,0,0,0,0
34.2,-84.4,OK,sedimentary,1000.0,485.4,Neoproterozoic-Cambrian sedimentary,7,742.7,514.6,0,0,0,1,0,0,0,0,0,0
34.2,-84.3,OK,sedimentary,1000.0,485.4,Neoproterozoic-Cambrian sedimentary,7,742.7,514.6,0,0,0,1,0,0,0,0,0,0
34.2,-84.2,OK,sedimentary,1000.0,485.4,Neoproterozoic-Cambrian sedimentary,7,742.7,514.6,0,0,0,1,0,0,0,0,0,0
34.2,-84.1,OK,sedimentary,1000.0,485.4,Neoproterozoic-Cambrian sedimentary,7,742.7,514.6,0,0,0,1,0,0,0,0,0,0
34.2,-84.0,OK,paragneiss; paragneiss/metavolcanic gneiss,1600.0,1000.0,Mesoproterozoic crystalline metamorphic rocks,154,1300.0,600.0,1,0,1,0,0,0,1,0,0,0
34.2,-83.9,OK,volcanic: interlayered sedimentary and volcanic rocks,1000.0,485.4,Neoproterozoic-Cambrian volcanic: interlayered sedimentary and volcanic rocks,7,742.7,514.6,0,0,1,1,0,0,0,0,0,0
34.2,-83.8,OK,volcanic: interlayered sedimentary and volcanic rocks,1000.0,485.4,Neoproterozoic-Cambrian volcanic: interlayered sedimentary and volcanic rocks,7,742.7,514.6,0,0,1,1,0,0,0,0,0,0
34.2,-83.7,OK,volcanic: interlayered sedimentary and volcanic rocks,1000.0,485.4,Neoproterozoic-Cambrian volcanic: interlayered sedimentary and volcanic rocks,7,742.7,514.6,0,0,1,1,0,0,0,0,0,0
34.2,-83.6,OK,volcanic: interlayered sedimentary and volcanic rocks,1000.0,485.4,Neoproterozoic-Cambrian volcanic: interlayered sedimentary and volcanic rocks,7,742.7,514.6,0,0,1,1,0,0,0,0,0,0
34.2,-83.5,OK,volcanic: interlayered sedimentary and volcanic rocks,1000.0,485.4,Neoproterozoic-Cambrian volcanic: interlayered sedimentary and volcanic rocks,7,742.7,514.6,0,0,1,1,0,0,0,0,0,0
34.2,-83.4,OK,volcanic: interlayered sedimentary and volcanic rocks,1000.0,485.4,Neoproterozoic-Cambrian volcanic: interlayered sedimentary and volcanic rocks,7,742.7,514.6,0,0,1,1,0,0,0,0,0,0
34.2,-83.3,OK,volcanic: interlayered sedimentary and volcanic rocks,1000.0,485.4,Neoproterozoic-Cambrian volcanic: interlayered sedimentary and volcanic rocks,7,742.7,514.6,0,0,1,1,0,0,0,0,0,0
34.2,-83.2,OK,volcanic: interlayered sedimentary and volcanic rocks,1000.0,485.4,Neoproterozoic-Cambrian volcanic: interlayered sedimentary and volcanic rocks,7,742.7,514.6,0,0,1,1,0,0,0,0,0,0
34.2,-83.1,OK,intrusive igneous rocks,443.8,358.9,Paleozoic intrusive rocks,154,401.35,84.90000000000003,0,1,0,0,0,0,0,0,0,0
34.2,-83.0,OK,volcanic: interlayered sedimentary and volcanic rocks,1000.0,485.4,Neoproterozoic-Cambrian volcanic: interlayered sedimentary and volcanic rocks,7,742.7,514.6,0,0,1,1,0,0,0,0,0,0
34.2,-82.9,OK,intrusive igneous rocks,443.8,358.9,Paleozoic intrusive rocks,154,401.35,84.90000000000003,0,1,0,0,0,0,0,0,0,0
34.2,-82.8,OK,intrusive igneous rocks,443.8,358.9,Paleozoic intrusive rocks,154,401.35,84.90000000000003,0,1,0,0,0,0,0,0,0,0
34.3,-85.4,OK,"Major:{sandstone,shale}",440.8,426.3,Red Mountain Formation,133,433.55,14.5,0,0,0,1,0,0,0,0,0,0
34.3,-85.3,OK,Major:{shale},351.5,347.5,Fort Payne Shale; Lavender Shale Member,133,349.5,4.0,0,0,0,1,0,0,0,0,0,0
34.3,-85.2,OK,"Major:{limestone,shale}",511.0,493.575,Conasauga Group; Upper unit; limestone and shale unit,133,502.2875,17.42500000000001,0,0,0,1,0,0,0,0,0,0
34.3,-85.1,OK,"Major:{limestone,shale}",511.0,493.575,Conasauga Group; Middle unit; Shale unit,133,502.2875,17.42500000000001,0,0,0,1,0,0,0,0,0,0
34.3,-85.0,OK,"Major:{dolostone}, Minor:{limestone}",493.575,470.0,Knox Group undifferentiated,133,481.7875,23.57499999999999,0,0,0,1,0,0,0,0,0,0
34.3,-84.9,OK,"Major:{dolostone}, Minor:{limestone}",493.575,470.0,Knox Group undifferentiated,133,481.7875,23.57499999999999,0,0,0,1,0,0,0,0,0,0
34.3,-84.8,OK,"Major:{shale,sandstone}",511.0,493.575,Conasauga Group; Lower unit; shale and sandstone unit,133,502.2875,17.42500000000001,0,0,0,1,0,0,0,0,0,0
34.3,-84.7,OK,"Major:{sandstone,shale}, Incidental:{conglomerate}",541.0,516.1,Chilhowee Formation,133,528.55,24.899999999999977,0,0,0,1,0,0,0,0,0,0
34.3,-84.6,OK,sedimentary rocks,1000.0,541.0,Neoproterozoic sedimentary rocks,154,770.5,459.0,0,0,0,1,0,0,0,0,0,0
34.3,-84.5,OK,sedimentary,1000.0,541.0,Neoproterozoic sedimentary,7,770.5,459.0,0,0,0,1,0,0,0,0,0,0
34.3,-84.4,OK,sedimentary,1000.0,541.0,Neoproterozoic sedimentary,7,770.5,459.0,0,0,0,1,0,0,0,0,0,0
34.3,-84.3,OK,sedimentary,1000.0,541.0,Neoproterozoic sedimentary,7,770.5,459.0,0,0,0,1,0,0,0,0,0,0
34.3,-84.2,OK,sedimentary,1000.0,485.4,Neoproterozoic-Cambrian sedimentary,7,742.7,514.6,0,0,0,1,0,0,0,0,0,0
34.3,-84.1,OK,sedimentary,1000.0,485.4,Neoproterozoic-Cambrian sedimentary,7,742.7,514.6,0,0,0,1,0,0,0,0,0,0
34.3,-84.0,OK,sedimentary,1000.0,485.4,Neoproterozoic-Cambrian sedimentary,7,742.7,514.6,0,0,0,1,0,0,0,0,0,0
34.3,-83.9,OK,sedimentary,1000.0,485.4,Neoproterozoic-Cambrian sedimentary,7,742.7,514.6,0,0,0,1,0,0,0,0,0,0
34.3,-83.8,OK,sedimentary,1000.0,485.4,Neoproterozoic-Cambrian sedimentary,7,742.7,514.6,0,0,0,1,0,0,0,0,0,0
34.3,-83.7,OK,volcanic: interlayered sedimentary and volcanic rocks,1000.0,485.4,Neoproterozoic-Cambrian volcanic: interlayered sedimentary and volcanic rocks,7,742.7,514.6,0,0,1,1,0,0,0,0,0,0
34.3,-83.6,OK,volcanic: interlayered sedimentary and volcanic rocks,1000.0,485.4,Neoproterozoic-Cambrian volcanic: interlayered sedimentary and volcanic rocks,7,742.7,514.6,0,0,1,1,0,0,0,0,0,0
34.3,-83.5,OK,volcanic: interlayered sedimentary and volcanic rocks,1000.0,485.4,Neoproterozoic-Cambrian volcanic: interlayered sedimentary and volcanic rocks,7,742.7,514.6,0,0,1,1,0,0,0,0,0,0
34.3,-83.4,OK,volcanic: interlayered sedimentary and volcanic rocks,1000.0,485.4,Neoproterozoic-Cambrian volcanic: interlayered sedimentary and volcanic rocks,7,742.7,514.6,0,0,1,1,0,0,0,0,0,0
34.3,-83.3,OK,volcanic: interlayered sedimentary and volcanic rocks,1000.0,485.4,Neoproterozoic-Cambrian volcanic: interlayered sedimentary and volcanic rocks,7,742.7,514.6,0,0,1,1,0,0,0,0,0,0
34.3,-83.2,OK,volcanic: interlayered sedimentary and volcanic rocks,1000.0,485.4,Neoproterozoic-Cambrian volcanic: interlayered sedimentary and volcanic rocks,7,742.7,514.6,0,0,1,1,0,0,0,0,0,0
34.3,-83.1,OK,volcanic: interlayered sedimentary and volcanic rocks,1000.0,485.4,Neoproterozoic-Cambrian volcanic: interlayered sedimentary and volcanic rocks,7,742.7,514.6,0,0,1,1,0,0,0,0,0,0
34.3,-83.0,OK,intrusive igneous rocks,443.8,358.9,Paleozoic intrusive rocks,154,401.35,84.90000000000003,0,1,0,0,0,0,0,0,0,0
34.3,-82.9,OK,intrusive igneous rocks,443.8,358.9,Paleozoic intrusive rocks,154,401.35,84.90000000000003,0,1,0,0,0,0,0,0,0,0
34.3,-82.8,OK,intrusive igneous rocks,443.8,358.9,Paleozoic intrusive rocks,154,401.35,84.90000000000003,0,1,0,0,0,0,0,0,0,0
34.4,-85.4,OK,"Major:{limestone,shale}",511.0,497.85,Conasauga Group; Middle unit; Shale unit,133,504.425,13.149999999999977,0,0,0,1,0,0,0,0,0,0
34.4,-85.3,OK,Major:{shale},343.5,332.05,Floyd Shale,133,337.775,11.449999999999989,0,0,0,1,0,0,0,0,0,0
34.4,-85.2,OK,Major:{shale},343.5,332.05,Floyd Shale,133,337.775,11.449999999999989,0,0,0,1,0,0,0,0,0,0
34.4,-85.1,OK,Major:{shale},343.5,332.05,Floyd Shale,133,337.775,11.449999999999989,0,0,0,1,0,0,0,0,0,0
34.4,-85.0,OK,Major:{limestone},499.95,497.85,Conasauga Group; Maynardville Limestone,133,498.9,2.099999999999966,0,0,0,1,0,0,0,0,0,0
34.4,-84.9,OK,"Major:{dolostone}, Minor:{limestone}",493.575,477.7,Knox Group undifferentiated,133,485.6375,15.875,0,0,0,1,0,0,0,0,0,0
34.4,-84.8,OK,"Major:{limestone,shale}",511.0,493.575,Conasauga Group; Upper unit; limestone and shale unit,133,502.2875,17.42500000000001,0,0,0,1,0,0,0,0,0,0
34.4,-84.7,OK,"Major:{shale,sandstone}",511.0,493.575,Conasauga Group; Lower unit; shale and sandstone unit,133,502.2875,17.42500000000001,0,0,0,1,0,0,0,0,0,0
34.4,-84.6,OK,sedimentary,1000.0,541.0,Neoproterozoic sedimentary,7,770.5,459.0,0,0,0,1,0,0,0,0,0,0
34.4,-84.5,OK,sedimentary,1000.0,541.0,Neoproterozoic sedimentary,7,770.5,459.0,0,0,0,1,0,0,0,0,0,0
34.4,-84.4,OK,sedimentary,1000.0,541.0,Neoproterozoic sedimentary,7,770.5,459.0,0,0,0,1,0,0,0,0,0,0
34.4,-84.3,OK,sedimentary rocks,1000.0,541.0,Neoproterozoic sedimentary rocks,154,770.5,459.0,0,0,0,1,0,0,0,0,0,0
34.4,-84.2,OK,sedimentary rocks,1000.0,541.0,Neoproterozoic sedimentary rocks,154,770.5,459.0,0,0,0,1,0,0,0,0,0,0
34.4,-84.1,OK,sedimentary,1000.0,485.4,Neoproterozoic-Cambrian sedimentary,7,742.7,514.6,0,0,0,1,0,0,0,0,0,0
34.4,-84.0,OK,sedimentary,1000.0,485.4,Neoproterozoic-Cambrian sedimentary,7,742.7,514.6,0,0,0,1,0,0,0,0,0,0
34.4,-83.9,OK,sedimentary,1000.0,485.4,Neoproterozoic-Cambrian sedimentary,7,742.7,514.6,0,0,0,1,0,0,0,0,0,0
34.4,-83.8,OK,sedimentary,1000.0,485.4,Neoproterozoic-Cambrian sedimentary,7,742.7,514.6,0,0,0,1,0,0,0,0,0,0
34.4,-83.7,OK,volcanic: interlayered sedimentary and volcanic rocks,1000.0,485.4,Neoproterozoic-Cambrian volcanic: interlayered sedimentary and volcanic rocks,7,742.7,514.6,0,0,1,1,0,0,0,0,0,0
34.4,-83.6,OK,sedimentary,1000.0,485.4,Neoproterozoic-Cambrian sedimentary,7,742.7,514.6,0,0,0,1,0,0,0,0,0,0
34.4,-83.5,OK,volcanic: interlayered sedimentary and volcanic rocks,1000.0,485.4,Neoproterozoic-Cambrian volcanic: interlayered sedimentary and volcanic rocks,7,742.7,514.6,0,0,1,1,0,0,0,0,0,0
34.4,-83.4,OK,volcanic: interlayered sedimentary and volcanic rocks,1000.0,485.4,Neoproterozoic-Cambrian volcanic: interlayered sedimentary and volcanic rocks,7,742.7,514.6,0,0,1,1,0,0,0,0,0,0
34.4,-83.3,OK,volcanic: interlayered sedimentary and volcanic rocks,1000.0,485.4,Neoproterozoic-Cambrian volcanic: interlayered sedimentary and volcanic rocks,7,742.7,514.6,0,0,1,1,0,0,0,0,0,0
34.4,-83.2,OK,volcanic: interlayered sedimentary and volcanic rocks,1000.0,485.4,Neoproterozoic-Cambrian volcanic: interlayered sedimentary and volcanic rocks,7,742.7,514.6,0,0,1,1,0,0,0,0,0,0
34.4,-83.1,OK,volcanic: interlayered sedimentary and volcanic rocks,1000.0,485.4,Neoproterozoic-Cambrian volcanic: interlayered sedimentary and volcanic rocks,7,742.7,514.6,0,0,1,1,0,0,0,0,0,0
34.4,-83.0,OK,volcanic: interlayered sedimentary and volcanic rocks,1000.0,485.4,Neoproterozoic-Cambrian volcanic: interlayered sedimentary and volcanic rocks,7,742.7,514.6,0,0,1,1,0,0,0,0,0,0
34.4,-82.9,OK,felsic paragneiss; amphibolite grade paragneiss/metavolcanic gneiss,1000.0,251.902,Precambrian-Phanerozoic crystalline metamorphic rocks,154,625.951,748.098,1,0,1,0,0,0,1,0,1,1
34.5,-85.5,OK,"Major:{sandstone,shale,conglomerate}",323.2,298.9,Pennsylvanian undifferentiated,133,311.04999999999995,24.30000000000001,0,0,0,1,0,0,0,0,0,0
34.5,-85.4,OK,"Major:{dolostone}, Minor:{limestone}",493.575,470.0,Knox Group undifferentiated,133,481.7875,23.57499999999999,0,0,0,1,0,0,0,0,0,0
34.5,-85.3,OK,"Major:{dolostone}, Minor:{limestone}",493.575,470.0,Knox Group undifferentiated,133,481.7875,23.57499999999999,0,0,0,1,0,0,0,0,0,0
34.5,-85.2,OK,Major:{shale},343.5,332.05,Floyd Shale,133,337.775,11.449999999999989,0,0,0,1,0,0,0,0,0,0
34.5,-85.1,OK,sedimentary,358.9,323.2,Mississippian sedimentary,7,341.04999999999995,35.69999999999999,0,0,0,1,0,0,0,0,0,0
34.5,-85.0,OK,"Major:{limestone,shale}",511.0,493.575,Conasauga Group; Upper unit; limestone and shale unit,133,502.2875,17.42500000000001,0,0,0,1,0,0,0,0,0,0
34.5,-84.9,OK,"Major:{limestone,shale}",511.0,493.575,Conasauga Group; Upper unit; limestone and shale unit,133,502.2875,17.42500000000001,0,0,0,1,0,0,0,0,0,0
34.5,-84.8,OK,"Major:{limestone,shale}",511.0,493.575,Conasauga Group; Upper unit; limestone and shale unit,133,502.2875,17.42500000000001,0,0,0,1,0,0,0,0,0,0
34.5,-84.7,OK,Major:{limestone},511.0,493.575,Conasauga Group; Middle unit; Limestone unit,133,502.2875,17.42500000000001,0,0,0,1,0,0,0,0,0,0
34.5,-84.6,OK,sedimentary,1000.0,541.0,Neoproterozoic sedimentary,7,770.5,459.0,0,0,0,1,0,0,0,0,0,0
34.5,-84.5,OK,sedimentary,541.0,443.8,Cambrian-Ordovician sedimentary,7,492.4,97.19999999999999,0,0,0,1,0,0,0,0,0,0
34.5,-84.4,OK,sedimentary rocks,1000.0,541.0,Neoproterozoic sedimentary rocks,154,770.5,459.0,0,0,0,1,0,0,0,0,0,0
34.5,-84.3,OK,sedimentary rocks,1000.0,541.0,Neoproterozoic sedimentary rocks,154,770.5,459.0,0,0,0,1,0,0,0,0,0,0
34.5,-84.2,OK,sedimentary rocks,1000.0,541.0,Neoproterozoic sedimentary rocks,154,770.5,459.0,0,0,0,1,0,0,0,0,0,0
34.5,-84.1,OK,sedimentary rocks,1000.0,541.0,Neoproterozoic sedimentary rocks,154,770.5,459.0,0,0,0,1,0,0,0,0,0,0
34.5,-84.0,OK,sedimentary,1000.0,485.4,Neoproterozoic-Cambrian sedimentary,7,742.7,514.6,0,0,0,1,0,0,0,0,0,0
34.5,-83.9,OK,sedimentary,1000.0,485.4,Neoproterozoic-Cambrian sedimentary,7,742.7,514.6,0,0,0,1,0,0,0,0,0,0
34.5,-83.8,OK,sedimentary,1000.0,485.4,Neoproterozoic-Cambrian sedimentary,7,742.7,514.6,0,0,0,1,0,0,0,0,0,0
34.5,-83.7,OK,sedimentary,1000.0,485.4,Neoproterozoic-Cambrian sedimentary,7,742.7,514.6,0,0,0,1,0,0,0,0,0,0
34.5,-83.6,OK,volcanic: interlayered sedimentary and volcanic rocks,1000.0,485.4,Neoproterozoic-Cambrian volcanic: interlayered sedimentary and volcanic rocks,7,742.7,514.6,0,0,1,1,0,0,0,0,0,0
34.5,-83.5,OK,sedimentary,1000.0,485.4,Neoproterozoic-Cambrian sedimentary,7,742.7,514.6,0,0,0,1,0,0,0,0,0,0
34.5,-83.4,OK,volcanic: interlayered sedimentary and volcanic rocks,1000.0,485.4,Neoproterozoic-Cambrian volcanic: interlayered sedimentary and volcanic rocks,7,742.7,514.6,0,0,1,1,0,0,0,0,0,0
34.5,-83.3,OK,volcanic: interlayered sedimentary and volcanic rocks,1000.0,485.4,Neoproterozoic-Cambrian volcanic: interlayered sedimentary and volcanic rocks,7,742.7,514.6,0,0,1,1,0,0,0,0,0,0
34.5,-83.2,OK,volcanic: interlayered sedimentary and volcanic rocks,1000.0,485.4,Neoproterozoic-Cambrian volcanic: interlayered sedimentary and volcanic rocks,7,742.7,514.6,0,0,1,1,0,0,0,0,0,0
34.5,-83.1,OK,volcanic: interlayered sedimentary and volcanic rocks,1000.0,485.4,Neoproterozoic-Cambrian volcanic: interlayered sedimentary and volcanic rocks,7,742.7,514.6,0,0,1,1,0,0,0,0,0,0
34.6,-85.5,OK,"Major:{sandstone,shale,conglomerate}",323.2,298.9,Pennsylvanian undifferentiated,133,311.04999999999995,24.30000000000001,0,0,0,1,0,0,0,0,0,0
34.6,-85.4,OK,"Major:{limestone}, Minor:{shale,sandstone}",341.375,323.2,Mississippian undifferentiated,133,332.2875,18.17500000000001,0,0,0,1,0,0,0,0,0,0
34.6,-85.3,OK,"Major:{dolostone}, Minor:{limestone}",493.575,470.0,Knox Group undifferentiated,133,481.7875,23.57499999999999,0,0,0,1,0,0,0,0,0,0
34.6,-85.2,OK,Major:{shale},343.5,326.15,Floyd Shale,133,334.825,17.350000000000023,0,0,0,1,0,0,0,0,0,0
34.6,-85.1,OK,"Major:{sandstone,shale}",440.8,426.3,Red Mountain Formation,133,433.55,14.5,0,0,0,1,0,0,0,0,0,0
34.6,-85.0,OK,Major:{shale},343.5,332.05,Floyd Shale,133,337.775,11.449999999999989,0,0,0,1,0,0,0,0,0,0
34.6,-84.9,OK,"Major:{limestone,shale}",511.0,493.575,Conasauga Group; Upper unit; limestone and shale unit,133,502.2875,17.42500000000001,0,0,0,1,0,0,0,0,0,0
34.6,-84.8,OK,"Major:{limestone,shale}",511.0,493.575,Conasauga Group; Upper unit; limestone and shale unit,133,502.2875,17.42500000000001,0,0,0,1,0,0,0,0,0,0
34.6,-84.7,OK,Major:{limestone},511.0,493.575,Conasauga Group; Middle unit; Limestone unit,133,502.2875,17.42500000000001,0,0,0,1,0,0,0,0,0,0
34.6,-84.6,OK,sedimentary,1000.0,541.0,Neoproterozoic sedimentary,7,770.5,459.0,0,0,0,1,0,0,0,0,0,0
34.6,-84.5,OK,sedimentary,541.0,443.8,Cambrian-Ordovician sedimentary,7,492.4,97.19999999999999,0,0,0,1,0,0,0,0,0,0
34.6,-84.4,OK,sedimentary rocks,1000.0,541.0,Neoproterozoic sedimentary rocks,154,770.5,459.0,0,0,0,1,0,0,0,0,0,0
34.6,-84.3,OK,sedimentary rocks,1000.0,541.0,Neoproterozoic sedimentary rocks,154,770.5,459.0,0,0,0,1,0,0,0,0,0,0
34.6,-84.2,OK,sedimentary rocks,1000.0,541.0,Neoproterozoic sedimentary rocks,154,770.5,459.0,0,0,0,1,0,0,0,0,0,0
34.6,-84.1,OK,sedimentary rocks,1000.0,541.0,Neoproterozoic sedimentary rocks,154,770.5,459.0,0,0,0,1,0,0,0,0,0,0
34.6,-84.0,OK,sedimentary rocks,1000.0,541.0,Neoproterozoic sedimentary rocks,154,770.5,459.0,0,0,0,1,0,0,0,0,0,0
34.6,-83.9,OK,sedimentary,1000.0,541.0,Neoproterozoic sedimentary,7,770.5,459.0,0,0,0,1,0,0,0,0,0,0
34.6,-83.8,OK,sedimentary,1000.0,485.4,Neoproterozoic-Cambrian sedimentary,7,742.7,514.6,0,0,0,1,0,0,0,0,0,0
34.6,-83.7,OK,sedimentary,1000.0,485.4,Neoproterozoic-Cambrian sedimentary,7,742.7,514.6,0,0,0,1,0,0,0,0,0,0
34.6,-83.6,OK,sedimentary,1000.0,485.4,Neoproterozoic-Cambrian sedimentary,7,742.7,514.6,0,0,0,1,0,0,0,0,0,0
34.6,-83.5,OK,sedimentary,1000.0,485.4,Neoproterozoic-Cambrian sedimentary,7,742.7,514.6,0,0,0,1,0,0,0,0,0,0
34.6,-83.4,OK,sedimentary,1000.0,485.4,Neoproterozoic-Cambrian sedimentary,7,742.7,514.6,0,0,0,1,0,0,0,0,0,0
34.6,-83.3,OK,volcanic: interlayered sedimentary and volcanic rocks,1000.0,485.4,Neoproterozoic-Cambrian volcanic: interlayered sedimentary and volcanic rocks,7,742.7,514.6,0,0,1,1,0,0,0,0,0,0
34.6,-83.2,OK,volcanic: interlayered sedimentary and volcanic rocks,1000.0,485.4,Neoproterozoic-Cambrian volcanic: interlayered sedimentary and volcanic rocks,7,742.7,514.6,0,0,1,1,0,0,0,0,0,0
34.7,-85.5,OK,"sandstone,shale,coal",323.2,322.15,Bashkirian sedimentary,7,322.67499999999995,1.0500000000000114,0,0,0,1,0,0,0,0,0,0
34.7,-85.4,OK,"Major:{sandstone,shale}",440.8,426.3,Red Mountain Formation,133,433.55,14.5,0,0,0,1,0,0,0,0,0,0
34.7,-85.3,OK,"Major:{dolostone}, Minor:{limestone}",493.575,470.0,Knox Group undifferentiated,133,481.7875,23.57499999999999,0,0,0,1,0,0,0,0,0,0
34.7,-85.2,OK,Major:{limestone},477.7,470.0,Newala Limestone,133,473.85,7.699999999999989,0,0,0,1,0,0,0,0,0,0
34.7,-85.1,OK,"Major:{dolostone}, Minor:{limestone}",493.575,477.7,Knox Group undifferentiated,133,485.6375,15.875,0,0,0,1,0,0,0,0,0,0
34.7,-85.0,OK,"Major:{limestone,shale}",511.0,493.575,Conasauga Group; Upper unit; limestone and shale unit,133,502.2875,17.42500000000001,0,0,0,1,0,0,0,0,0,0
34.7,-84.9,OK,"Major:{shale,sandstone}",511.0,493.575,Conasauga Group; Lower unit; shale and sandstone unit,133,502.2875,17.42500000000001,0,0,0,1,0,0,0,0,0,0
34.7,-84.8,OK,"Major:{shale,sandstone}",511.0,493.575,Conasauga Group; Lower unit; shale and sandstone unit,133,502.2875,17.42500000000001,0,0,0,1,0,0,0,0,0,0
34.7,-84.7,OK,sedimentary rocks,1000.0,541.0,Neoproterozoic sedimentary rocks,154,770.5,459.0,0,0,0,1,0,0,0,0,0,0
34.7,-84.6,OK,sedimentary,1000.0,541.0,Neoproterozoic sedimentary,7,770.5,459.0,0,0,0,1,0,0,0,0,0,0
34.7,-84.5,OK,sedimentary,541.0,443.8,Cambrian-Ordovician sedimentary,7,492.4,97.19999999999999,0,0,0,1,0,0,0,0,0,0
34.7,-84.4,OK,sedimentary rocks,1000.0,541.0,Neoproterozoic sedimentary rocks,154,770.5,459.0,0,0,0,1,0,0,0,0,0,0
34.7,-84.3,OK,sedimentary rocks,1000.0,541.0,Neoproterozoic sedimentary rocks,154,770.5,459.0,0,0,0,1,0,0,0,0,0,0
34.7,-84.2,OK,sedimentary rocks,1000.0,541.0,Neoproterozoic sedimentary rocks,154,770.5,459.0,0,0,0,1,0,0,0,0,0,0
34.7,-84.1,OK,sedimentary rocks,1000.0,541.0,Neoproterozoic sedimentary rocks,154,770.5,459.0,0,0,0,1,0,0,0,0,0,0
34.7,-84.0,OK,sedimentary rocks,1000.0,541.0,Neoproterozoic sedimentary rocks,154,770.5,459.0,0,0,0,1,0,0,0,0,0,0
34.7,-83.9,OK,sedimentary rocks,1000.0,541.0,Neoproterozoic sedimentary rocks,154,770.5,459.0,0,0,0,1,0,0,0,0,0,0
34.7,-83.8,OK,volcanic: interlayered sedimentary and volcanic rocks,1000.0,485.4,Neoproterozoic-Cambrian volcanic: interlayered sedimentary and volcanic rocks,7,742.7,514.6,0,0,1,1,0,0,0,0,0,0
34.7,-83.7,OK,volcanic: interlayered sedimentary and volcanic rocks,1000.0,485.4,Neoproterozoic-Cambrian volcanic: interlayered sedimentary and volcanic rocks,7,742.7,514.6,0,0,1,1,0,0,0,0,0,0
34.7,-83.6,OK,sedimentary,1000.0,485.4,Neoproterozoic-Cambrian sedimentary,7,742.7,514.6,0,0,0,1,0,0,0,0,0,0
34.7,-83.5,OK,volcanic: interlayered sedimentary and volcanic rocks,1000.0,485.4,Neoproterozoic-Cambrian volcanic: interlayered sedimentary and volcanic rocks,7,742.7,514.6,0,0,1,1,0,0,0,0,0,0
34.7,-83.4,OK,volcanic: interlayered sedimentary and volcanic rocks,1000.0,485.4,Neoproterozoic-Cambrian volcanic: interlayered sedimentary and volcanic rocks,7,742.7,514.6,0,0,1,1,0,0,0,0,0,0
34.8,-85.5,OK,"sandstone,shale,coal",323.2,322.15,Bashkirian sedimentary,7,322.67499999999995,1.0500000000000114,0,0,0,1,0,0,0,0,0,0
34.8,-85.4,OK,Major:{limestone},470.0,449.0,Chickamauga Group undivided,133,459.5,21.0,0,0,0,1,0,0,0,0,0,0
34.8,-85.3,OK,Major:{limestone},470.0,449.0,Chickamauga Group undivided,133,459.5,21.0,0,0,0,1,0,0,0,0,0,0
34.8,-85.2,OK,"Major:{dolostone}, Minor:{limestone}",493.575,470.0,Knox Group undifferentiated,133,481.7875,23.57499999999999,0,0,0,1,0,0,0,0,0,0
34.8,-85.1,OK,Major:{limestone},477.7,459.044,Newala Limestone,133,468.37199999999996,18.656000000000006,0,0,0,1,0,0,0,0,0,0
34.8,-85.0,OK,Major:{limestone},499.95,497.85,Conasauga Group; Maynardville Limestone,133,498.9,2.099999999999966,0,0,0,1,0,0,0,0,0,0
34.8,-84.9,OK,"Major:{limestone,shale}",511.0,493.575,Conasauga Group; Upper unit; limestone and shale unit,133,502.2875,17.42500000000001,0,0,0,1,0,0,0,0,0,0
34.8,-84.8,OK,Major:{limestone},477.7,459.044,Newala Limestone,133,468.37199999999996,18.656000000000006,0,0,0,1,0,0,0,0,0,0
34.8,-84.7,OK,sedimentary rocks,1000.0,541.0,Neoproterozoic sedimentary rocks,154,770.5,459.0,0,0,0,1,0,0,0,0,0,0
34.8,-84.6,OK,sedimentary,1000.0,541.0,Neoproterozoic sedimentary,7,770.5,459.0,0,0,0,1,0,0,0,0,0,0
34.8,-84.5,OK,sedimentary,1000.0,541.0,Neoproterozoic sedimentary,7,770.5,459.0,0,0,0,1,0,0,0,0,0,0
34.8,-84.4,OK,sedimentary rocks,1000.0,541.0,Neoproterozoic sedimentary rocks,154,770.5,459.0,0,0,0,1,0,0,0,0,0,0
34.8,-84.3,OK,sedimentary rocks,1000.0,541.0,Neoproterozoic sedimentary rocks,154,770.5,459.0,0,0,0,1,0,0,0,0,0,0
34.8,-84.2,OK,sedimentary rocks,1000.0,541.0,Neoproterozoic sedimentary rocks,154,770.5,459.0,0,0,0,1,0,0,0,0,0,0
34.8,-84.1,OK,sedimentary rocks,1000.0,541.0,Neoproterozoic sedimentary rocks,154,770.5,459.0,0,0,0,1,0,0,0,0,0,0
34.8,-84.0,OK,sedimentary rocks,1000.0,541.0,Neoproterozoic sedimentary rocks,154,770.5,459.0,0,0,0,1,0,0,0,0,0,0
34.8,-83.9,OK,sedimentary rocks,1000.0,541.0,Neoproterozoic sedimentary rocks,154,770.5,459.0,0,0,0,1,0,0,0,0,0,0
34.8,-83.8,OK,sedimentary rocks,1000.0,541.0,Neoproterozoic sedimentary rocks,154,770.5,459.0,0,0,0,1,0,0,0,0,0,0
34.8,-83.7,OK,volcanic: interlayered sedimentary and volcanic rocks,1000.0,485.4,Neoproterozoic-Cambrian volcanic: interlayered sedimentary and volcanic rocks,7,742.7,514.6,0,0,1,1,0,0,0,0,0,0
34.8,-83.6,OK,volcanic: interlayered sedimentary and volcanic rocks,1000.0,485.4,Neoproterozoic-Cambrian volcanic: interlayered sedimentary and volcanic rocks,7,742.7,514.6,0,0,1,1,0,0,0,0,0,0
34.8,-83.5,OK,volcanic: interlayered sedimentary and volcanic rocks,1000.0,485.4,Neoproterozoic-Cambrian volcanic: interlayered sedimentary and volcanic rocks,7,742.7,514.6,0,0,1,1,0,0,0,0,0,0
34.8,-83.4,OK,volcanic: interlayered sedimentary and volcanic rocks,1000.0,485.4,Neoproterozoic-Cambrian volcanic: interlayered sedimentary and volcanic rocks,7,742.7,514.6,0,0,1,1,0,0,0,0,0,0
34.9,-85.5,OK,sedimentary,358.9,323.2,Mississippian sedimentary,7,341.04999999999995,35.69999999999999,0,0,0,1,0,0,0,0,0,0
34.9,-85.4,OK,"Major:{sandstone,shale,conglomerate}",323.2,298.9,Pennsylvanian undifferentiated,133,311.04999999999995,24.30000000000001,0,0,0,1,0,0,0,0,0,0
34.9,-85.3,OK,"Major:{dolostone}, Minor:{limestone}",493.575,477.7,Knox Group undifferentiated,133,485.6375,15.875,0,0,0,1,0,0,0,0,0,0
34.9,-85.2,OK,"Major:{dolostone}, Minor:{limestone}",493.575,470.0,Knox Group undifferentiated,133,481.7875,23.57499999999999,0,0,0,1,0,0,0,0,0,0
34.9,-85.1,OK,"Major:{sandstone,shale}",440.8,426.3,Red Mountain Formation,133,433.55,14.5,0,0,0,1,0,0,0,0,0,0
34.9,-85.0,OK,"Major:{dolostone}, Minor:{limestone}",493.575,477.7,Knox Group undifferentiated,133,485.6375,15.875,0,0,0,1,0,0,0,0,0,0
34.9,-84.9,OK,"Major:{dolostone}, Minor:{limestone}",493.575,477.7,Knox Group undifferentiated,133,485.6375,15.875,0,0,0,1,0,0,0,0,0,0
34.9,-84.8,OK,"Major:{dolostone}, Minor:{limestone}",493.575,477.7,Knox Group undifferentiated,133,485.6375,15.875,0,0,0,1,0,0,0,0,0,0
34.9,-84.7,OK,sedimentary rocks,1000.0,541.0,Neoproterozoic sedimentary rocks,154,770.5,459.0,0,0,0,1,0,0,0,0,0,0
34.9,-84.6,OK,sedimentary rocks,1000.0,541.0,Neoproterozoic sedimentary rocks,154,770.5,459.0,0,0,0,1,0,0,0,0,0,0
34.9,-84.5,OK,sedimentary,1000.0,541.0,Neoproterozoic sedimentary,7,770.5,459.0,0,0,0,1,0,0,0,0,0,0
34.9,-84.4,OK,sedimentary,541.0,443.8,Cambrian-Ordovician sedimentary,7,492.4,97.19999999999999,0,0,0,1,0,0,0,0,0,0
34.9,-84.3,OK,sedimentary,541.0,443.8,Cambrian-Ordovician sedimentary,7,492.4,97.19999999999999,0,0,0,1,0,0,0,0,0,0
34.9,-84.2,OK,sedimentary,541.0,443.8,Cambrian-Ordovician sedimentary,7,492.4,97.19999999999999,0,0,0,1,0,0,0,0,0,0
34.9,-84.1,OK,sedimentary,1000.0,541.0,Neoproterozoic sedimentary,7,770.5,459.0,0,0,0,1,0,0,0,0,0,0
34.9,-84.0,OK,sedimentary,1000.0,541.0,Neoproterozoic sedimentary,7,770.5,459.0,0,0,0,1,0,0,0,0,0,0
34.9,-83.9,OK,sedimentary rocks,1000.0,541.0,Neoproterozoic sedimentary rocks,154,770.5,459.0,0,0,0,1,0,0,0,0,0,0
34.9,-83.8,OK,volcanic: interlayered sedimentary and volcanic rocks,1000.0,485.4,Neoproterozoic-Cambrian volcanic: interlayered sedimentary and volcanic rocks,7,742.7,514.6,0,0,1,1,0,0,0,0,0,0
34.9,-83.7,OK,sedimentary rocks,1000.0,541.0,Neoproterozoic sedimentary rocks,154,770.5,459.0,0,0,0,1,0,0,0,0,0,0
34.9,-83.6,OK,sedimentary,1000.0,541.0,Neoproterozoic sedimentary,7,770.5,459.0,0,0,0,1,0,0,0,0,0,0
34.9,-83.5,OK,plutonic: undivided granitic rocks,541.0,443.8,Cambrian-Ordovician plutonic: undivided granitic rocks,7,492.4,97.19999999999999,0,1,0,0,0,0,0,0,0,1
34.9,-83.4,OK,volcanic: interlayered sedimentary and volcanic rocks,1000.0,485.4,Neoproterozoic-Cambrian volcanic: interlayered sedimentary and volcanic rocks,7,742.7,514.6,0,0,1,1,0,0,0,0,0,0
34.9,-83.3,OK,volcanic: interlayered sedimentary and volcanic rocks,1000.0,485.4,Neoproterozoic-Cambrian volcanic: interlayered sedimentary and volcanic rocks,7,742.7,514.6,0,0,1,1,0,0,0,0,0,0
34.9,-83.2,OK,volcanic: interlayered sedimentary and volcanic rocks,1000.0,485.4,Neoproterozoic-Cambrian volcanic: interlayered sedimentary and volcanic rocks,7,742.7,514.6,0,0,1,1,0,0,0,0,0,0
