lat,lng,site_name,dev_stat,label,status,lith,unit_name,map_source,n_mrds_records,age_span,b_age,t_age,age_mid,lith_metamorphic,lith_plutonic,lith_volcanic,lith_sedimentary,lith_unconsolidated,lith_schist,lith_gneiss,lith_quartz,lith_mafic,lith_felsic
34.49202,-83.9821,Calhoun Mine,Producer,1,OK,sedimentary,Neoproterozoic-Cambrian sedimentary,7,1,514.6,1000.0,485.4,742.7,0,0,0,1,0,0,0,0,0,0
34.41403,-84.09991,Missing Link Mine,Past Producer,1,OK,sedimentary,Neoproterozoic-Cambrian sedimentary,7,6,514.6,1000.0,485.4,742.7,0,0,0,1,0,0,0,0,0,0
34.42513,-84.06241,Palmour,Past Producer,1,OK,sedimentary,Neoproterozoic-Cambrian sedimentary,7,8,514.6,1000.0,485.4,742.7,0,0,0,1,0,0,0,0,0,0
34.86682,-84.35551,Hackney Placer,Past Producer,1,OK,sedimentary,Cambrian-Ordovician sedimentary,7,1,97.19999999999999,541.0,443.8,492.4,0,0,0,1,0,0,0,0,0,0
34.46433,-84.03381,Josephine Mine,Past Producer,1,OK,sedimentary,Neoproterozoic-Cambrian sedimentary,7,1,514.6,1000.0,485.4,742.7,0,0,0,1,0,0,0,0,0,0
33.77574,-82.56296,Magruder Mine,Past Producer,1,OK,volcanic: felsic rocks,Cambrian volcanic: felsic rocks,7,1,55.60000000000002,541.0,485.4,513.2,0,0,1,0,0,0,0,0,0,1
34.27703,-84.40162,Lot 208 Shaft,Past Producer,1,OK,sedimentary,Neoproterozoic sedimentary,7,1,459.0,1000.0,541.0,770.5,0,0,0,1,0,0,0,0,0,0
34.27593,-84.39572,Latham Mine,Past Producer,1,OK,sedimentary,Neoproterozoic sedimentary,7,1,459.0,1000.0,541.0,770.5,0,0,0,1,0,0,0,0,0,0
34.53482,-83.9724,Free Jim Mine,Past Producer,1,OK,sedimentary,Neoproterozoic-Cambrian sedimentary,7,1,514.6,1000.0,485.4,742.7,0,0,0,1,0,0,0,0,0,0
34.48482,-84.02431,Whim Hill Mine,Past Producer,1,OK,sedimentary,Neoproterozoic-Cambrian sedimentary,7,1,514.6,1000.0,485.4,742.7,0,0,0,1,0,0,0,0,0,0
33.61544,-82.56706,Columbia Gold Mine,Past Producer,1,OK,felsic paragneiss; paragneiss/metavolcanic gneiss,Paleozoic crystalline metamorphic rocks,154,1,289.098,541.0,251.902,396.451,1,0,1,0,0,0,1,0,0,1
34.52652,-84.0127,Gordon Mine,Past Producer,1,OK,sedimentary,Neoproterozoic sedimentary,7,1,459.0,1000.0,541.0,770.5,0,0,0,1,0,0,0,0,0,0
34.20703,-84.37772,Rudicil Mine,Past Producer,1,OK,sedimentary,Neoproterozoic-Cambrian sedimentary,7,1,514.6,1000.0,485.4,742.7,0,0,0,1,0,0,0,0,0,0
34.47343,-84.53772,Betz Mine,Past Producer,1,OK,sedimentary,Neoproterozoic sedimentary,7,1,459.0,1000.0,541.0,770.5,0,0,0,1,0,0,0,0,0,0
34.09293,-84.05631,Level Creek Gold Mine,Past Producer,1,OK,sedimentary,Neoproterozoic-Cambrian sedimentary,7,1,514.6,1000.0,485.4,742.7,0,0,0,1,0,0,0,0,0,0
34.05403,-84.65462,House Mine,Past Producer,1,OK,sedimentary,Neoproterozoic-Cambrian sedimentary,7,1,514.6,1000.0,485.4,742.7,0,0,0,1,0,0,0,0,0,0
34.19233,-84.53572,Coggins Mine,Past Producer,1,OK,sedimentary,Neoproterozoic sedimentary,7,1,459.0,1000.0,541.0,770.5,0,0,0,1,0,0,0,0,0,0
34.09593,-84.59572,Old Bell Cut,Past Producer,1,OK,sedimentary,Neoproterozoic-Cambrian sedimentary,7,4,514.6,1000.0,485.4,742.7,0,0,0,1,0,0,0,0,0,0
34.73342,-84.22071,Noontootly Creek,Past Producer,1,OK,sedimentary rocks,Neoproterozoic sedimentary rocks,154,1,459.0,1000.0,541.0,770.5,0,0,0,1,0,0,0,0,0,0
34.91682,-83.58319,Tom Coward Gap Prospect,Past Producer,1,OK,volcanic: interlayered sedimentary and volcanic rocks,Neoproterozoic-Cambrian volcanic: interlayered sedimentary and volcanic rocks,7,1,514.6,1000.0,485.4,742.7,0,0,1,1,0,0,0,0,0,0
33.77934,-82.56426,Seminole/Magruder/Wardlaw/Jackson Veins,Past Producer,1,OK,volcanic: felsic rocks,Cambrian volcanic: felsic rocks,7,1,55.60000000000002,541.0,485.4,513.2,0,0,1,0,0,0,0,0,0,1
34.31183,-84.26661,Franklin-Creighton Mine,Past Producer,1,OK,sedimentary,Neoproterozoic sedimentary,7,1,459.0,1000.0,541.0,770.5,0,0,0,1,0,0,0,0,0,0
33.65014,-85.08324,Reeds Mountain,Past Producer,1,OK,sedimentary rocks,Paleozoic sedimentary rocks,154,1,289.098,541.0,251.902,396.451,0,0,0,1,0,0,0,0,0,0
33.63074,-82.99158,Mitchell Hill Prospect,Past Producer,1,OK,felsic paragneiss; paragneiss/metavolcanic gneiss,Paleozoic crystalline metamorphic rocks,154,1,289.098,541.0,251.902,396.451,1,0,1,0,0,0,1,0,0,1
33.81124,-83.04158,Buffalo,Past Producer,1,OK,mudstone-carbonate-sandstone-conglomerate,Paleozoic sedimentary and volcanic rocks,154,1,55.60000000000002,541.0,485.4,513.2,0,0,0,1,0,0,0,0,0,0
33.80014,-83.01658,Morgan Mine (Arnold Prospect),Past Producer,1,OK,intrusive igneous rocks,Paleozoic intrusive rocks,154,1,84.90000000000003,443.8,358.9,401.35,0,1,0,0,0,0,0,0,0,0
33.74184,-83.09158,Briscoe Mine (Drake Mine),Past Producer,1,OK,intrusive igneous rocks,Paleozoic intrusive rocks,154,1,84.90000000000003,443.8,358.9,401.35,0,1,0,0,0,0,0,0,0,0
33.61684,-82.56516,Columbia Mine,Past Producer,1,OK,felsic paragneiss; paragneiss/metavolcanic gneiss,Paleozoic crystalline metamorphic rocks,154,1,289.098,541.0,251.902,396.451,1,0,1,0,0,0,1,0,0,1
34.11123,-84.10821,Settles Property,Past Producer,1,OK,sedimentary,Neoproterozoic-Cambrian sedimentary,7,1,514.6,1000.0,485.4,742.7,0,0,0,1,0,0,0,0,0,0
34.21683,-84.24711,W.T. Fowler Placer,Past Producer,1,OK,sedimentary,Neoproterozoic-Cambrian sedimentary,7,1,514.6,1000.0,485.4,742.7,0,0,0,1,0,0,0,0,0,0
34.06123,-84.15551,Little Property,Past Producer,1,OK,sedimentary,Neoproterozoic-Cambrian sedimentary,7,1,514.6,1000.0,485.4,742.7,0,0,0,1,0,0,0,0,0,0
34.37233,-84.14301,Kim Mori Mines,Past Producer,1,OK,sedimentary,Neoproterozoic-Cambrian sedimentary,7,1,514.6,1000.0,485.4,742.7,0,0,0,1,0,0,0,0,0,0
34.17703,-84.36302,T.N.Westbrook's,Past Producer,1,OK,sedimentary,Neoproterozoic-Cambrian sedimentary,7,1,514.6,1000.0,485.4,742.7,0,0,0,1,0,0,0,0,0,0
34.25843,-84.35962,Latham (Chester),Past Producer,1,OK,sedimentary,Neoproterozoic sedimentary,7,3,459.0,1000.0,541.0,770.5,0,0,0,1,0,0,0,0,0,0
34.08903,-84.73603,J.J.Howard,Past Producer,1,OK,sedimentary,Neoproterozoic-Cambrian sedimentary,7,1,514.6,1000.0,485.4,742.7,0,0,0,1,0,0,0,0,0,0
34.10983,-84.65822,Georgiana Mine,Past Producer,1,OK,sedimentary,Neoproterozoic-Cambrian sedimentary,7,4,514.6,1000.0,485.4,742.7,0,0,0,1,0,0,0,0,0,0
34.11683,-84.68053,Allatoona Vein,Past Producer,1,OK,sedimentary,Neoproterozoic-Cambrian sedimentary,7,2,514.6,1000.0,485.4,742.7,0,0,0,1,0,0,0,0,0,0
34.13343,-84.52492,M.D. Smith,Past Producer,1,OK,sedimentary,Neoproterozoic-Cambrian sedimentary,7,1,514.6,1000.0,485.4,742.7,0,0,0,1,0,0,0,0,0,0
34.15903,-84.45962,Worley Mine,Past Producer,1,OK,sedimentary,Neoproterozoic-Cambrian sedimentary,7,1,514.6,1000.0,485.4,742.7,0,0,0,1,0,0,0,0,0,0
34.38483,-84.33181,Burty No.1,Past Producer,1,OK,sedimentary rocks,Neoproterozoic sedimentary rocks,154,2,459.0,1000.0,541.0,770.5,0,0,0,1,0,0,0,0,0,0
34.12373,-84.36662,Chester (Turner) Prospect,Past Producer,1,OK,sedimentary,Neoproterozoic-Cambrian sedimentary,7,1,514.6,1000.0,485.4,742.7,0,0,0,1,0,0,0,0,0,0
34.11823,-84.58052,Bell-Star,Past Producer,1,OK,sedimentary,Neoproterozoic-Cambrian sedimentary,7,3,514.6,1000.0,485.4,742.7,0,0,0,1,0,0,0,0,0,0
34.18763,-84.55492,Cherokee Mine,Past Producer,1,OK,sedimentary,Neoproterozoic sedimentary,7,6,459.0,1000.0,541.0,770.5,0,0,0,1,0,0,0,0,0,0
34.01404,-84.86383,Sheffield & Heidt Property,Past Producer,1,OK,sedimentary,Neoproterozoic-Cambrian sedimentary,7,3,514.6,1000.0,485.4,742.7,0,0,0,1,0,0,0,0,0,0
34.26403,-84.33051,Sandow Mine,Past Producer,1,OK,sedimentary,Neoproterozoic sedimentary,7,1,459.0,1000.0,541.0,770.5,0,0,0,1,0,0,0,0,0,0
34.04454,-84.83463,Dunaway Mine,Past Producer,1,OK,sedimentary,Silurian-Devonian sedimentary,7,2,84.90000000000003,443.8,358.9,401.35,0,0,0,1,0,0,0,0,0,0
34.53122,-84.0041,Tahloneka Branch (Winfield Branch),Past Producer,1,OK,sedimentary,Neoproterozoic sedimentary,7,1,459.0,1000.0,541.0,770.5,0,0,0,1,0,0,0,0,0,0
34.71122,-84.20551,Mccloud Mine,Past Producer,1,OK,sedimentary rocks,Neoproterozoic sedimentary rocks,154,1,459.0,1000.0,541.0,770.5,0,0,0,1,0,0,0,0,0,0
33.85014,-85.07354,No Name,Past Producer,1,OK,sedimentary,Neoproterozoic-Cambrian sedimentary,7,1,514.6,1000.0,485.4,742.7,0,0,0,1,0,0,0,0,0,0
33.79934,-85.11664,No Name,Past Producer,1,OK,plutonic: undivided granitic rocks,Cambrian-Ordovician plutonic: undivided granitic rocks,7,1,97.19999999999999,541.0,443.8,492.4,0,1,0,0,0,0,0,0,0,1
33.81324,-85.18604,No Name,Past Producer,1,OK,volcanic: mafic rocks,Devonian volcanic: mafic rocks,7,1,60.30000000000001,419.2,358.9,389.04999999999995,0,0,1,0,0,0,0,0,1,0
33.84734,-84.78183,No Name,Past Producer,1,OK,sedimentary,Neoproterozoic-Cambrian sedimentary,7,1,514.6,1000.0,485.4,742.7,0,0,0,1,0,0,0,0,0,0
33.98764,-84.90823,No Name,Past Producer,1,OK,sedimentary,Neoproterozoic-Cambrian sedimentary,7,1,514.6,1000.0,485.4,742.7,0,0,0,1,0,0,0,0,0,0
33.91684,-84.96743,Yorkville Mine,Past Producer,1,OK,sedimentary,Neoproterozoic-Cambrian sedimentary,7,1,514.6,1000.0,485.4,742.7,0,0,0,1,0,0,0,0,0,0
33.96544,-84.90553,Schofield Mine,Past Producer,1,OK,sedimentary,Neoproterozoic-Cambrian sedimentary,7,1,514.6,1000.0,485.4,742.7,0,0,0,1,0,0,0,0,0,0
33.87954,-85.02214,Mcgarrity Prospect,Past Producer,1,OK,sedimentary,Neoproterozoic-Cambrian sedimentary,7,1,514.6,1000.0,485.4,742.7,0,0,0,1,0,0,0,0,0,0
33.55015,-85.01664,Stacy Mine,Past Producer,1,OK,sedimentary rocks,Neoproterozoic sedimentary rocks,154,1,459.0,1000.0,541.0,770.5,0,0,0,1,0,0,0,0,0,0
33.25015,-84.73323,Bingham Property,Past Producer,1,OK,volcanic: interlayered sedimentary and volcanic rocks,Neoproterozoic-Cambrian volcanic: interlayered sedimentary and volcanic rocks,7,1,514.6,1000.0,485.4,742.7,0,0,1,1,0,0,0,0,0,0
33.45015,-84.98324,Clark and Hill Properties,Past Producer,1,OK,sedimentary,Neoproterozoic-Cambrian sedimentary,7,1,514.6,1000.0,485.4,742.7,0,0,0,1,0,0,0,0,0,0
33.43075,-85.00824,Hardagree Property,Past Producer,1,OK,sedimentary,Neoproterozoic-Cambrian sedimentary,7,1,514.6,1000.0,485.4,742.7,0,0,0,1,0,0,0,0,0,0
33.95014,-84.73323,Mason Mine,Past Producer,1,OK,sedimentary,Neoproterozoic-Cambrian sedimentary,7,1,514.6,1000.0,485.4,742.7,0,0,0,1,0,0,0,0,0,0
33.97234,-84.69163,J.B.Kemp's Property (Hathaway Property),Past Producer,1,OK,sedimentary,Neoproterozoic-Cambrian sedimentary,7,1,514.6,1000.0,485.4,742.7,0,0,0,1,0,0,0,0,0,0
33.21075,-84.81383,Lone Oak/Post/Wilkes,Past Producer,1,OK,volcanic: interlayered sedimentary and volcanic rocks,Neoproterozoic-Cambrian volcanic: interlayered sedimentary and volcanic rocks,7,3,514.6,1000.0,485.4,742.7,0,0,1,1,0,0,0,0,0,0
34.20573,-84.37492,Rudicil Mine,Past Producer,1,OK,sedimentary,Neoproterozoic-Cambrian sedimentary,7,2,514.6,1000.0,485.4,742.7,0,0,0,1,0,0,0,0,0,0
33.47515,-84.15681,Walker Property,Past Producer,1,OK,volcanic: interlayered sedimentary and volcanic rocks,Neoproterozoic-Cambrian volcanic: interlayered sedimentary and volcanic rocks,7,1,514.6,1000.0,485.4,742.7,0,0,1,1,0,0,0,0,0,0
33.71404,-84.93183,Jones Mine,Past Producer,1,OK,sedimentary,Neoproterozoic-Cambrian sedimentary,7,2,514.6,1000.0,485.4,742.7,0,0,0,1,0,0,0,0,0,0
33.50845,-83.8957,No Name,Past Producer,1,OK,volcanic: interlayered sedimentary and volcanic rocks,Neoproterozoic-Cambrian volcanic: interlayered sedimentary and volcanic rocks,7,1,514.6,1000.0,485.4,742.7,0,0,1,1,0,0,0,0,0,0
33.61684,-83.56239,Parker Prospect,Past Producer,1,OK,volcanic: interlayered sedimentary and volcanic rocks,Neoproterozoic-Cambrian volcanic: interlayered sedimentary and volcanic rocks,7,1,514.6,1000.0,485.4,742.7,0,0,1,1,0,0,0,0,0,0
33.83484,-83.7749,Smith Placer,Past Producer,1,OK,volcanic: interlayered sedimentary and volcanic rocks,Neoproterozoic-Cambrian volcanic: interlayered sedimentary and volcanic rocks,7,1,514.6,1000.0,485.4,742.7,0,0,1,1,0,0,0,0,0,0
33.89184,-83.7471,Thompson Placer,Past Producer,1,OK,volcanic: interlayered sedimentary and volcanic rocks,Neoproterozoic-Cambrian volcanic: interlayered sedimentary and volcanic rocks,7,1,514.6,1000.0,485.4,742.7,0,0,1,1,0,0,0,0,0,0
33.60014,-82.79987,Hillman,Past Producer,1,OK,felsic paragneiss; paragneiss/metavolcanic gneiss,Paleozoic crystalline metamorphic rocks,154,1,289.098,541.0,251.902,396.451,1,0,1,0,0,0,1,0,0,1
33.57514,-82.96657,Hackney-Lucas,Past Producer,1,OK,felsic paragneiss; paragneiss/metavolcanic gneiss,Paleozoic crystalline metamorphic rocks,154,1,289.098,541.0,251.902,396.451,1,0,1,0,0,0,1,0,0,1
33.81684,-82.62486,G.W. Booker Property,Past Producer,1,OK,volcanic: felsic rocks,Cambrian volcanic: felsic rocks,7,1,55.60000000000002,541.0,485.4,513.2,0,0,1,0,0,0,0,0,0,1
33.86124,-82.56236,Sales & Lamar Mine,Past Producer,1,OK,volcanic: felsic rocks,Cambrian volcanic: felsic rocks,7,1,55.60000000000002,541.0,485.4,513.2,0,0,1,0,0,0,0,0,0,1
33.69874,-82.81097,Stone Ridge Mine  (Orr),Past Producer,1,OK,felsic paragneiss; paragneiss/metavolcanic gneiss,Paleozoic crystalline metamorphic rocks,154,1,289.098,541.0,251.902,396.451,1,0,1,0,0,0,1,0,0,1
33.67514,-82.51516,Hilly Mine,Past Producer,1,OK,volcanic: felsic rocks,Cambrian volcanic: felsic rocks,7,1,55.60000000000002,541.0,485.4,513.2,0,0,1,0,0,0,0,0,0,1
33.83764,-82.93737,Latimer Mine (Fairy Ridge),Past Producer,1,OK,intrusive igneous rocks,Paleozoic intrusive rocks,154,1,84.90000000000003,443.8,358.9,401.35,0,1,0,0,0,0,0,0,0,0
33.65014,-82.46656,Ramsey Property,Past Producer,1,OK,mudstone-carbonate-sandstone-conglomerate,Paleozoic sedimentary and volcanic rocks,154,1,55.60000000000002,541.0,485.4,513.2,0,0,0,1,0,0,0,0,0,0
33.65704,-82.49156,Edmunds Prospect,Past Producer,1,OK,felsic paragneiss; paragneiss/metavolcanic gneiss,Paleozoic crystalline metamorphic rocks,154,1,289.098,541.0,251.902,396.451,1,0,1,0,0,0,1,0,0,1
34.47872,-84.04071,Battle Branch Mine,Past Producer,1,OK,sedimentary,Neoproterozoic-Cambrian sedimentary,7,6,514.6,1000.0,485.4,742.7,0,0,0,1,0,0,0,0,0,0
33.71264,-82.35126,Bohler (Mathis),Past Producer,1,OK,sedimentary,Cambrian sedimentary,7,1,55.60000000000002,541.0,485.4,513.2,0,0,0,1,0,0,0,0,0,0
33.75014,-82.28595,Bussey Property,Past Producer,1,OK,sedimentary,Cambrian sedimentary,7,1,55.60000000000002,541.0,485.4,513.2,0,0,0,1,0,0,0,0,0,0
33.76544,-82.35956,Samuels Place (Rhodes Taturn?),Past Producer,1,OK,volcanic: felsic rocks,Cambrian volcanic: felsic rocks,7,1,55.60000000000002,541.0,485.4,513.2,0,0,1,0,0,0,0,0,0,1
33.61684,-82.54986,Parks Mine,Past Producer,1,OK,felsic paragneiss; paragneiss/metavolcanic gneiss,Paleozoic crystalline metamorphic rocks,154,5,289.098,541.0,251.902,396.451,1,0,1,0,0,0,1,0,0,1
33.56684,-82.64987,Warren Mine,Past Producer,1,OK,felsic paragneiss; paragneiss/metavolcanic gneiss,Paleozoic crystalline metamorphic rocks,154,4,289.098,541.0,251.902,396.451,1,0,1,0,0,0,1,0,0,1
34.20013,-84.09991,Lot 70 2nd Dist.,Past Producer,1,OK,sedimentary,Neoproterozoic-Cambrian sedimentary,7,3,514.6,1000.0,485.4,742.7,0,0,0,1,0,0,0,0,0,0
34.23343,-83.8888,Vickers Prospect,Past Producer,1,OK,sedimentary,Neoproterozoic-Cambrian sedimentary,7,1,514.6,1000.0,485.4,742.7,0,0,0,1,0,0,0,0,0,0
34.30843,-83.8443,Rogers and Anderson Prospect,Past Producer,1,OK,sedimentary,Neoproterozoic-Cambrian sedimentary,7,1,514.6,1000.0,485.4,742.7,0,0,0,1,0,0,0,0,0,0
34.42233,-83.7166,Savage Placer,Past Producer,1,OK,sedimentary,Neoproterozoic-Cambrian sedimentary,7,1,514.6,1000.0,485.4,742.7,0,0,0,1,0,0,0,0,0,0
34.43903,-83.8818,Parks Mine Et Al.,Past Producer,1,OK,paragneiss; paragneiss/metavolcanic gneiss,Mesoproterozoic crystalline metamorphic rocks,154,1,600.0,1600.0,1000.0,1300.0,1,0,1,0,0,0,1,0,0,0
34.38073,-83.9374,Cool Spring Church,Past Producer,1,OK,sedimentary,Neoproterozoic-Cambrian sedimentary,7,1,514.6,1000.0,485.4,742.7,0,0,0,1,0,0,0,0,0,0
34.20843,-83.9749,Banks Property,Past Producer,1,OK,paragneiss; paragneiss/metavolcanic gneiss,Mesoproterozoic crystalline metamorphic rocks,154,1,600.0,1600.0,1000.0,1300.0,1,0,1,0,0,0,1,0,0,0
34.34873,-83.9055,Johnson Property,Past Producer,1,OK,paragneiss; paragneiss/metavolcanic gneiss,Mesoproterozoic crystalline metamorphic rocks,154,1,600.0,1600.0,1000.0,1300.0,1,0,1,0,0,0,1,0,0,0
34.15703,-83.05678,Brown Property,Past Producer,1,OK,volcanic: interlayered sedimentary and volcanic rocks,Neoproterozoic-Cambrian volcanic: interlayered sedimentary and volcanic rocks,7,1,514.6,1000.0,485.4,742.7,0,0,1,1,0,0,0,0,0,0
34.23203,-83.04568,Ginn Placer,Past Producer,1,OK,intrusive igneous rocks,Paleozoic intrusive rocks,154,1,84.90000000000003,443.8,358.9,401.35,0,1,0,0,0,0,0,0,0,0
33.99454,-84.33182,No Name,Past Producer,1,OK,sedimentary,Neoproterozoic-Cambrian sedimentary,7,1,514.6,1000.0,485.4,742.7,0,0,0,1,0,0,0,0,0,0
34.41953,-83.9166,Smith Mine,Past Producer,1,OK,sedimentary,Neoproterozoic-Cambrian sedimentary,7,4,514.6,1000.0,485.4,742.7,0,0,0,1,0,0,0,0,0,0
34.37513,-83.8749,Elrod/Stephens/Keath/Newton/Ivy Mt./Prater Mines,Past Producer,1,OK,sedimentary,Neoproterozoic-Cambrian sedimentary,7,6,514.6,1000.0,485.4,742.7,0,0,0,1,0,0,0,0,0,0
34.41823,-83.7457,Glade Mine,Past Producer,1,OK,sedimentary,Neoproterozoic-Cambrian sedimentary,7,2,514.6,1000.0,485.4,742.7,0,0,0,1,0,0,0,0,0,0
34.21683,-83.06658,Ginn Placer,Past Producer,1,OK,intrusive igneous rocks,Paleozoic intrusive rocks,154,1,84.90000000000003,443.8,358.9,401.35,0,1,0,0,0,0,0,0,0,0
34.11953,-83.08878,Smith Placer,Past Producer,1,OK,volcanic: interlayered sedimentary and volcanic rocks,Neoproterozoic-Cambrian volcanic: interlayered sedimentary and volcanic rocks,7,4,514.6,1000.0,485.4,742.7,0,0,1,1,0,0,0,0,0,0
34.13623,-83.07488,Ridgeway Placer,Past Producer,1,OK,volcanic: interlayered sedimentary and volcanic rocks,Neoproterozoic-Cambrian volcanic: interlayered sedimentary and volcanic rocks,7,4,514.6,1000.0,485.4,742.7,0,0,1,1,0,0,0,0,0,0
34.37793,-83.736,A.G. Jennings,Past Producer,1,OK,sedimentary,Neoproterozoic-Cambrian sedimentary,7,1,514.6,1000.0,485.4,742.7,0,0,0,1,0,0,0,0,0,0
34.38073,-83.03048,"Unknown, Prospect",Past Producer,1,OK,volcanic: interlayered sedimentary and volcanic rocks,Neoproterozoic-Cambrian volcanic: interlayered sedimentary and volcanic rocks,7,1,514.6,1000.0,485.4,742.7,0,0,1,1,0,0,0,0,0,0
34.39453,-82.99297,"Unknown, Prospect",Past Producer,1,OK,volcanic: interlayered sedimentary and volcanic rocks,Neoproterozoic-Cambrian volcanic: interlayered sedimentary and volcanic rocks,7,1,514.6,1000.0,485.4,742.7,0,0,1,1,0,0,0,0,0,0
34.36263,-83.09708,Unknown/Bowers Properties,Past Producer,1,OK,volcanic: interlayered sedimentary and volcanic rocks,Neoproterozoic-Cambrian volcanic: interlayered sedimentary and volcanic rocks,7,1,514.6,1000.0,485.4,742.7,0,0,1,1,0,0,0,0,0,0
34.34183,-83.06098,Hays Property,Past Producer,1,OK,volcanic: interlayered sedimentary and volcanic rocks,Neoproterozoic-Cambrian volcanic: interlayered sedimentary and volcanic rocks,7,2,514.6,1000.0,485.4,742.7,0,0,1,1,0,0,0,0,0,0
34.27513,-83.05128,Brown Mine (Kings Mount Gold Mine),Past Producer,1,OK,intrusive igneous rocks,Paleozoic intrusive rocks,154,1,84.90000000000003,443.8,358.9,401.35,0,1,0,0,0,0,0,0,0,0
34.97231,-83.886,Murdock Vein Mine,Past Producer,1,OK,volcanic: interlayered sedimentary and volcanic rocks,Neoproterozoic-Cambrian volcanic: interlayered sedimentary and volcanic rocks,7,5,514.6,1000.0,485.4,742.7,0,0,1,1,0,0,0,0,0,0
34.96261,-83.95823,Gum Log/J.H. Brown/Brown/Placer Mines,Past Producer,1,OK,sedimentary,Neoproterozoic sedimentary,7,1,459.0,1000.0,541.0,770.5,0,0,0,1,0,0,0,0,0,0
34.98341,-83.9193,M. Kinsey Mine,Past Producer,1,OK,volcanic: interlayered sedimentary and volcanic rocks,Neoproterozoic-Cambrian volcanic: interlayered sedimentary and volcanic rocks,7,8,514.6,1000.0,485.4,742.7,0,0,1,1,0,0,0,0,0,0
33.66544,-82.43736,Dill,Past Producer,1,OK,mudstone-carbonate-sandstone-conglomerate,Paleozoic sedimentary and volcanic rocks,154,3,55.60000000000002,541.0,485.4,513.2,0,0,0,1,0,0,0,0,0,0
34.96261,-83.64159,Hooper & Berong Prospect,Past Producer,1,OK,sedimentary rocks,Neoproterozoic sedimentary rocks,154,1,459.0,1000.0,541.0,770.5,0,0,0,1,0,0,0,0,0,0
34.94181,-83.63179,Newton Mine,Past Producer,1,OK,sedimentary rocks,Neoproterozoic sedimentary rocks,154,3,459.0,1000.0,541.0,770.5,0,0,0,1,0,0,0,0,0,0
34.90572,-83.9166,Killian Mine,Past Producer,1,OK,sedimentary rocks,Neoproterozoic sedimentary rocks,154,3,459.0,1000.0,541.0,770.5,0,0,0,1,0,0,0,0,0,0
34.82092,-83.9749,Coosa Creek Placer Mine,Past Producer,1,OK,sedimentary rocks,Neoproterozoic sedimentary rocks,154,1,459.0,1000.0,541.0,770.5,0,0,0,1,0,0,0,0,0,0
34.81952,-83.9221,Crumley Creek,Past Producer,1,OK,sedimentary rocks,Neoproterozoic sedimentary rocks,154,1,459.0,1000.0,541.0,770.5,0,0,0,1,0,0,0,0,0,0
34.89732,-83.9916,Wellborn-Robinson Property,Past Producer,1,OK,sedimentary,Neoproterozoic sedimentary,7,1,459.0,1000.0,541.0,770.5,0,0,0,1,0,0,0,0,0,0
34.63072,-83.7763,Baker & Son Placer,Past Producer,1,OK,sedimentary,Neoproterozoic-Cambrian sedimentary,7,9,514.6,1000.0,485.4,742.7,0,0,0,1,0,0,0,0,0,0
34.70842,-83.68459,Lumsden Mine,Past Producer,1,OK,volcanic: interlayered sedimentary and volcanic rocks,Neoproterozoic-Cambrian volcanic: interlayered sedimentary and volcanic rocks,7,7,514.6,1000.0,485.4,742.7,0,0,1,1,0,0,0,0,0,0
34.68622,-83.7388,Nichols Mine,Past Producer,1,OK,sedimentary,Neoproterozoic sedimentary,7,10,459.0,1000.0,541.0,770.5,0,0,0,1,0,0,0,0,0,0
34.50842,-83.64159,Crow Heirs Mine,Past Producer,1,OK,sedimentary,Neoproterozoic-Cambrian sedimentary,7,3,514.6,1000.0,485.4,742.7,0,0,0,1,0,0,0,0,0,0
34.61122,-83.51799,H. Woods,Past Producer,1,OK,sedimentary,Neoproterozoic-Cambrian sedimentary,7,1,514.6,1000.0,485.4,742.7,0,0,0,1,0,0,0,0,0,0
34.73622,-83.56379,Ls Prade Placer(Shelton Mine; K & M Berron),Past Producer,1,OK,sedimentary,Neoproterozoic-Cambrian sedimentary,7,1,514.6,1000.0,485.4,742.7,0,0,0,1,0,0,0,0,0,0
34.63762,-83.46239,Nichols Placer,Past Producer,1,OK,volcanic: interlayered sedimentary and volcanic rocks,Neoproterozoic-Cambrian volcanic: interlayered sedimentary and volcanic rocks,7,1,514.6,1000.0,485.4,742.7,0,0,1,1,0,0,0,0,0,0
34.67512,-83.53459,C.T. Willbanks,Past Producer,1,OK,volcanic: interlayered sedimentary and volcanic rocks,Neoproterozoic-Cambrian volcanic: interlayered sedimentary and volcanic rocks,7,1,514.6,1000.0,485.4,742.7,0,0,1,1,0,0,0,0,0,0
34.68202,-83.63049,Bell Davis Property,Past Producer,1,OK,volcanic: interlayered sedimentary and volcanic rocks,Neoproterozoic-Cambrian volcanic: interlayered sedimentary and volcanic rocks,7,1,514.6,1000.0,485.4,742.7,0,0,1,1,0,0,0,0,0,0
34.31123,-83.8166,Twitty? Mine,Past Producer,1,OK,sedimentary,Neoproterozoic-Cambrian sedimentary,7,7,514.6,1000.0,485.4,742.7,0,0,0,1,0,0,0,0,0,0
34.58542,-83.63319,Chatman Estate,Past Producer,1,OK,sedimentary,Neoproterozoic-Cambrian sedimentary,7,2,514.6,1000.0,485.4,742.7,0,0,0,1,0,0,0,0,0,0
34.80572,-83.59429,L. Wilson Placer,Past Producer,1,OK,volcanic: interlayered sedimentary and volcanic rocks,Neoproterozoic-Cambrian volcanic: interlayered sedimentary and volcanic rocks,7,4,514.6,1000.0,485.4,742.7,0,0,1,1,0,0,0,0,0,0
34.77512,-83.60549,T. Wood Placer,Past Producer,1,OK,volcanic: interlayered sedimentary and volcanic rocks,Neoproterozoic-Cambrian volcanic: interlayered sedimentary and volcanic rocks,7,6,514.6,1000.0,485.4,742.7,0,0,1,1,0,0,0,0,0,0
34.73622,-83.50679,Bright Evans Property,Past Producer,1,OK,sedimentary,Neoproterozoic-Cambrian sedimentary,7,1,514.6,1000.0,485.4,742.7,0,0,0,1,0,0,0,0,0,0
34.90012,-83.44989,Bowers Placer,Past Producer,1,OK,volcanic: interlayered sedimentary and volcanic rocks,Neoproterozoic-Cambrian volcanic: interlayered sedimentary and volcanic rocks,7,1,514.6,1000.0,485.4,742.7,0,0,1,1,0,0,0,0,0,0
34.93481,-83.49429,Moore Girl Mine,Past Producer,1,OK,volcanic: interlayered sedimentary and volcanic rocks,Neoproterozoic-Cambrian volcanic: interlayered sedimentary and volcanic rocks,7,3,514.6,1000.0,485.4,742.7,0,0,1,1,0,0,0,0,0,0
34.98901,-83.38319,Dillard/Ledford Placers,Past Producer,1,OK,plutonic: undivided granitic rocks,Cambrian-Ordovician plutonic: undivided granitic rocks,7,1,97.19999999999999,541.0,443.8,492.4,0,1,0,0,0,0,0,0,0,1
34.86122,-83.56659,Powell Mine,Past Producer,1,OK,volcanic: interlayered sedimentary and volcanic rocks,Neoproterozoic-Cambrian volcanic: interlayered sedimentary and volcanic rocks,7,1,514.6,1000.0,485.4,742.7,0,0,1,1,0,0,0,0,0,0
34.83622,-83.58319,Reaves Mine,Past Producer,1,OK,volcanic: interlayered sedimentary and volcanic rocks,Neoproterozoic-Cambrian volcanic: interlayered sedimentary and volcanic rocks,7,3,514.6,1000.0,485.4,742.7,0,0,1,1,0,0,0,0,0,0
34.87092,-83.38319,Screamer Mt.,Past Producer,1,OK,volcanic: interlayered sedimentary and volcanic rocks,Neoproterozoic-Cambrian volcanic: interlayered sedimentary and volcanic rocks,7,1,514.6,1000.0,485.4,742.7,0,0,1,1,0,0,0,0,0,0
34.89182,-83.48319,J.G. Welborn,Past Producer,1,OK,volcanic: interlayered sedimentary and volcanic rocks,Neoproterozoic-Cambrian volcanic: interlayered sedimentary and volcanic rocks,7,1,514.6,1000.0,485.4,742.7,0,0,1,1,0,0,0,0,0,0
34.92511,-83.22488,Hamby Mine,Past Producer,1,OK,volcanic: interlayered sedimentary and volcanic rocks,Neoproterozoic-Cambrian volcanic: interlayered sedimentary and volcanic rocks,7,3,514.6,1000.0,485.4,742.7,0,0,1,1,0,0,0,0,0,0
34.93761,-83.18878,Page Property,Past Producer,1,OK,volcanic: interlayered sedimentary and volcanic rocks,Neoproterozoic-Cambrian volcanic: interlayered sedimentary and volcanic rocks,7,1,514.6,1000.0,485.4,742.7,0,0,1,1,0,0,0,0,0,0
34.56952,-83.9221,Cavender's Creek,Past Producer,1,OK,sedimentary,Neoproterozoic sedimentary,7,5,459.0,1000.0,541.0,770.5,0,0,0,1,0,0,0,0,0,0
34.52232,-83.9846,Findley Mine Et Al. (Mines In the Dahlonega District),Past Producer,1,OK,sedimentary,Neoproterozoic-Cambrian sedimentary,7,1,514.6,1000.0,485.4,742.7,0,0,0,1,0,0,0,0,0,0
34.94731,-83.66659,Wills Creek Mine,Past Producer,1,OK,sedimentary rocks,Neoproterozoic sedimentary rocks,154,3,459.0,1000.0,541.0,770.5,0,0,0,1,0,0,0,0,0,0
34.61822,-83.8235,Old Courtney Placer,Past Producer,1,OK,sedimentary,Neoproterozoic-Cambrian sedimentary,7,10,514.6,1000.0,485.4,742.7,0,0,0,1,0,0,0,0,0,0
34.56682,-83.8596,Ashbury Property,Past Producer,1,OK,sedimentary,Neoproterozoic-Cambrian sedimentary,7,1,514.6,1000.0,485.4,742.7,0,0,0,1,0,0,0,0,0,0
34.87512,-83.9499,Butt Mine,Past Producer,1,OK,sedimentary rocks,Neoproterozoic sedimentary rocks,154,2,459.0,1000.0,541.0,770.5,0,0,0,1,0,0,0,0,0,0
34.35843,-83.8193,Jones,Past Producer,1,OK,sedimentary,Neoproterozoic-Cambrian sedimentary,7,3,514.6,1000.0,485.4,742.7,0,0,0,1,0,0,0,0,0,0
34.10983,-84.42492,Bailey Property,Past Producer,1,OK,sedimentary,Neoproterozoic-Cambrian sedimentary,7,1,514.6,1000.0,485.4,742.7,0,0,0,1,0,0,0,0,0,0
33.53485,-82.92067,Golucks-Rhodes,Past Producer,1,OK,felsic paragneiss; paragneiss/metavolcanic gneiss,Paleozoic crystalline metamorphic rocks,154,1,289.098,541.0,251.902,396.451,1,0,1,0,0,0,1,0,0,1
33.82014,-85.12074,Dean Property,Past Producer,1,OK,sedimentary rocks,Paleozoic sedimentary rocks,154,1,289.098,541.0,251.902,396.451,0,0,0,1,0,0,0,0,0,0
33.78654,-85.24434,Edwards Mine,Past Producer,1,OK,volcanic: mafic rocks,Devonian volcanic: mafic rocks,7,1,60.30000000000001,419.2,358.9,389.04999999999995,0,0,1,0,0,0,0,0,1,0
34.00294,-84.88603,Mathews Property,Past Producer,1,OK,sedimentary,Neoproterozoic-Cambrian sedimentary,7,1,514.6,1000.0,485.4,742.7,0,0,0,1,0,0,0,0,0,0
33.49735,-85.13464,Bonner Mine,Past Producer,1,OK,plutonic: undivided granitic rocks,Cambrian-Ordovician plutonic: undivided granitic rocks,7,1,97.19999999999999,541.0,443.8,492.4,0,1,0,0,0,0,0,0,0,1
33.68574,-83.63179,Conner Placer,Past Producer,1,OK,volcanic: interlayered sedimentary and volcanic rocks,Neoproterozoic-Cambrian volcanic: interlayered sedimentary and volcanic rocks,7,1,514.6,1000.0,485.4,742.7,0,0,1,1,0,0,0,0,0,0
33.82794,-82.60126,Kendall Mine,Past Producer,1,OK,volcanic: felsic rocks,Cambrian volcanic: felsic rocks,7,1,55.60000000000002,541.0,485.4,513.2,0,0,1,0,0,0,0,0,0,1
34.23343,-83.9443,Muddy Creek Prospect,Past Producer,1,OK,sedimentary,Neoproterozoic-Cambrian sedimentary,7,1,514.6,1000.0,485.4,742.7,0,0,0,1,0,0,0,0,0,0
34.61822,-83.65409,Twiner/T.G. Edwards,Past Producer,1,OK,sedimentary,Neoproterozoic-Cambrian sedimentary,7,1,514.6,1000.0,485.4,742.7,0,0,0,1,0,0,0,0,0,0
34.28093,-84.33241,S. R. Smith Mine,Past Producer,1,OK,sedimentary,Neoproterozoic sedimentary,7,1,459.0,1000.0,541.0,770.5,0,0,0,1,0,0,0,0,0,0
34.46153,-84.04681,Danae Mine,Past Producer,1,OK,sedimentary,Neoproterozoic-Cambrian sedimentary,7,1,514.6,1000.0,485.4,742.7,0,0,0,1,0,0,0,0,0,0
34.52652,-83.993,Capps Mine,Past Producer,1,OK,sedimentary,Neoproterozoic-Cambrian sedimentary,7,1,514.6,1000.0,485.4,742.7,0,0,0,1,0,0,0,0,0,0
33.77624,-82.57266,Chamber Mine,Past Producer,1,OK,volcanic: felsic rocks,Cambrian volcanic: felsic rocks,7,1,55.60000000000002,541.0,485.4,513.2,0,0,1,0,0,0,0,0,0,1
34.48982,-83.9952,Briar Patch Mine,Past Producer,1,OK,sedimentary,Neoproterozoic-Cambrian sedimentary,7,1,514.6,1000.0,485.4,742.7,0,0,0,1,0,0,0,0,0,0
34.45843,-84.04271,Saprolite Mine,Past Producer,1,OK,sedimentary,Neoproterozoic-Cambrian sedimentary,7,1,514.6,1000.0,485.4,742.7,0,0,0,1,0,0,0,0,0,0
34.42123,-84.07601,Nina Head Placer,Past Producer,1,OK,sedimentary,Neoproterozoic-Cambrian sedimentary,7,1,514.6,1000.0,485.4,742.7,0,0,0,1,0,0,0,0,0,0
34.57592,-83.9102,Jumbo Mine,Past Producer,1,OK,sedimentary,Neoproterozoic sedimentary,7,1,459.0,1000.0,541.0,770.5,0,0,0,1,0,0,0,0,0,0
34.70072,-83.7738,Ashbury Property,Past Producer,1,OK,sedimentary,Neoproterozoic sedimentary,7,1,459.0,1000.0,541.0,770.5,0,0,0,1,0,0,0,0,0,0
34.70342,-83.66989,Lot 10  Gold Mine,Past Producer,1,OK,volcanic: interlayered sedimentary and volcanic rocks,Neoproterozoic-Cambrian volcanic: interlayered sedimentary and volcanic rocks,7,1,514.6,1000.0,485.4,742.7,0,0,1,1,0,0,0,0,0,0
33.97294,-84.69323,J. B. Kemp Prospect,Past Producer,1,OK,sedimentary,Neoproterozoic-Cambrian sedimentary,7,1,514.6,1000.0,485.4,742.7,0,0,0,1,0,0,0,0,0,0
34.53732,-83.9682,Arnold Consolidated Gold Mines,Past Producer,1,OK,sedimentary,Neoproterozoic-Cambrian sedimentary,7,1,514.6,1000.0,485.4,742.7,0,0,0,1,0,0,0,0,0,0
33.61434,-82.56906,Hamilton Gold Mine,Past Producer,1,OK,felsic paragneiss; paragneiss/metavolcanic gneiss,Paleozoic crystalline metamorphic rocks,154,1,289.098,541.0,251.902,396.451,1,0,1,0,0,0,1,0,0,1
34.95291,-83.61519,Newton Placer Mine,Past Producer,1,OK,sedimentary,Neoproterozoic sedimentary,7,1,459.0,1000.0,541.0,770.5,0,0,0,1,0,0,0,0,0,0
34.49872,-83.68099,Lymsden Property,Past Producer,1,OK,sedimentary,Neoproterozoic-Cambrian sedimentary,7,1,514.6,1000.0,485.4,742.7,0,0,0,1,0,0,0,0,0,0
34.47842,-84.02991,Hedwig Mine,Past Producer,1,OK,sedimentary,Neoproterozoic-Cambrian sedimentary,7,1,514.6,1000.0,485.4,742.7,0,0,0,1,0,0,0,0,0,0
34.16843,-84.52412,Cherokee Mine,Past Producer,1,OK,sedimentary,Neoproterozoic sedimentary,7,1,459.0,1000.0,541.0,770.5,0,0,0,1,0,0,0,0,0,0
34.94121,-83.19178,Law Ground Branch Mine,Past Producer,1,OK,volcanic: interlayered sedimentary and volcanic rocks,Neoproterozoic-Cambrian volcanic: interlayered sedimentary and volcanic rocks,7,1,514.6,1000.0,485.4,742.7,0,0,1,1,0,0,0,0,0,0
34.52872,-83.9621,Lockhart Mine,Past Producer,1,OK,sedimentary,Neoproterozoic-Cambrian sedimentary,7,1,514.6,1000.0,485.4,742.7,0,0,0,1,0,0,0,0,0,0
34.74122,-84.41772,White Path Quarry,Past Producer,1,OK,sedimentary,Neoproterozoic sedimentary,7,1,459.0,1000.0,541.0,770.5,0,0,0,1,0,0,0,0,0,0
34.96951,-83.17488,Hedden Placer Mine,Past Producer,1,OK,volcanic: interlayered sedimentary and volcanic rocks,Neoproterozoic-Cambrian volcanic: interlayered sedimentary and volcanic rocks,7,1,514.6,1000.0,485.4,742.7,0,0,1,1,0,0,0,0,0,0
34.95011,-83.8541,Malden Prospect,Past Producer,1,OK,volcanic: interlayered sedimentary and volcanic rocks,Neoproterozoic-Cambrian volcanic: interlayered sedimentary and volcanic rocks,7,2,514.6,1000.0,485.4,742.7,0,0,1,1,0,0,0,0,0,0
33.90794,-84.79993,Dr. Parker's Property,Past Producer,1,OK,sedimentary,Neoproterozoic-Cambrian sedimentary,7,1,514.6,1000.0,485.4,742.7,0,0,0,1,0,0,0,0,0,0
34.52292,-83.976,Preacher Mine,Past Producer,1,OK,sedimentary,Neoproterozoic-Cambrian sedimentary,7,1,514.6,1000.0,485.4,742.7,0,0,0,1,0,0,0,0,0,0
34.53842,-83.9649,Tahloneka Mine,Past Producer,1,OK,sedimentary,Neoproterozoic-Cambrian sedimentary,7,1,514.6,1000.0,485.4,742.7,0,0,0,1,0,0,0,0,0,0
34.52202,-83.9427,Boly Field Mine,Past Producer,1,OK,sedimentary,Neoproterozoic-Cambrian sedimentary,7,1,514.6,1000.0,485.4,742.7,0,0,0,1,0,0,0,0,0,0
34.56952,-84.02101,Ralston  Mine,Past Producer,1,OK,sedimentary rocks,Neoproterozoic sedimentary rocks,154,1,459.0,1000.0,541.0,770.5,0,0,0,1,0,0,0,0,0,0
34.53822,-83.9705,Consolidated Mine,Past Producer,1,OK,sedimentary,Neoproterozoic-Cambrian sedimentary,7,1,514.6,1000.0,485.4,742.7,0,0,0,1,0,0,0,0,0,0
34.92681,-83.56269,Barclay Gold Mine,Past Producer,1,OK,volcanic: interlayered sedimentary and volcanic rocks,Neoproterozoic-Cambrian volcanic: interlayered sedimentary and volcanic rocks,7,1,514.6,1000.0,485.4,742.7,0,0,1,1,0,0,0,0,0,0
34.94451,-83.49569,Moore Girl's Mine,Past Producer,1,OK,volcanic: interlayered sedimentary and volcanic rocks,Neoproterozoic-Cambrian volcanic: interlayered sedimentary and volcanic rocks,7,1,514.6,1000.0,485.4,742.7,0,0,1,1,0,0,0,0,0,0
34.52372,-83.9874,Fish Trap Mine,Past Producer,1,OK,sedimentary,Neoproterozoic-Cambrian sedimentary,7,1,514.6,1000.0,485.4,742.7,0,0,0,1,0,0,0,0,0,0
33.67574,-82.52406,Lon Edmonds Mine,Past Producer,1,OK,volcanic: felsic rocks,Cambrian volcanic: felsic rocks,7,1,55.60000000000002,541.0,485.4,513.2,0,0,1,0,0,0,0,0,0,1
34.19093,-84.52822,Clarkson Mine,Past Producer,1,OK,sedimentary,Neoproterozoic sedimentary,7,1,459.0,1000.0,541.0,770.5,0,0,0,1,0,0,0,0,0,0
34.07403,-84.64602,Payne Mine,Past Producer,1,OK,sedimentary,Neoproterozoic-Cambrian sedimentary,7,1,514.6,1000.0,485.4,742.7,0,0,0,1,0,0,0,0,0,0
34.98231,-83.9168,Chastian Placer Mine,Past Producer,1,OK,volcanic: interlayered sedimentary and volcanic rocks,Neoproterozoic-Cambrian volcanic: interlayered sedimentary and volcanic rocks,7,1,514.6,1000.0,485.4,742.7,0,0,1,1,0,0,0,0,0,0
34.50952,-84.0093,Barlow Mine,Past Producer,1,OK,sedimentary,Neoproterozoic-Cambrian sedimentary,7,1,514.6,1000.0,485.4,742.7,0,0,0,1,0,0,0,0,0,0
34.66432,-83.7241,White Co Mine,Past Producer,1,OK,sedimentary,Neoproterozoic-Cambrian sedimentary,7,1,514.6,1000.0,485.4,742.7,0,0,0,1,0,0,0,0,0,0
34.47543,-84.04271,Battle Branch Mine,Past Producer,1,OK,sedimentary,Neoproterozoic-Cambrian sedimentary,7,1,514.6,1000.0,485.4,742.7,0,0,0,1,0,0,0,0,0,0
34.67732,-83.6991,Mcneer Placers,Past Producer,1,OK,sedimentary,Neoproterozoic-Cambrian sedimentary,7,1,514.6,1000.0,485.4,742.7,0,0,0,1,0,0,0,0,0,0
33.61514,-82.56656,The Parks Gold Mine,Past Producer,1,OK,felsic paragneiss; paragneiss/metavolcanic gneiss,Paleozoic crystalline metamorphic rocks,154,1,289.098,541.0,251.902,396.451,1,0,1,0,0,0,1,0,0,1
34.54542,-83.9727,Mary Henry Mine,Past Producer,1,OK,sedimentary,Neoproterozoic sedimentary,7,1,459.0,1000.0,541.0,770.5,0,0,0,1,0,0,0,0,0,0
34.44933,-84.05601,Etowah Gold Mining Properties,Past Producer,1,OK,sedimentary,Neoproterozoic-Cambrian sedimentary,7,1,514.6,1000.0,485.4,742.7,0,0,0,1,0,0,0,0,0,0
34.54182,-83.9705,Yahoola Mine,Past Producer,1,OK,sedimentary,Neoproterozoic sedimentary,7,1,459.0,1000.0,541.0,770.5,0,0,0,1,0,0,0,0,0,0
34.17593,-84.36242,T. N. Westbrook Mine,Past Producer,1,OK,sedimentary,Neoproterozoic-Cambrian sedimentary,7,1,514.6,1000.0,485.4,742.7,0,0,0,1,0,0,0,0,0,0
34.51432,-83.966,Old Columbia Mine,Past Producer,1,OK,sedimentary,Neoproterozoic-Cambrian sedimentary,7,1,514.6,1000.0,485.4,742.7,0,0,0,1,0,0,0,0,0,0
34.45623,-84.0071,Belle Mine,Past Producer,1,OK,sedimentary,Neoproterozoic-Cambrian sedimentary,7,1,514.6,1000.0,485.4,742.7,0,0,0,1,0,0,0,0,0,0
34.46073,-84.03521,Cleveland Mine,Past Producer,1,OK,sedimentary,Neoproterozoic-Cambrian sedimentary,7,1,514.6,1000.0,485.4,742.7,0,0,0,1,0,0,0,0,0,0
34.74652,-83.68799,Glen Comyn Gold Mine,Past Producer,1,OK,sedimentary,Neoproterozoic sedimentary,7,1,459.0,1000.0,541.0,770.5,0,0,0,1,0,0,0,0,0,0
34.52432,-83.9718,Griscom Mine,Past Producer,1,OK,sedimentary,Neoproterozoic-Cambrian sedimentary,7,1,514.6,1000.0,485.4,742.7,0,0,0,1,0,0,0,0,0,0
34.47073,-84.03271,Topabri Mine,Past Producer,1,OK,sedimentary,Neoproterozoic-Cambrian sedimentary,7,1,514.6,1000.0,485.4,742.7,0,0,0,1,0,0,0,0,0,0
34.92731,-83.21298,Hamby Mine,Past Producer,1,OK,volcanic: interlayered sedimentary and volcanic rocks,Neoproterozoic-Cambrian volcanic: interlayered sedimentary and volcanic rocks,7,1,514.6,1000.0,485.4,742.7,0,0,1,1,0,0,0,0,0,0
34.46343,-84.0116,Norrell Mine,Past Producer,1,OK,sedimentary,Neoproterozoic-Cambrian sedimentary,7,1,514.6,1000.0,485.4,742.7,0,0,0,1,0,0,0,0,0,0
34.54072,-83.981,Lawrence Mine,Past Producer,1,OK,sedimentary,Neoproterozoic sedimentary,7,1,459.0,1000.0,541.0,770.5,0,0,0,1,0,0,0,0,0,0
34.37093,-84.14131,Kin Mori Mine,Past Producer,1,OK,sedimentary,Neoproterozoic-Cambrian sedimentary,7,1,514.6,1000.0,485.4,742.7,0,0,0,1,0,0,0,0,0,0
34.46703,-84.03101,Wells Mine,Past Producer,1,OK,sedimentary,Neoproterozoic-Cambrian sedimentary,7,1,514.6,1000.0,485.4,742.7,0,0,0,1,0,0,0,0,0,0
34.04824,-84.65272,Freeman Mine,Past Producer,1,OK,sedimentary,Neoproterozoic-Cambrian sedimentary,7,1,514.6,1000.0,485.4,742.7,0,0,0,1,0,0,0,0,0,0
34.72652,-84.23321,Wade Allenis Gold Mine,Past Producer,1,OK,sedimentary rocks,Neoproterozoic sedimentary rocks,154,1,459.0,1000.0,541.0,770.5,0,0,0,1,0,0,0,0,0,0
34.53592,-83.9674,Singleton Mine,Past Producer,1,OK,sedimentary,Neoproterozoic-Cambrian sedimentary,7,1,514.6,1000.0,485.4,742.7,0,0,0,1,0,0,0,0,0,0
34.17903,-84.43742,Worley Mine,Past Producer,1,OK,sedimentary,Neoproterozoic-Cambrian sedimentary,7,1,514.6,1000.0,485.4,742.7,0,0,0,1,0,0,0,0,0,0
34.69732,-83.738,Reaves Property,Past Producer,1,OK,sedimentary,Neoproterozoic sedimentary,7,2,459.0,1000.0,541.0,770.5,0,0,0,1,0,0,0,0,0,0
34.97731,-83.17458,Hedden Placer Mine,Past Producer,1,OK,volcanic: interlayered sedimentary and volcanic rocks,Neoproterozoic-Cambrian volcanic: interlayered sedimentary and volcanic rocks,7,1,514.6,1000.0,485.4,742.7,0,0,1,1,0,0,0,0,0,0
33.69594,-85.28354,Royal Mine,Past Producer,1,OK,sedimentary rocks,Paleozoic sedimentary rocks,154,1,289.098,541.0,251.902,396.451,0,0,0,1,0,0,0,0,0,0
34.58432,-83.8955,Garnet Mine,Past Producer,1,OK,sedimentary,Neoproterozoic sedimentary,7,1,459.0,1000.0,541.0,770.5,0,0,0,1,0,0,0,0,0,0
34.54232,-83.998,Rider Mine,Past Producer,1,OK,sedimentary,Neoproterozoic sedimentary,7,1,459.0,1000.0,541.0,770.5,0,0,0,1,0,0,0,0,0,0
34.91091,-83.22018,Lamar Mine,Past Producer,1,OK,volcanic: interlayered sedimentary and volcanic rocks,Neoproterozoic-Cambrian volcanic: interlayered sedimentary and volcanic rocks,7,1,514.6,1000.0,485.4,742.7,0,0,1,1,0,0,0,0,0,0
32.92346,-85.12664,Rockford Placer,Past Producer,1,OK,volcanic: interlayered sedimentary and volcanic rocks,Neoproterozoic-Cambrian volcanic: interlayered sedimentary and volcanic rocks,7,1,514.6,1000.0,485.4,742.7,0,0,1,1,0,0,0,0,0,0
34.50932,-83.9485,Dry Hollow Mine,Past Producer,1,OK,sedimentary,Neoproterozoic-Cambrian sedimentary,7,1,514.6,1000.0,485.4,742.7,0,0,0,1,0,0,0,0,0,0
34.07593,-84.64602,Hamilton Mine,Past Producer,1,OK,sedimentary,Neoproterozoic-Cambrian sedimentary,7,1,514.6,1000.0,485.4,742.7,0,0,0,1,0,0,0,0,0,0
34.52982,-83.9988,Ivey Mine,Past Producer,1,OK,sedimentary,Neoproterozoic sedimentary,7,1,459.0,1000.0,541.0,770.5,0,0,0,1,0,0,0,0,0,0
34.50982,-83.9802,Crown Mountain,Past Producer,1,OK,sedimentary,Neoproterozoic-Cambrian sedimentary,7,1,514.6,1000.0,485.4,742.7,0,0,0,1,0,0,0,0,0,0
33.89764,-84.80353,Shirley Mine,Past Producer,1,OK,sedimentary,Neoproterozoic-Cambrian sedimentary,7,1,514.6,1000.0,485.4,742.7,0,0,0,1,0,0,0,0,0,0
34.55482,-83.9538,Boyd's Mine,Past Producer,1,OK,sedimentary,Neoproterozoic sedimentary,7,1,459.0,1000.0,541.0,770.5,0,0,0,1,0,0,0,0,0,0
34.19263,-84.54132,Sixes Mine,Past Producer,1,OK,sedimentary,Neoproterozoic sedimentary,7,1,459.0,1000.0,541.0,770.5,0,0,0,1,0,0,0,0,0,0
34.53652,-83.9693,Hand Mine,Past Producer,1,OK,sedimentary,Neoproterozoic-Cambrian sedimentary,7,1,514.6,1000.0,485.4,742.7,0,0,0,1,0,0,0,0,0,0
34.11343,-84.63432,Georgiana Mine,Past Producer,1,OK,sedimentary,Neoproterozoic-Cambrian sedimentary,7,1,514.6,1000.0,485.4,742.7,0,0,0,1,0,0,0,0,0,0
34.93571,-83.19708,Page Branch Mine,Past Producer,1,OK,volcanic: interlayered sedimentary and volcanic rocks,Neoproterozoic-Cambrian volcanic: interlayered sedimentary and volcanic rocks,7,1,514.6,1000.0,485.4,742.7,0,0,1,1,0,0,0,0,0,0
34.49152,-83.9996,Mcafee-Lynn Mine,Past Producer,1,OK,sedimentary,Neoproterozoic-Cambrian sedimentary,7,1,514.6,1000.0,485.4,742.7,0,0,0,1,0,0,0,0,0,0
34.05233,-84.64682,Randall Mine,Past Producer,1,OK,sedimentary,Neoproterozoic-Cambrian sedimentary,7,1,514.6,1000.0,485.4,742.7,0,0,0,1,0,0,0,0,0,0
34.20823,-84.11961,Davis Mine,Past Producer,1,OK,sedimentary,Neoproterozoic-Cambrian sedimentary,7,1,514.6,1000.0,485.4,742.7,0,0,0,1,0,0,0,0,0,0
34.98261,-83.9346,Wellborn Hill Mine,Past Producer,1,OK,sedimentary,Neoproterozoic sedimentary,7,1,459.0,1000.0,541.0,770.5,0,0,0,1,0,0,0,0,0,0
34.50232,-83.9593,Chestatee Mine,Past Producer,1,OK,sedimentary,Neoproterozoic-Cambrian sedimentary,7,1,514.6,1000.0,485.4,742.7,0,0,0,1,0,0,0,0,0,0
34.52292,-83.9849,Crown Mountain Mine,Past Producer,1,OK,sedimentary,Neoproterozoic-Cambrian sedimentary,7,1,514.6,1000.0,485.4,742.7,0,0,0,1,0,0,0,0,0,0
34.16873,-84.53412,Putnam Mine,Past Producer,1,OK,sedimentary,Neoproterozoic sedimentary,7,1,459.0,1000.0,541.0,770.5,0,0,0,1,0,0,0,0,0,0
34.48542,-83.991,Turkey Hill Mine,Past Producer,1,OK,sedimentary,Neoproterozoic-Cambrian sedimentary,7,1,514.6,1000.0,485.4,742.7,0,0,0,1,0,0,0,0,0,0
32.89706,-85.13554,Rockford Placer,Past Producer,1,OK,volcanic: interlayered sedimentary and volcanic rocks,Neoproterozoic-Cambrian volcanic: interlayered sedimentary and volcanic rocks,7,1,514.6,1000.0,485.4,742.7,0,0,1,1,0,0,0,0,0,0
34.30013,-84.28321,Creighton Mine,Past Producer,1,OK,sedimentary,Neoproterozoic sedimentary,7,1,459.0,1000.0,541.0,770.5,0,0,0,1,0,0,0,0,0,0
34.07373,-84.63852,Kendrick Mine,Past Producer,1,OK,sedimentary,Neoproterozoic-Cambrian sedimentary,7,1,514.6,1000.0,485.4,742.7,0,0,0,1,0,0,0,0,0,0
34.19623,-84.52772,La Belle Mine,Past Producer,1,OK,sedimentary,Neoproterozoic sedimentary,7,1,459.0,1000.0,541.0,770.5,0,0,0,1,0,0,0,0,0,0
34.11343,-84.62852,Tripp Mine,Past Producer,1,OK,sedimentary,Neoproterozoic-Cambrian sedimentary,7,1,514.6,1000.0,485.4,742.7,0,0,0,1,0,0,0,0,0,0
34.52292,-83.9796,Columbia Mine,Past Producer,1,OK,sedimentary,Neoproterozoic-Cambrian sedimentary,7,1,514.6,1000.0,485.4,742.7,0,0,0,1,0,0,0,0,0,0
34.70402,-83.68799,Childs Mine,Past Producer,1,OK,volcanic: interlayered sedimentary and volcanic rocks,Neoproterozoic-Cambrian volcanic: interlayered sedimentary and volcanic rocks,7,1,514.6,1000.0,485.4,742.7,0,0,1,1,0,0,0,0,0,0
33.69844,-82.81177,Stoney Ridge Gold Mine,Past Producer,1,OK,felsic paragneiss; paragneiss/metavolcanic gneiss,Paleozoic crystalline metamorphic rocks,154,1,289.098,541.0,251.902,396.451,1,0,1,0,0,0,1,0,0,1
34.80842,-83.9563,Coosa Creek Gold Mine,Past Producer,1,OK,sedimentary rocks,Neoproterozoic sedimentary rocks,154,1,459.0,1000.0,541.0,770.5,0,0,0,1,0,0,0,0,0,0
34.17123,-84.52552,Three-O-One Mine,Past Producer,1,OK,sedimentary,Neoproterozoic sedimentary,7,1,459.0,1000.0,541.0,770.5,0,0,0,1,0,0,0,0,0,0
34.55732,-83.9668,Crisson Mine,Past Producer,1,OK,sedimentary,Neoproterozoic sedimentary,7,1,459.0,1000.0,541.0,770.5,0,0,0,1,0,0,0,0,0,0
34.52432,-83.9688,Bast Mine,Past Producer,1,OK,sedimentary,Neoproterozoic-Cambrian sedimentary,7,1,514.6,1000.0,485.4,742.7,0,0,0,1,0,0,0,0,0,0
34.99951,-83.16178,Ammons Branch Mine,Past Producer,1,OK,volcanic: interlayered sedimentary and volcanic rocks,Neoproterozoic-Cambrian volcanic: interlayered sedimentary and volcanic rocks,7,1,514.6,1000.0,485.4,742.7,0,0,1,1,0,0,0,0,0,0
34.27543,-84.32601,Sandow Mine,Past Producer,1,OK,sedimentary,Neoproterozoic sedimentary,7,1,459.0,1000.0,541.0,770.5,0,0,0,1,0,0,0,0,0,0
34.52542,-83.9668,Findley Mine,Past Producer,1,OK,sedimentary,Neoproterozoic-Cambrian sedimentary,7,1,514.6,1000.0,485.4,742.7,0,0,0,1,0,0,0,0,0,0
33.77654,-82.57296,Chambers Mine,Past Producer,1,OK,volcanic: felsic rocks,Cambrian volcanic: felsic rocks,7,1,55.60000000000002,541.0,485.4,513.2,0,0,1,0,0,0,0,0,0,1
34.45373,-84.04711,Gold Hill Mine,Past Producer,1,OK,sedimentary,Neoproterozoic-Cambrian sedimentary,7,1,514.6,1000.0,485.4,742.7,0,0,0,1,0,0,0,0,0,0
34.26323,-84.32601,Richards Mine,Past Producer,1,OK,sedimentary,Neoproterozoic sedimentary,7,1,459.0,1000.0,541.0,770.5,0,0,0,1,0,0,0,0,0,0
34.52072,-83.9402,Beers Mine,Past Producer,1,OK,sedimentary,Neoproterozoic-Cambrian sedimentary,7,1,514.6,1000.0,485.4,742.7,0,0,0,1,0,0,0,0,0,0
34.64592,-84.33601,Unknown,Past Producer,1,OK,sedimentary rocks,Neoproterozoic sedimentary rocks,154,1,459.0,1000.0,541.0,770.5,0,0,0,1,0,0,0,0,0,0
34.74182,-84.41662,White Path,Past Producer,1,OK,sedimentary,Neoproterozoic sedimentary,7,4,459.0,1000.0,541.0,770.5,0,0,0,1,0,0,0,0,0,0
34.66682,-84.36522,Cartecay Mine (Lucky Eight),Past Producer,1,OK,sedimentary rocks,Neoproterozoic sedimentary rocks,154,1,459.0,1000.0,541.0,770.5,0,0,0,1,0,0,0,0,0,0
34.84872,-84.07351,No Name,Past Producer,1,OK,sedimentary,Neoproterozoic sedimentary,7,1,459.0,1000.0,541.0,770.5,0,0,0,1,0,0,0,0,0,0
34.92092,-84.03741,Mauney Prospect,Past Producer,1,OK,sedimentary,Neoproterozoic sedimentary,7,1,459.0,1000.0,541.0,770.5,0,0,0,1,0,0,0,0,0,0
34.93622,-84.08601,Martin Mining Property,Past Producer,1,OK,sedimentary,Neoproterozoic sedimentary,7,3,459.0,1000.0,541.0,770.5,0,0,0,1,0,0,0,0,0,0
34.05983,-84.64572,Payne/Kendrick/Randall/House,Past Producer,1,OK,sedimentary,Neoproterozoic-Cambrian sedimentary,7,2,514.6,1000.0,485.4,742.7,0,0,0,1,0,0,0,0,0,0
34.07373,-84.61102,Cox,Past Producer,1,OK,sedimentary,Neoproterozoic-Cambrian sedimentary,7,1,514.6,1000.0,485.4,742.7,0,0,0,1,0,0,0,0,0,0
34.01954,-84.30821,Seven Branch,Past Producer,1,OK,sedimentary,Neoproterozoic-Cambrian sedimentary,7,2,514.6,1000.0,485.4,742.7,0,0,0,1,0,0,0,0,0,0
34.03623,-84.19161,John Creek Placer,Past Producer,1,OK,sedimentary,Neoproterozoic-Cambrian sedimentary,7,1,514.6,1000.0,485.4,742.7,0,0,0,1,0,0,0,0,0,0
34.05843,-84.38602,Green Placer/Mcclure/Nunnaly,Past Producer,1,OK,sedimentary,Neoproterozoic-Cambrian sedimentary,7,2,514.6,1000.0,485.4,742.7,0,0,0,1,0,0,0,0,0,0
34.02514,-84.37352,Mcclure No.2,Past Producer,1,OK,sedimentary,Neoproterozoic-Cambrian sedimentary,7,1,514.6,1000.0,485.4,742.7,0,0,0,1,0,0,0,0,0,0
34.06683,-84.44432,Van Prospect,Past Producer,1,OK,sedimentary,Neoproterozoic-Cambrian sedimentary,7,1,514.6,1000.0,485.4,742.7,0,0,0,1,0,0,0,0,0,0
34.02514,-84.32912,Fuller Prospect,Past Producer,1,OK,sedimentary,Neoproterozoic-Cambrian sedimentary,7,1,514.6,1000.0,485.4,742.7,0,0,0,1,0,0,0,0,0,0
34.20433,-84.48322,Davis Mine (Owl Hollow),Past Producer,1,OK,sedimentary,Neoproterozoic sedimentary,7,2,459.0,1000.0,541.0,770.5,0,0,0,1,0,0,0,0,0,0
34.42093,-84.19711,Scott (Old Steele),Past Producer,1,OK,sedimentary rocks,Neoproterozoic sedimentary rocks,154,1,459.0,1000.0,541.0,770.5,0,0,0,1,0,0,0,0,0,0
34.35573,-84.16931,Looper,Past Producer,1,OK,sedimentary,Neoproterozoic-Cambrian sedimentary,7,5,514.6,1000.0,485.4,742.7,0,0,0,1,0,0,0,0,0,0
34.12933,-84.18601,Faver Mine,Past Producer,1,OK,sedimentary,Neoproterozoic-Cambrian sedimentary,7,1,514.6,1000.0,485.4,742.7,0,0,0,1,0,0,0,0,0,0
34.19183,-84.05821,Young Deer Creek,Past Producer,1,OK,paragneiss; paragneiss/metavolcanic gneiss,Mesoproterozoic crystalline metamorphic rocks,154,1,600.0,1600.0,1000.0,1300.0,1,0,1,0,0,0,1,0,0,0
33.64044,-84.76993,No Name,Past Producer,1,OK,sedimentary,Neoproterozoic-Cambrian sedimentary,7,1,514.6,1000.0,485.4,742.7,0,0,0,1,0,0,0,0,0,0
33.75344,-84.88553,Pine Mt. Mine,Past Producer,1,OK,plutonic: undivided granitic rocks,Devonian plutonic: undivided granitic rocks,7,1,60.30000000000001,419.2,358.9,389.04999999999995,0,1,0,0,0,0,0,0,0,1
33.70014,-84.87773,"No Name, Lot 77 2nd Dist.",Past Producer,1,OK,sedimentary,Neoproterozoic-Cambrian sedimentary,7,1,514.6,1000.0,485.4,742.7,0,0,0,1,0,0,0,0,0,0
33.75014,-84.93603,Chambers Mine,Past Producer,1,OK,sedimentary,Neoproterozoic-Cambrian sedimentary,7,1,514.6,1000.0,485.4,742.7,0,0,0,1,0,0,0,0,0,0
33.70954,-85.28184,Hollins (Royal) Mine,Past Producer,1,OK,sedimentary rocks,Paleozoic sedimentary rocks,154,1,289.098,541.0,251.902,396.451,0,0,0,1,0,0,0,0,0,0
33.70014,-84.96663,J.L.Davis Property,Past Producer,1,OK,sedimentary,Neoproterozoic-Cambrian sedimentary,7,1,514.6,1000.0,485.4,742.7,0,0,0,1,0,0,0,0,0,0
33.73344,-84.96663,Hixon,Past Producer,1,OK,sedimentary rocks,Paleozoic sedimentary rocks,154,2,289.098,541.0,251.902,396.451,0,0,0,1,0,0,0,0,0,0
34.24453,-84.13321,Sawnee Mt.,Past Producer,1,OK,sedimentary,Neoproterozoic-Cambrian sedimentary,7,1,514.6,1000.0,485.4,742.7,0,0,0,1,0,0,0,0,0,0
34.05426,-84.12029,Collins,Prospect,1,OK,sedimentary,Neoproterozoic-Cambrian sedimentary,7,1,514.6,1000.0,485.4,742.7,0,0,0,1,0,0,0,0,0,0
34.19623,-84.52352,J. C. Casteel Prospect,Prospect,1,OK,sedimentary,Neoproterozoic sedimentary,7,1,459.0,1000.0,541.0,770.5,0,0,0,1,0,0,0,0,0,0
34.27903,-84.39072,Frank Burt Prospect,Prospect,1,OK,sedimentary,Neoproterozoic sedimentary,7,1,459.0,1000.0,541.0,770.5,0,0,0,1,0,0,0,0,0,0
33.97324,-84.70023,W. H. Hadaway Prospect,Prospect,1,OK,sedimentary,Neoproterozoic-Cambrian sedimentary,7,1,514.6,1000.0,485.4,742.7,0,0,0,1,0,0,0,0,0,0
34.66342,-83.736,Thompson Vein,Prospect,1,OK,sedimentary,Neoproterozoic-Cambrian sedimentary,7,2,514.6,1000.0,485.4,742.7,0,0,0,1,0,0,0,0,0,0
34.56572,-83.9138,Cora Lee Prospect,Prospect,1,OK,sedimentary,Neoproterozoic-Cambrian sedimentary,7,1,514.6,1000.0,485.4,742.7,0,0,0,1,0,0,0,0,0,0
34.70482,-83.7332,Conley Vein,Prospect,1,OK,sedimentary,Neoproterozoic sedimentary,7,1,459.0,1000.0,541.0,770.5,0,0,0,1,0,0,0,0,0,0
34.29703,-84.29741,Cox Prospect,Prospect,1,OK,sedimentary,Neoproterozoic sedimentary,7,1,459.0,1000.0,541.0,770.5,0,0,0,1,0,0,0,0,0,0
34.67512,-83.7485,Yonah Vein Lot 92,Prospect,1,OK,sedimentary,Neoproterozoic-Cambrian sedimentary,7,1,514.6,1000.0,485.4,742.7,0,0,0,1,0,0,0,0,0,0
34.3384,-83.83269,O'Shields,Prospect,1,OK,sedimentary,Neoproterozoic-Cambrian sedimentary,7,1,514.6,1000.0,485.4,742.7,0,0,0,1,0,0,0,0,0,0
34.34793,-83.8285,Merk,Prospect,1,OK,sedimentary,Neoproterozoic-Cambrian sedimentary,7,1,514.6,1000.0,485.4,742.7,0,0,0,1,0,0,0,0,0,0
34.68092,-83.738,Reynolds Vein,Prospect,1,OK,sedimentary,Neoproterozoic-Cambrian sedimentary,7,1,514.6,1000.0,485.4,742.7,0,0,0,1,0,0,0,0,0,0
34.57072,-83.9121,Cavender Creek Prospect,Prospect,1,OK,sedimentary,Neoproterozoic sedimentary,7,1,459.0,1000.0,541.0,770.5,0,0,0,1,0,0,0,0,0,0
34.07091,-84.6484,Hamilton,Prospect,1,OK,sedimentary,Neoproterozoic-Cambrian sedimentary,7,1,514.6,1000.0,485.4,742.7,0,0,0,1,0,0,0,0,0,0
34.01977,-84.30875,Mason (Gold),Prospect,1,OK,sedimentary,Neoproterozoic-Cambrian sedimentary,7,1,514.6,1000.0,485.4,742.7,0,0,0,1,0,0,0,0,0,0
34.12812,-84.6696,W.M. Going,Prospect,1,OK,sedimentary,Neoproterozoic-Cambrian sedimentary,7,1,514.6,1000.0,485.4,742.7,0,0,0,1,0,0,0,0,0,0
34.12248,-84.65782,Stansill,Prospect,1,OK,sedimentary,Neoproterozoic-Cambrian sedimentary,7,1,514.6,1000.0,485.4,742.7,0,0,0,1,0,0,0,0,0,0
34.01609,-84.18436,Mcclure,Prospect,1,OK,sedimentary,Neoproterozoic-Cambrian sedimentary,7,1,514.6,1000.0,485.4,742.7,0,0,0,1,0,0,0,0,0,0
34.37125,-84.14535,Mcguire,Prospect,1,OK,sedimentary,Neoproterozoic-Cambrian sedimentary,7,1,514.6,1000.0,485.4,742.7,0,0,0,1,0,0,0,0,0,0
33.73097,-84.96215,Hart,Prospect,1,OK,sedimentary,Neoproterozoic-Cambrian sedimentary,7,1,514.6,1000.0,485.4,742.7,0,0,0,1,0,0,0,0,0,0
34.00024,-84.87661,Michigan Au Mining Company,Prospect,1,OK,sedimentary,Neoproterozoic-Cambrian sedimentary,7,1,514.6,1000.0,485.4,742.7,0,0,0,1,0,0,0,0,0,0
34.03047,-84.85204,Russell,Prospect,1,OK,sedimentary,Silurian-Devonian sedimentary,7,1,84.90000000000003,443.8,358.9,401.35,0,0,0,1,0,0,0,0,0,0
34.13107,-84.58927,W. Poor's,Prospect,1,OK,sedimentary,Neoproterozoic-Cambrian sedimentary,7,1,514.6,1000.0,485.4,742.7,0,0,0,1,0,0,0,0,0,0
34.11477,-84.63201,Tripp,Prospect,1,OK,sedimentary,Neoproterozoic-Cambrian sedimentary,7,1,514.6,1000.0,485.4,742.7,0,0,0,1,0,0,0,0,0,0
34.18553,-84.56169,Sixes Mine,Prospect,1,OK,sedimentary,Neoproterozoic sedimentary,7,1,459.0,1000.0,541.0,770.5,0,0,0,1,0,0,0,0,0,0
34.18625,-84.55299,Coggins,Prospect,1,OK,sedimentary,Neoproterozoic sedimentary,7,1,459.0,1000.0,541.0,770.5,0,0,0,1,0,0,0,0,0,0
34.00648,-84.87213,Hodges,Prospect,1,OK,sedimentary,Neoproterozoic-Cambrian sedimentary,7,1,514.6,1000.0,485.4,742.7,0,0,0,1,0,0,0,0,0,0
34.00542,-84.86349,Hobbs,Prospect,1,OK,sedimentary,Neoproterozoic-Cambrian sedimentary,7,1,514.6,1000.0,485.4,742.7,0,0,0,1,0,0,0,0,0,0
34.34668,-84.17444,Barrett Au,Prospect,1,OK,sedimentary,Neoproterozoic-Cambrian sedimentary,7,1,514.6,1000.0,485.4,742.7,0,0,0,1,0,0,0,0,0,0
34.09703,-84.66102,Unnamed Gold Deposit,Occurrence,1,OK,sedimentary,Neoproterozoic-Cambrian sedimentary,7,1,514.6,1000.0,485.4,742.7,0,0,0,1,0,0,0,0,0,0
34.11873,-84.67303,Unnamed Gold Deposit,Occurrence,1,OK,sedimentary,Neoproterozoic-Cambrian sedimentary,7,1,514.6,1000.0,485.4,742.7,0,0,0,1,0,0,0,0,0,0
34.92041,-83.19818,H.W. Bartley Property,Occurrence,1,OK,volcanic: interlayered sedimentary and volcanic rocks,Neoproterozoic-Cambrian volcanic: interlayered sedimentary and volcanic rocks,7,1,514.6,1000.0,485.4,742.7,0,0,1,1,0,0,0,0,0,0
34.10433,-84.65932,Unnamed Gold Deposit,Occurrence,1,OK,sedimentary,Neoproterozoic-Cambrian sedimentary,7,1,514.6,1000.0,485.4,742.7,0,0,0,1,0,0,0,0,0,0
34.10153,-84.67213,Unnamed Gold Deposit,Occurrence,1,OK,sedimentary,Neoproterozoic-Cambrian sedimentary,7,1,514.6,1000.0,485.4,742.7,0,0,0,1,0,0,0,0,0,0
34.09873,-84.71353,Unnamed Gold Deposit,Occurrence,1,OK,sedimentary,Neoproterozoic-Cambrian sedimentary,7,1,514.6,1000.0,485.4,742.7,0,0,0,1,0,0,0,0,0,0
34.12653,-84.66633,Unnamed Gold Deposit,Occurrence,1,OK,sedimentary,Neoproterozoic-Cambrian sedimentary,7,1,514.6,1000.0,485.4,742.7,0,0,0,1,0,0,0,0,0,0
34.52482,-83.9888,Bowen Lot,Occurrence,1,OK,sedimentary,Neoproterozoic-Cambrian sedimentary,7,1,514.6,1000.0,485.4,742.7,0,0,0,1,0,0,0,0,0,0
34.11953,-84.67683,Unnamed Gold Deposit,Occurrence,1,OK,sedimentary,Neoproterozoic-Cambrian sedimentary,7,1,514.6,1000.0,485.4,742.7,0,0,0,1,0,0,0,0,0,0
34.12263,-84.66823,Unnamed Gold Deposit,Occurrence,1,OK,sedimentary,Neoproterozoic-Cambrian sedimentary,7,1,514.6,1000.0,485.4,742.7,0,0,0,1,0,0,0,0,0,0
34.12263,-84.66963,Unnamed Gold Deposit,Occurrence,1,OK,sedimentary,Neoproterozoic-Cambrian sedimentary,7,1,514.6,1000.0,485.4,742.7,0,0,0,1,0,0,0,0,0,0
34.12263,-84.66683,Unnamed Gold Deposit,Occurrence,1,OK,sedimentary,Neoproterozoic-Cambrian sedimentary,7,1,514.6,1000.0,485.4,742.7,0,0,0,1,0,0,0,0,0,0
34.11793,-84.68413,Unnamed Gold Mine,Occurrence,1,OK,sedimentary,Neoproterozoic-Cambrian sedimentary,7,1,514.6,1000.0,485.4,742.7,0,0,0,1,0,0,0,0,0,0
34.11733,-84.68633,Unnamed Gold Deposit,Occurrence,1,OK,sedimentary,Neoproterozoic-Cambrian sedimentary,7,1,514.6,1000.0,485.4,742.7,0,0,0,1,0,0,0,0,0,0
33.76204,-85.16744,Crew Prospect,Occurrence,1,OK,sedimentary rocks,Paleozoic sedimentary rocks,154,1,289.098,541.0,251.902,396.451,0,0,0,1,0,0,0,0,0,0
33.82594,-85.09024,McBrayer's Property,Occurrence,1,OK,sedimentary rocks,Paleozoic sedimentary rocks,154,1,289.098,541.0,251.902,396.451,0,0,0,1,0,0,0,0,0,0
34.10823,-84.65802,Unnamed Gold Deposit,Occurrence,1,OK,sedimentary,Neoproterozoic-Cambrian sedimentary,7,1,514.6,1000.0,485.4,742.7,0,0,0,1,0,0,0,0,0,0
34.70012,-83.7685,Henderson Property,Occurrence,1,OK,sedimentary,Neoproterozoic sedimentary,7,1,459.0,1000.0,541.0,770.5,0,0,0,1,0,0,0,0,0,0
34.10983,-84.65662,Unnamed Gold Deposit,Occurrence,1,OK,sedimentary,Neoproterozoic-Cambrian sedimentary,7,1,514.6,1000.0,485.4,742.7,0,0,0,1,0,0,0,0,0,0
34.09933,-84.71183,Unnamed Gold Deposit,Occurrence,1,OK,sedimentary,Neoproterozoic-Cambrian sedimentary,7,1,514.6,1000.0,485.4,742.7,0,0,0,1,0,0,0,0,0,0
34.98091,-83.9257,Horse Vein,Occurrence,1,OK,volcanic: interlayered sedimentary and volcanic rocks,Neoproterozoic-Cambrian volcanic: interlayered sedimentary and volcanic rocks,7,1,514.6,1000.0,485.4,742.7,0,0,1,1,0,0,0,0,0,0
34.12263,-84.66553,Unnamed Gold Deposit,Occurrence,1,OK,sedimentary,Neoproterozoic-Cambrian sedimentary,7,1,514.6,1000.0,485.4,742.7,0,0,0,1,0,0,0,0,0,0
34.66682,-83.7499,White County Occurrences,Occurrence,1,OK,sedimentary,Neoproterozoic-Cambrian sedimentary,7,1,514.6,1000.0,485.4,742.7,0,0,0,1,0,0,0,0,0,0
34.75012,-83.49989,Habersham County Occurrences,Occurrence,1,OK,sedimentary,Neoproterozoic-Cambrian sedimentary,7,1,514.6,1000.0,485.4,742.7,0,0,0,1,0,0,0,0,0,0
33.75594,-85.09524,J.W. Thomason's Property,Occurrence,1,OK,sedimentary,Neoproterozoic-Cambrian sedimentary,7,1,514.6,1000.0,485.4,742.7,0,0,0,1,0,0,0,0,0,0
33.68398,-84.88982,Keaten-Thomas Prospect,Occurrence,1,OK,sedimentary,Neoproterozoic-Cambrian sedimentary,7,1,514.6,1000.0,485.4,742.7,0,0,0,1,0,0,0,0,0,0
33.75014,-84.94993,A. C. Watkins Prospect,Occurrence,1,OK,sedimentary,Neoproterozoic-Cambrian sedimentary,7,1,514.6,1000.0,485.4,742.7,0,0,0,1,0,0,0,0,0,0
34.81872,-83.30208,Henckel Mine,Unknown,1,OK,"Major:{biotite gneiss}, Minor:{amphibolite,mica schist}","Tallulah Falls Formation, gneiss and schist",133,1,459.0,1000.0,541.0,770.5,1,0,0,0,0,1,1,0,1,0
33.14783078846276,-82.19310116910482,,,0,OK,Major:{sand},Irwinton Sand,133,1,0.11699999999999733,34.992,34.875,34.933499999999995,0,0,0,0,1,0,0,0,0,0
32.38907819584911,-83.90358525117453,,,0,OK,sedimentary,Paleocene sedimentary,7,1,10.0,66.0,56.0,61.0,0,0,0,1,0,0,0,0,0,0
34.257995093456564,-84.45696015948138,,,0,OK,sedimentary,Neoproterozoic sedimentary,7,1,459.0,1000.0,541.0,770.5,0,0,0,1,0,0,0,0,0,0
34.439920245678046,-83.03983469755062,,,0,OK,volcanic: interlayered sedimentary and volcanic rocks,Neoproterozoic-Cambrian volcanic: interlayered sedimentary and volcanic rocks,7,1,514.6,1000.0,485.4,742.7,0,0,1,1,0,0,0,0,0,0
33.28094384103872,-84.7277808519374,,,0,OK,volcanic: interlayered sedimentary and volcanic rocks,Neoproterozoic-Cambrian volcanic: interlayered sedimentary and volcanic rocks,7,1,514.6,1000.0,485.4,742.7,0,0,1,1,0,0,0,0,0,0
33.306442311452656,-83.24516306195275,,,0,OK,felsic paragneiss; paragneiss/metavolcanic gneiss,Paleozoic crystalline metamorphic rocks,154,1,289.098,541.0,251.902,396.451,1,0,1,0,0,0,1,0,0,1
33.18659990357585,-84.8786945600844,,,0,OK,volcanic: interlayered sedimentary and volcanic rocks,Neoproterozoic-Cambrian volcanic: interlayered sedimentary and volcanic rocks,7,1,514.6,1000.0,485.4,742.7,0,0,1,1,0,0,0,0,0,0
32.37718903845151,-84.8352772711167,,,0,OK,"sand, chalk, mud",Late Cretaceous sedimentary,7,1,3.8917,74.975,71.0833,73.02914999999999,0,0,0,0,1,0,0,0,0,0
31.85351575061372,-82.68805101197411,,,0,OK,sedimentary,Quaternary sedimentary,7,1,2.588,2.588,0.0,1.294,0,0,0,1,0,0,0,0,0,0
33.10675306355987,-84.34828069545945,,,0,OK,volcanic: interlayered sedimentary and volcanic rocks,Neoproterozoic-Cambrian volcanic: interlayered sedimentary and volcanic rocks,7,1,514.6,1000.0,485.4,742.7,0,0,1,1,0,0,0,0,0,0
34.31235869473354,-85.40026366991606,,,0,OK,"Major:{sandstone,shale}",Red Mountain Formation,133,1,14.5,440.8,426.3,433.55,0,0,0,1,0,0,0,0,0,0
32.79468112749214,-82.9928045738628,,,0,OK,"sandstone, clay, chalk, limestone,",Late Eocene sedimentary,7,1,0.6499999999999986,37.8,37.15,37.474999999999994,0,0,0,1,1,0,0,0,0,0
33.21348087356604,-84.41106709315967,,,0,OK,volcanic: interlayered sedimentary and volcanic rocks,Neoproterozoic-Cambrian volcanic: interlayered sedimentary and volcanic rocks,7,1,514.6,1000.0,485.4,742.7,0,0,1,1,0,0,0,0,0,0
31.27803790043021,-83.44780407491913,,,0,OK,"Major:{clay,sand,gravel}",Miccosukee Formation,133,1,0.4293999999999998,2.1586,1.7292,1.9439,0,0,0,0,1,0,0,0,0,0
34.517081304284524,-85.18711315175904,,,0,OK,"Major:{sandstone,shale,conglomerate}",Pennsylvanian undifferentiated,133,1,24.30000000000001,323.2,298.9,311.04999999999995,0,0,0,1,0,0,0,0,0,0
31.240540375866,-82.16846638521376,,,0,OK,"Major:{sandstone,claystone}",Neogene undifferentiated,133,1,1.1174999999999997,17.6463,16.5288,17.08755,0,0,0,1,0,0,0,0,0,0
34.4650017007335,-84.54882530947704,,,0,OK,sedimentary,Neoproterozoic sedimentary,7,1,459.0,1000.0,541.0,770.5,0,0,0,1,0,0,0,0,0,0
33.90071467568913,-84.6837249515081,,,0,OK,sedimentary,Neoproterozoic-Cambrian sedimentary,7,1,514.6,1000.0,485.4,742.7,0,0,0,1,0,0,0,0,0,0
31.47571514519357,-84.10483612012357,,,0,OK,"sandstone, clay, chalk, limestone,",Late Eocene sedimentary,7,1,0.6499999999999986,37.8,37.15,37.474999999999994,0,0,0,1,1,0,0,0,0,0
31.82624375284979,-81.810171068325,,,0,OK,Major:{fine alluvium},Wicomico Shoreline Complex - marsh and lagoonal facies,133,1,2.5763000000000003,2.588,0.0117,1.29985,0,0,0,0,1,0,0,0,0,0
31.499125846362364,-82.49870328913205,,,0,OK,sedimentary,Pliocene sedimentary,7,1,2.745,5.333,2.588,3.9605,0,0,0,1,0,0,0,0,0,0
31.42421705052852,-83.31791953433695,,,0,OK,"Major:{sandstone,claystone}",Neogene undifferentiated,133,1,1.1174999999999997,17.6463,16.5288,17.08755,0,0,0,1,0,0,0,0,0,0
31.09669723301567,-83.17094420055967,,,0,OK,sedimentary,Pliocene sedimentary,7,1,2.745,5.333,2.588,3.9605,0,0,0,1,0,0,0,0,0,0
31.40504504752747,-82.55391447761944,,,0,OK,sedimentary,Pliocene sedimentary,7,1,2.745,5.333,2.588,3.9605,0,0,0,1,0,0,0,0,0,0
32.31591668346225,-83.0029266416565,,,0,OK,"Major:{sandstone,claystone}",Neogene undifferentiated,133,1,0.5588000000000015,17.6463,17.0875,17.3669,0,0,0,1,0,0,0,0,0,0
32.95148347768163,-85.014236996269,,,0,OK,volcanic: interlayered sedimentary and volcanic rocks,Neoproterozoic-Cambrian volcanic: interlayered sedimentary and volcanic rocks,7,1,514.6,1000.0,485.4,742.7,0,0,1,1,0,0,0,0,0,0
30.9163848477558,-83.73391205322044,,,0,OK,"Major:{clay,sand,gravel}",Miccosukee Formation,133,1,0.4293999999999998,2.1586,1.7292,1.9439,0,0,0,0,1,0,0,0,0,0
34.15066758359199,-84.11223615444736,,,0,OK,sedimentary,Neoproterozoic-Cambrian sedimentary,7,1,514.6,1000.0,485.4,742.7,0,0,0,1,0,0,0,0,0,0
31.633323879651435,-81.57018243766603,,,0,OK,Major:{fine alluvium},Pamlico shoreline complex - marsh and lagoonal facies,133,1,2.5763000000000003,2.588,0.0117,1.29985,0,0,0,0,1,0,0,0,0,0
32.908327016207856,-83.80006090948777,,,0,OK,felsic paragneiss; paragneiss/metavolcanic gneiss,Paleozoic crystalline metamorphic rocks,154,1,289.098,541.0,251.902,396.451,1,0,1,0,0,0,1,0,0,1
32.91001678913635,-81.69062930774022,,,0,OK,"Major:{sandstone,claystone}",Neogene undifferentiated,133,1,3.8263,17.6463,13.82,15.73315,0,0,0,1,0,0,0,0,0,0
33.15614838652498,-83.4972728140455,,,0,OK,felsic paragneiss; paragneiss/metavolcanic gneiss,Paleozoic crystalline metamorphic rocks,154,1,289.098,541.0,251.902,396.451,1,0,1,0,0,0,1,0,0,1
31.14081417835737,-84.96057542569496,,,0,OK,"sandstone, clay, chalk, limestone,",Late Eocene sedimentary,7,1,0.6499999999999986,37.8,37.15,37.474999999999994,0,0,0,1,1,0,0,0,0,0
31.76039370361275,-83.31539947959989,,,0,OK,"Major:{sandstone,claystone}",Neogene undifferentiated,133,1,1.1174999999999997,17.6463,16.5288,17.08755,0,0,0,1,0,0,0,0,0,0
31.03074438155692,-84.36728169661697,,,0,OK,Major:{limestone},Ocala Limestone,133,1,2.145000000000003,36.045,33.9,34.9725,0,0,0,1,0,0,0,0,0,0
34.63869400743409,-84.45451846295785,,,0,OK,sedimentary rocks,Neoproterozoic sedimentary rocks,154,1,459.0,1000.0,541.0,770.5,0,0,0,1,0,0,0,0,0,0
32.73970010482302,-84.34212818140273,,,0,OK,felsic paragneiss; paragneiss/metavolcanic gneiss,Paleozoic crystalline metamorphic rocks,154,1,289.098,541.0,251.902,396.451,1,0,1,0,0,0,1,0,0,1
33.25335547581661,-83.85780242829472,,,0,OK,volcanic: interlayered sedimentary and volcanic rocks,Neoproterozoic-Cambrian volcanic: interlayered sedimentary and volcanic rocks,7,1,514.6,1000.0,485.4,742.7,0,0,1,1,0,0,0,0,0,0
32.017809091226404,-82.18633725846115,,,0,OK,"Major:{sand,gravel}",Pleistocene-Pliocene sands and gravels,133,1,5.3213,5.333,0.0117,2.6723500000000002,0,0,0,0,1,0,0,0,0,0
32.694300350016064,-82.41734415043351,,,0,OK,"Major:{sandstone,claystone}",Neogene undifferentiated,133,1,0.5588000000000015,17.6463,17.0875,17.3669,0,0,0,1,0,0,0,0,0,0
31.724508241087243,-82.99803426536707,,,0,OK,"Major:{sandstone,claystone}",Neogene undifferentiated,133,1,1.1174999999999997,17.6463,16.5288,17.08755,0,0,0,1,0,0,0,0,0,0
31.95353408601211,-83.46769199613146,,,0,OK,"Major:{sandstone,claystone}",Neogene undifferentiated,133,1,1.1174999999999997,17.6463,16.5288,17.08755,0,0,0,1,0,0,0,0,0,0
32.460151240333175,-81.65899476998723,,,0,OK,"Major:{sandstone,claystone}",Neogene undifferentiated,133,1,0.5588000000000015,17.6463,17.0875,17.3669,0,0,0,1,0,0,0,0,0,0
32.706171262936024,-81.5567294073286,,,0,OK,"Major:{sandstone,claystone}",Neogene undifferentiated,133,1,3.8263,17.6463,13.82,15.73315,0,0,0,1,0,0,0,0,0,0
34.92840779210971,-84.20890289835228,,,0,OK,sedimentary,Cambrian-Ordovician sedimentary,7,1,97.19999999999999,541.0,443.8,492.4,0,0,0,1,0,0,0,0,0,0
32.62371610818293,-83.72252445389395,,,0,OK,"sand, chalk, mud",Late Cretaceous sedimentary,7,1,3.8917,74.975,71.0833,73.02914999999999,0,0,0,0,1,0,0,0,0,0
31.05209276456262,-81.79296341693112,,,0,OK,Major:{fine alluvium},Pamlico shoreline complex - marsh and lagoonal facies,133,1,2.5763000000000003,2.588,0.0117,1.29985,0,0,0,0,1,0,0,0,0,0
31.98303498716157,-80.9984742135722,,,0,OK,Major:{fine alluvium},Holocene Shoreline Complex - marsh and lagoonal facies,133,1,0.0117,0.0117,0.0,0.00585,0,0,0,0,1,0,0,0,0,0
33.688606570066284,-82.2523840285985,,,0,OK,mudstone-carbonate-sandstone-conglomerate,Paleozoic sedimentary and volcanic rocks,154,1,55.60000000000002,541.0,485.4,513.2,0,0,0,1,0,0,0,0,0,0
31.167947297102845,-84.83541019876479,,,0,OK,"sandstone, clay, chalk, limestone,",Late Eocene sedimentary,7,1,0.6499999999999986,37.8,37.15,37.474999999999994,0,0,0,1,1,0,0,0,0,0
33.05729359201872,-82.81234725576768,,,0,OK,Major:{sand},Irwinton Sand,133,1,0.11699999999999733,34.992,34.875,34.933499999999995,0,0,0,0,1,0,0,0,0,0
34.69048604475432,-84.26475811662299,,,0,OK,sedimentary rocks,Neoproterozoic sedimentary rocks,154,1,459.0,1000.0,541.0,770.5,0,0,0,1,0,0,0,0,0,0
32.27837292641401,-82.29261444887632,,,0,OK,"Major:{sandstone,claystone}",Neogene undifferentiated,133,1,0.5588000000000015,17.6463,17.0875,17.3669,0,0,0,1,0,0,0,0,0,0
32.29095813938282,-84.74269161665482,,,0,OK,"sand, chalk, mud",Late Cretaceous sedimentary,7,1,3.8917,74.975,71.0833,73.02914999999999,0,0,0,0,1,0,0,0,0,0
31.706618917594803,-82.52178181113132,,,0,OK,sedimentary,Pliocene sedimentary,7,1,2.745,5.333,2.588,3.9605,0,0,0,1,0,0,0,0,0,0
32.2719999131453,-83.605581192543,,,0,OK,sedimentary,Oligocene sedimentary,7,1,10.869999999999997,33.9,23.03,28.465,0,0,0,1,0,0,0,0,0,0
33.88155590117029,-84.7721899795928,,,0,OK,sedimentary,Neoproterozoic-Cambrian sedimentary,7,1,514.6,1000.0,485.4,742.7,0,0,0,1,0,0,0,0,0,0
32.04970407453827,-83.66781145066476,,,0,OK,Major:{limestone},Suwannee Limestone and its residuum,133,1,5.556699999999999,31.9667,26.41,29.18835,0,0,0,1,0,0,0,0,0,0
32.9377875992889,-82.87025250678973,,,0,OK,Major:{sand},Irwinton Sand,133,1,0.11699999999999733,34.992,34.875,34.933499999999995,0,0,0,0,1,0,0,0,0,0
33.55891537290879,-84.8607087719246,,,0,OK,sedimentary,Neoproterozoic-Cambrian sedimentary,7,1,514.6,1000.0,485.4,742.7,0,0,0,1,0,0,0,0,0,0
33.345699033833235,-83.45770673767545,,,0,OK,felsic paragneiss; paragneiss/metavolcanic gneiss,Paleozoic crystalline metamorphic rocks,154,1,289.098,541.0,251.902,396.451,1,0,1,0,0,0,1,0,0,1
34.2022281894378,-83.84471416227916,,,0,OK,volcanic: interlayered sedimentary and volcanic rocks,Neoproterozoic-Cambrian volcanic: interlayered sedimentary and volcanic rocks,7,1,514.6,1000.0,485.4,742.7,0,0,1,1,0,0,0,0,0,0
34.35964363397209,-84.29864895818363,,,0,OK,sedimentary rocks,Neoproterozoic sedimentary rocks,154,1,459.0,1000.0,541.0,770.5,0,0,0,1,0,0,0,0,0,0
32.97327058271971,-82.13034285778019,,,0,OK,Major:{clay},Twiggs Clay,133,1,0.7800000000000011,35.46,34.68,35.07,0,0,0,0,1,0,0,0,0,0
31.725590616606453,-84.12973903280286,,,0,OK,"sandstone, clay, chalk, limestone,",Late Eocene sedimentary,7,1,0.6499999999999986,37.8,37.15,37.474999999999994,0,0,0,1,1,0,0,0,0,0
34.19082720210375,-83.0356298103459,,,0,OK,volcanic: interlayered sedimentary and volcanic rocks,Neoproterozoic-Cambrian volcanic: interlayered sedimentary and volcanic rocks,7,1,514.6,1000.0,485.4,742.7,0,0,1,1,0,0,0,0,0,0
32.449884379134204,-82.66518225896479,,,0,OK,"Major:{sandstone,claystone}",Neogene undifferentiated,133,1,0.5588000000000015,17.6463,17.0875,17.3669,0,0,0,1,0,0,0,0,0,0
31.69552928089485,-84.75639374764324,,,0,OK,"sand,mud,clay,chalk",Middle Eocene sedimentary,7,1,0.875,41.3,40.425,40.8625,0,0,0,0,1,0,0,0,0,0
31.15536835618208,-81.62217910062148,,,0,OK,Major:{fine alluvium},Pamlico shoreline complex - marsh and lagoonal facies,133,1,2.5763000000000003,2.588,0.0117,1.29985,0,0,0,0,1,0,0,0,0,0
33.20030344782043,-84.71674524290529,,,0,OK,volcanic: interlayered sedimentary and volcanic rocks,Neoproterozoic-Cambrian volcanic: interlayered sedimentary and volcanic rocks,7,1,514.6,1000.0,485.4,742.7,0,0,1,1,0,0,0,0,0,0
33.85603754843766,-84.56038181173442,,,0,OK,sedimentary,Neoproterozoic-Cambrian sedimentary,7,1,514.6,1000.0,485.4,742.7,0,0,0,1,0,0,0,0,0,0
34.70428750359007,-84.06515110871955,,,0,OK,sedimentary rocks,Neoproterozoic sedimentary rocks,154,1,459.0,1000.0,541.0,770.5,0,0,0,1,0,0,0,0,0,0
30.89975210501577,-82.78880605474738,,,0,OK,sedimentary,Pliocene sedimentary,7,1,2.745,5.333,2.588,3.9605,0,0,0,1,0,0,0,0,0,0
33.15070114255643,-82.33292866614312,,,0,OK,Major:{sand},Irwinton Sand,133,1,0.11699999999999733,34.992,34.875,34.933499999999995,0,0,0,0,1,0,0,0,0,0
32.70809580286445,-82.46631873209442,,,0,OK,"Major:{sandstone,claystone}",Neogene undifferentiated,133,1,0.5588000000000015,17.6463,17.0875,17.3669,0,0,0,1,0,0,0,0,0,0
33.24896527021904,-82.93820486083544,,,0,OK,mudstone-carbonate-sandstone-conglomerate,Paleozoic sedimentary and volcanic rocks,154,1,55.60000000000002,541.0,485.4,513.2,0,0,0,1,0,0,0,0,0,0
31.782601104228668,-84.14791569276633,,,0,OK,"sandstone, clay, chalk, limestone,",Late Eocene sedimentary,7,1,0.6499999999999986,37.8,37.15,37.474999999999994,0,0,0,1,1,0,0,0,0,0
32.3621725547459,-81.28152491531588,,,0,OK,Major:{fine alluvium},Wicomico Shoreline Complex - marsh and lagoonal facies,133,1,2.5763000000000003,2.588,0.0117,1.29985,0,0,0,0,1,0,0,0,0,0
32.93167508127034,-85.15020687998107,,,0,OK,volcanic: interlayered sedimentary and volcanic rocks,Neoproterozoic-Cambrian volcanic: interlayered sedimentary and volcanic rocks,7,1,514.6,1000.0,485.4,742.7,0,0,1,1,0,0,0,0,0,0
32.92354823570628,-82.21263176336399,,,0,OK,"Major:{sandstone,claystone}",Neogene undifferentiated,133,1,3.8263,17.6463,13.82,15.73315,0,0,0,1,0,0,0,0,0,0
30.552230514043437,-82.13700179454818,,,0,OK,Major:{sand},Wicomico Shoreline Complex - barrier island facies,133,1,2.5763000000000003,2.588,0.0117,1.29985,0,0,0,0,1,0,0,0,0,0
32.398537558560065,-81.24382906010773,,,0,OK,Major:{sand},Wicomico Shoreline Complex - barrier island facies,133,1,2.5763000000000003,2.588,0.0117,1.29985,0,0,0,0,1,0,0,0,0,0
31.350692723235163,-83.13423893511197,,,0,OK,"Major:{sandstone,claystone}",Neogene undifferentiated,133,1,1.1174999999999997,17.6463,16.5288,17.08755,0,0,0,1,0,0,0,0,0,0
34.614426508715965,-84.07270306394334,,,0,OK,sedimentary rocks,Neoproterozoic sedimentary rocks,154,1,459.0,1000.0,541.0,770.5,0,0,0,1,0,0,0,0,0,0
31.749229300992923,-81.93241818965868,,,0,OK,Major:{fine alluvium},Stream alluvium,133,1,2.588,2.588,0.0,1.294,0,0,0,0,1,0,0,0,0,0
31.171305647297785,-83.2212676645171,,,0,OK,"Major:{sand,gravel}",Pleistocene-Pliocene sands and gravels,133,1,5.3213,5.333,0.0117,2.6723500000000002,0,0,0,0,1,0,0,0,0,0
31.37709503798448,-81.9464881587259,,,0,OK,Major:{fine alluvium},Penholoway shoreline complex - marsh and lagoonal facies,133,1,2.5763000000000003,2.588,0.0117,1.29985,0,0,0,0,1,0,0,0,0,0
32.57624247824012,-84.3287948136051,,,0,OK,"sand, chalk, mud",Late Cretaceous sedimentary,7,1,3.8917,74.975,71.0833,73.02914999999999,0,0,0,0,1,0,0,0,0,0
32.67971566018793,-81.48275012201164,,,0,OK,"Major:{sandstone,claystone}",Neogene undifferentiated,133,1,3.8263,17.6463,13.82,15.73315,0,0,0,1,0,0,0,0,0,0
32.97188555756629,-83.76954481248099,,,0,OK,felsic paragneiss; paragneiss/metavolcanic gneiss,Paleozoic crystalline metamorphic rocks,154,1,289.098,541.0,251.902,396.451,1,0,1,0,0,0,1,0,0,1
34.67353841981363,-84.87822239015543,,,0,OK,"Major:{shale,sandstone}",Conasauga Group; Lower unit; shale and sandstone unit,133,1,17.42500000000001,511.0,493.575,502.2875,0,0,0,1,0,0,0,0,0,0
31.895641744409453,-83.13333366910851,,,0,OK,"Major:{sandstone,claystone}",Neogene undifferentiated,133,1,0.5588000000000015,17.6463,17.0875,17.3669,0,0,0,1,0,0,0,0,0,0
34.234826041101805,-83.3215294185888,,,0,OK,volcanic: interlayered sedimentary and volcanic rocks,Neoproterozoic-Cambrian volcanic: interlayered sedimentary and volcanic rocks,7,1,514.6,1000.0,485.4,742.7,0,0,1,1,0,0,0,0,0,0
31.643157447048576,-82.61851914669741,,,0,OK,sedimentary,Pliocene sedimentary,7,1,2.745,5.333,2.588,3.9605,0,0,0,1,0,0,0,0,0,0
33.41521616210544,-83.56855594802452,,,0,OK,felsic paragneiss; paragneiss/metavolcanic gneiss,Paleozoic crystalline metamorphic rocks,154,1,289.098,541.0,251.902,396.451,1,0,1,0,0,0,1,0,0,1
30.76630125415189,-83.17357070455446,,,0,OK,"Major:{clay,sand,gravel}",Miccosukee Formation,133,1,0.4293999999999998,2.1586,1.7292,1.9439,0,0,0,0,1,0,0,0,0,0
32.558513812177125,-83.17845748845045,,,0,OK,"Major:{sandstone,claystone}",Neogene undifferentiated,133,1,0.5588000000000015,17.6463,17.0875,17.3669,0,0,0,1,0,0,0,0,0,0
30.649285565400017,-83.20825888875254,,,0,OK,"Major:{clay,sand,gravel}",Miccosukee Formation,133,1,0.4293999999999998,2.1586,1.7292,1.9439,0,0,0,0,1,0,0,0,0,0
31.865802704216435,-82.22562541227155,,,0,OK,"Major:{sandstone,claystone}",Neogene undifferentiated,133,1,1.1174999999999997,17.6463,16.5288,17.08755,0,0,0,1,0,0,0,0,0,0
33.09527323595784,-81.81378290151086,,,0,OK,"Major:{sandstone,claystone}",Neogene undifferentiated,133,1,3.8263,17.6463,13.82,15.73315,0,0,0,1,0,0,0,0,0,0
32.47166440967095,-83.74458719705582,,,0,OK,sedimentary,Paleocene sedimentary,7,1,10.0,66.0,56.0,61.0,0,0,0,1,0,0,0,0,0,0
31.759084448360337,-83.08472019740921,,,0,OK,"Major:{sandstone,claystone}",Neogene undifferentiated,133,1,1.1174999999999997,17.6463,16.5288,17.08755,0,0,0,1,0,0,0,0,0,0
34.96038228450623,-85.44562292572901,,,0,OK,sedimentary,Mississippian sedimentary,7,1,35.69999999999999,358.9,323.2,341.04999999999995,0,0,0,1,0,0,0,0,0,0
34.72043499396636,-83.78026138412476,,,0,OK,volcanic: interlayered sedimentary and volcanic rocks,Neoproterozoic-Cambrian volcanic: interlayered sedimentary and volcanic rocks,7,1,514.6,1000.0,485.4,742.7,0,0,1,1,0,0,0,0,0,0
30.941308685396084,-83.34467359670411,,,0,OK,"Major:{clay,sand,gravel}",Miccosukee Formation,133,1,0.4293999999999998,2.1586,1.7292,1.9439,0,0,0,0,1,0,0,0,0,0
32.285357919240504,-84.38914895290598,,,0,OK,"sand, chalk, mud",Late Cretaceous sedimentary,7,1,3.8917,74.975,71.0833,73.02914999999999,0,0,0,0,1,0,0,0,0,0
33.76373703481492,-82.31551741859546,,,0,OK,sedimentary,Cambrian sedimentary,7,1,55.60000000000002,541.0,485.4,513.2,0,0,0,1,0,0,0,0,0,0
32.059060899501645,-83.53206454089619,,,0,OK,Major:{limestone},Suwannee Limestone and its residuum,133,1,5.556699999999999,31.9667,26.41,29.18835,0,0,0,1,0,0,0,0,0,0
33.823130745282626,-83.62454694927534,,,0,OK,volcanic: interlayered sedimentary and volcanic rocks,Neoproterozoic-Cambrian volcanic: interlayered sedimentary and volcanic rocks,7,1,514.6,1000.0,485.4,742.7,0,0,1,1,0,0,0,0,0,0
30.934328300899352,-84.41403136423277,,,0,OK,"Major:{dolostone,sand,clay}",Hawthorn Formation,133,1,0.5588000000000015,17.6463,17.0875,17.3669,0,0,0,1,1,0,0,0,0,0
31.89858742143325,-83.04251770664943,,,0,OK,"Major:{sandstone,claystone}",Neogene undifferentiated,133,1,0.5588000000000015,17.6463,17.0875,17.3669,0,0,0,1,0,0,0,0,0,0
33.68453179327274,-83.51806068694937,,,0,OK,volcanic: interlayered sedimentary and volcanic rocks,Neoproterozoic-Cambrian volcanic: interlayered sedimentary and volcanic rocks,7,1,514.6,1000.0,485.4,742.7,0,0,1,1,0,0,0,0,0,0
33.263142088515494,-83.34672994470914,,,0,OK,felsic paragneiss; paragneiss/metavolcanic gneiss,Paleozoic crystalline metamorphic rocks,154,1,289.098,541.0,251.902,396.451,1,0,1,0,0,0,1,0,0,1
34.2453470512171,-82.83743675029785,,,0,OK,intrusive igneous rocks,Paleozoic intrusive rocks,154,1,84.90000000000003,443.8,358.9,401.35,0,1,0,0,0,0,0,0,0,0
31.24991284407922,-83.45660462601046,,,0,OK,"Major:{clay,sand,gravel}",Miccosukee Formation,133,1,0.4293999999999998,2.1586,1.7292,1.9439,0,0,0,0,1,0,0,0,0,0
32.69909758534354,-83.10945357559721,,,0,OK,Major:{clay},Twiggs Clay,133,1,0.7800000000000011,35.46,34.68,35.07,0,0,0,0,1,0,0,0,0,0
32.811022366180865,-84.2699282205948,,,0,OK,felsic paragneiss; paragneiss/metavolcanic gneiss,Paleozoic crystalline metamorphic rocks,154,1,289.098,541.0,251.902,396.451,1,0,1,0,0,0,1,0,0,1
32.145150762946194,-83.7165948158137,,,0,OK,Major:{limestone},Suwannee Limestone and its residuum,133,1,5.556699999999999,31.9667,26.41,29.18835,0,0,0,1,0,0,0,0,0,0
33.48699246913834,-84.41930610675745,,,0,OK,plutonic: undivided granitic rocks,Mississippian-Pennsylvanian plutonic: undivided granitic rocks,7,1,60.0,358.9,298.9,328.9,0,1,0,0,0,0,0,0,0,1
34.3798207152661,-83.67945472271883,,,0,OK,sedimentary,Neoproterozoic-Cambrian sedimentary,7,1,514.6,1000.0,485.4,742.7,0,0,0,1,0,0,0,0,0,0
32.821055474003984,-83.41552070778098,,,0,OK,"sand, chalk, mud",Late Cretaceous sedimentary,7,1,3.8917,74.975,71.0833,73.02914999999999,0,0,0,0,1,0,0,0,0,0
33.016145088790594,-82.2372268933677,,,0,OK,"Major:{sandstone,claystone}",Neogene undifferentiated,133,1,3.8263,17.6463,13.82,15.73315,0,0,0,1,0,0,0,0,0,0
33.52283804189397,-84.19926651745315,,,0,OK,volcanic: interlayered sedimentary and volcanic rocks,Neoproterozoic-Cambrian volcanic: interlayered sedimentary and volcanic rocks,7,1,514.6,1000.0,485.4,742.7,0,0,1,1,0,0,0,0,0,0
30.92624338668972,-81.8454941910205,,,0,OK,Major:{fine alluvium},Stream alluvium,133,1,2.588,2.588,0.0,1.294,0,0,0,0,1,0,0,0,0,0
33.491802775414044,-82.95804723609398,,,0,OK,felsic paragneiss; paragneiss/metavolcanic gneiss,Paleozoic crystalline metamorphic rocks,154,1,289.098,541.0,251.902,396.451,1,0,1,0,0,0,1,0,0,1
32.415115552456555,-82.48905529245947,,,0,OK,"Major:{sandstone,claystone}",Neogene undifferentiated,133,1,0.5588000000000015,17.6463,17.0875,17.3669,0,0,0,1,0,0,0,0,0,0
31.95752241674556,-81.32249395601265,,,0,OK,Major:{fine alluvium},Pamlico shoreline complex - marsh and lagoonal facies,133,1,2.5763000000000003,2.588,0.0117,1.29985,0,0,0,0,1,0,0,0,0,0
32.878629669221766,-84.99819726322549,,,0,OK,volcanic: interlayered sedimentary and volcanic rocks,Neoproterozoic-Cambrian volcanic: interlayered sedimentary and volcanic rocks,7,1,514.6,1000.0,485.4,742.7,0,0,1,1,0,0,0,0,0,0
31.55261763136391,-82.27255999756449,,,0,OK,"Major:{sandstone,claystone}",Neogene undifferentiated,133,1,1.1174999999999997,17.6463,16.5288,17.08755,0,0,0,1,0,0,0,0,0,0
31.157247717963124,-83.29750437913407,,,0,OK,"Major:{dolostone,sand,clay}",Hawthorn Formation,133,1,0.5588000000000015,17.6463,17.0875,17.3669,0,0,0,1,1,0,0,0,0,0
32.48999043753775,-81.76077071487474,,,0,OK,"Major:{sandstone,claystone}",Neogene undifferentiated,133,1,0.5588000000000015,17.6463,17.0875,17.3669,0,0,0,1,0,0,0,0,0,0
30.697657706378795,-82.15699186970727,,,0,OK,Major:{fine alluvium},Wicomico Shoreline Complex - marsh and lagoonal facies,133,1,2.5763000000000003,2.588,0.0117,1.29985,0,0,0,0,1,0,0,0,0,0
32.452896269671285,-82.97329401176654,,,0,OK,Major:{clay},Twiggs Clay,133,1,0.7800000000000011,35.46,34.68,35.07,0,0,0,0,1,0,0,0,0,0
31.495947935292516,-81.62235093486801,,,0,OK,Major:{fine alluvium},Stream alluvium,133,1,2.588,2.588,0.0,1.294,0,0,0,0,1,0,0,0,0,0
34.82801689432081,-84.27199766348417,,,0,OK,sedimentary,Neoproterozoic sedimentary,7,1,459.0,1000.0,541.0,770.5,0,0,0,1,0,0,0,0,0,0
32.44148779613682,-81.39018675930198,,,0,OK,Major:{fine alluvium},Wicomico Shoreline Complex - marsh and lagoonal facies,133,1,2.5763000000000003,2.588,0.0117,1.29985,0,0,0,0,1,0,0,0,0,0
32.09965111089553,-84.77130363074589,,,0,OK,Major:{sand},Providence Sand,133,1,0.6099999999999994,67.22,66.61,66.91499999999999,0,0,0,0,1,0,0,0,0,0
31.71765396346744,-84.62814257381451,,,0,OK,"sand,mud,clay,chalk",Middle Eocene sedimentary,7,1,0.875,41.3,40.425,40.8625,0,0,0,0,1,0,0,0,0,0
30.927472130082,-81.76364368354209,,,0,OK,Major:{fine alluvium},Pamlico shoreline complex - marsh and lagoonal facies,133,1,2.5763000000000003,2.588,0.0117,1.29985,0,0,0,0,1,0,0,0,0,0
32.96215170174181,-82.67754886015254,,,0,OK,"Major:{sandstone,claystone}",Neogene undifferentiated,133,1,0.5588000000000015,17.6463,17.0875,17.3669,0,0,0,1,0,0,0,0,0,0
30.816455048953152,-82.04977003918596,,,0,OK,Major:{fine alluvium},Penholoway shoreline complex - marsh and lagoonal facies,133,1,2.5763000000000003,2.588,0.0117,1.29985,0,0,0,0,1,0,0,0,0,0
30.83580158839166,-82.0264232505863,,,0,OK,Major:{sand},Penholoway shoreline complex - barrier island facies,133,1,2.5763000000000003,2.588,0.0117,1.29985,0,0,0,0,1,0,0,0,0,0
32.58906501979616,-84.6995653582811,,,0,OK,"sand, mud, chalk, carbonate",Late Cretaceous sedimentary,7,1,11.245000000000005,96.87,85.625,91.2475,0,0,0,1,1,0,0,0,0,0
30.99694339784015,-83.46669817708512,,,0,OK,"Major:{dolostone,sand,clay}",Hawthorn Formation,133,1,0.5588000000000015,17.6463,17.0875,17.3669,0,0,0,1,1,0,0,0,0,0
31.253907172083714,-82.27328853973091,,,0,OK,"Major:{sandstone,claystone}",Neogene undifferentiated,133,1,1.1174999999999997,17.6463,16.5288,17.08755,0,0,0,1,0,0,0,0,0,0
31.453191441823108,-83.90559978520824,,,0,OK,"Major:{sandstone,claystone}",Neogene undifferentiated,133,1,1.1174999999999997,17.6463,16.5288,17.08755,0,0,0,1,0,0,0,0,0,0
34.07371902131431,-83.46408918336657,,,0,OK,volcanic: interlayered sedimentary and volcanic rocks,Neoproterozoic-Cambrian volcanic: interlayered sedimentary and volcanic rocks,7,1,514.6,1000.0,485.4,742.7,0,0,1,1,0,0,0,0,0,0
34.60859102876962,-85.06443346606109,,,0,OK,"Major:{sandstone,shale}",Red Mountain Formation,133,1,14.5,440.8,426.3,433.55,0,0,0,1,0,0,0,0,0,0
32.242810373684854,-82.9009087728089,,,0,OK,"Major:{sandstone,claystone}",Neogene undifferentiated,133,1,0.5588000000000015,17.6463,17.0875,17.3669,0,0,0,1,0,0,0,0,0,0
32.23854926664755,-84.72118175305636,,,0,OK,"Major:{clay,sand}, Minor:{limestone}, Incidental:{marl}",Ripley Formation,133,1,1.0165999999999968,71.0833,70.0667,70.57499999999999,0,0,0,1,1,0,0,0,0,0
33.666181605641576,-82.3699429496861,,,0,OK,mudstone-carbonate-sandstone-conglomerate,Paleozoic sedimentary and volcanic rocks,154,1,55.60000000000002,541.0,485.4,513.2,0,0,0,1,0,0,0,0,0,0
30.85789391664475,-82.34353975128505,,,0,OK,Major:{fine alluvium},Wicomico Shoreline Complex - marsh and lagoonal facies,133,1,2.5763000000000003,2.588,0.0117,1.29985,0,0,0,0,1,0,0,0,0,0
32.389854989784425,-84.73926231777412,,,0,OK,"sand, chalk, mud",Late Cretaceous sedimentary,7,1,3.8917,74.975,71.0833,73.02914999999999,0,0,0,0,1,0,0,0,0,0
31.001924913554397,-84.01152055923818,,,0,OK,"Major:{clay,sand,gravel}",Miccosukee Formation,133,1,0.4293999999999998,2.1586,1.7292,1.9439,0,0,0,0,1,0,0,0,0,0
31.71963508637832,-84.87704234601648,,,0,OK,"sand,mud,clay,chalk",Early Eocene sedimentary,7,1,6.949999999999996,56.8,49.85,53.325,0,0,0,0,1,0,0,0,0,0
31.77846456802476,-84.56448151929932,,,0,OK,"Major:{sand}, Minor:{marl}",Tuscahoma Sand,133,1,0.7199999999999989,56.8,56.08,56.44,0,0,0,1,1,0,0,0,0,0
31.5711612375482,-81.44669591434851,,,0,OK,Major:{fine alluvium},Pamlico shoreline complex - marsh and lagoonal facies,133,1,2.5763000000000003,2.588,0.0117,1.29985,0,0,0,0,1,0,0,0,0,0
32.49734663857044,-82.73102327745029,,,0,OK,"Major:{sandstone,claystone}",Neogene undifferentiated,133,1,0.5588000000000015,17.6463,17.0875,17.3669,0,0,0,1,0,0,0,0,0,0
33.39028187598518,-84.76438186879739,,,0,OK,volcanic: interlayered sedimentary and volcanic rocks,Neoproterozoic-Cambrian volcanic: interlayered sedimentary and volcanic rocks,7,1,514.6,1000.0,485.4,742.7,0,0,1,1,0,0,0,0,0,0
32.72314841985332,-82.95280152417665,,,0,OK,"sandstone, clay, chalk, limestone,",Late Eocene sedimentary,7,1,0.6499999999999986,37.8,37.15,37.474999999999994,0,0,0,1,1,0,0,0,0,0
31.29329299094338,-84.3864246677091,,,0,OK,"sandstone, clay, chalk, limestone,",Late Eocene sedimentary,7,1,0.6499999999999986,37.8,37.15,37.474999999999994,0,0,0,1,1,0,0,0,0,0
32.583451008598985,-82.11582370219429,,,0,OK,"Major:{sandstone,claystone}",Neogene undifferentiated,133,1,0.5588000000000015,17.6463,17.0875,17.3669,0,0,0,1,0,0,0,0,0,0
34.09129581831254,-84.78624408761219,,,0,OK,sedimentary,Silurian-Devonian sedimentary,7,1,84.90000000000003,443.8,358.9,401.35,0,0,0,1,0,0,0,0,0,0
33.84841175436923,-83.77402562668803,,,0,OK,volcanic: interlayered sedimentary and volcanic rocks,Neoproterozoic-Cambrian volcanic: interlayered sedimentary and volcanic rocks,7,1,514.6,1000.0,485.4,742.7,0,0,1,1,0,0,0,0,0,0
33.15358139664148,-83.04647467442274,,,0,OK,Major:{sand},Irwinton Sand,133,1,0.11699999999999733,34.992,34.875,34.933499999999995,0,0,0,0,1,0,0,0,0,0
32.32156945525665,-82.48276744007431,,,0,OK,"Major:{sandstone,claystone}",Neogene undifferentiated,133,1,0.5588000000000015,17.6463,17.0875,17.3669,0,0,0,1,0,0,0,0,0,0
32.338884961199355,-81.8742756207821,,,0,OK,"Major:{sandstone,claystone}",Neogene undifferentiated,133,1,0.5588000000000015,17.6463,17.0875,17.3669,0,0,0,1,0,0,0,0,0,0
31.258669448598223,-81.65933630372564,,,0,OK,Major:{fine alluvium},Pamlico shoreline complex - marsh and lagoonal facies,133,1,2.5763000000000003,2.588,0.0117,1.29985,0,0,0,0,1,0,0,0,0,0
33.3797663423194,-83.33577060081393,,,0,OK,felsic paragneiss; paragneiss/metavolcanic gneiss,Paleozoic crystalline metamorphic rocks,154,1,289.098,541.0,251.902,396.451,1,0,1,0,0,0,1,0,0,1
33.074555166560266,-83.18087406668292,,,0,OK,"sand, chalk, mud",Late Cretaceous sedimentary,7,1,3.8917,74.975,71.0833,73.02914999999999,0,0,0,0,1,0,0,0,0,0
31.076947323977777,-82.18402002622429,,,0,OK,sedimentary,Quaternary sedimentary,7,1,2.588,2.588,0.0,1.294,0,0,0,1,0,0,0,0,0,0
34.47033200329825,-84.35039475254715,,,0,OK,sedimentary rocks,Neoproterozoic sedimentary rocks,154,1,459.0,1000.0,541.0,770.5,0,0,0,1,0,0,0,0,0,0
32.068793675975,-81.53370341253212,,,0,OK,Major:{fine alluvium},Wicomico Shoreline Complex - marsh and lagoonal facies,133,1,2.5763000000000003,2.588,0.0117,1.29985,0,0,0,0,1,0,0,0,0,0
31.880330972382403,-84.67235501482193,,,0,OK,"sand,mud,clay,chalk",Middle Eocene sedimentary,7,1,0.875,41.3,40.425,40.8625,0,0,0,0,1,0,0,0,0,0
34.61564079209451,-83.98390709533055,,,0,OK,sedimentary rocks,Neoproterozoic sedimentary rocks,154,1,459.0,1000.0,541.0,770.5,0,0,0,1,0,0,0,0,0,0
32.63496357791446,-84.89124346661453,,,0,OK,felsic paragneiss; paragneiss/metavolcanic gneiss,Paleozoic crystalline metamorphic rocks,154,1,289.098,541.0,251.902,396.451,1,0,1,0,0,0,1,0,0,1
34.79851318335733,-84.71531836779813,,,0,OK,"Major:{shale,sandstone}",Conasauga Group; Lower unit; shale and sandstone unit,133,1,17.42500000000001,511.0,493.575,502.2875,0,0,0,1,0,0,0,0,0,0
34.42194269020222,-83.07622379588824,,,0,OK,volcanic: interlayered sedimentary and volcanic rocks,Neoproterozoic-Cambrian volcanic: interlayered sedimentary and volcanic rocks,7,1,514.6,1000.0,485.4,742.7,0,0,1,1,0,0,0,0,0,0
34.3498226963749,-85.26852938795312,,,0,OK,"Major:{sandstone,shale,conglomerate}",Pennsylvanian undifferentiated,133,1,24.30000000000001,323.2,298.9,311.04999999999995,0,0,0,1,0,0,0,0,0,0
33.87043358422171,-83.38873791355037,,,0,OK,intrusive igneous rocks,Paleozoic intrusive rocks,154,1,84.90000000000003,443.8,358.9,401.35,0,1,0,0,0,0,0,0,0,0
33.69962665589293,-84.27574271581982,,,0,OK,volcanic: interlayered sedimentary and volcanic rocks,Neoproterozoic-Cambrian volcanic: interlayered sedimentary and volcanic rocks,7,1,514.6,1000.0,485.4,742.7,0,0,1,1,0,0,0,0,0,0
34.80432900579018,-84.25608666878477,,,0,OK,sedimentary rocks,Neoproterozoic sedimentary rocks,154,1,459.0,1000.0,541.0,770.5,0,0,0,1,0,0,0,0,0,0
31.763235752502677,-81.71258148375715,,,0,OK,Major:{fine alluvium},Wicomico Shoreline Complex - marsh and lagoonal facies,133,1,2.5763000000000003,2.588,0.0117,1.29985,0,0,0,0,1,0,0,0,0,0
32.11479953851516,-83.16644033503766,,,0,OK,"Major:{sandstone,claystone}",Neogene undifferentiated,133,1,0.5588000000000015,17.6463,17.0875,17.3669,0,0,0,1,0,0,0,0,0,0
31.285245688002984,-83.59005965953916,,,0,OK,"Major:{clay,sand,gravel}",Miccosukee Formation,133,1,0.4293999999999998,2.1586,1.7292,1.9439,0,0,0,0,1,0,0,0,0,0
30.879240093450814,-81.71946807010221,,,0,OK,Major:{fine alluvium},Pamlico shoreline complex - marsh and lagoonal facies,133,1,2.5763000000000003,2.588,0.0117,1.29985,0,0,0,0,1,0,0,0,0,0
32.93412338033075,-81.99852458667326,,,0,OK,Major:{clay},Twiggs Clay,133,1,0.7800000000000011,35.46,34.68,35.07,0,0,0,0,1,0,0,0,0,0
33.183125187947745,-83.32515504676849,,,0,OK,felsic paragneiss; paragneiss/metavolcanic gneiss,Paleozoic crystalline metamorphic rocks,154,1,289.098,541.0,251.902,396.451,1,0,1,0,0,0,1,0,0,1
31.899927330912607,-81.76034888528238,,,0,OK,Major:{fine alluvium},Wicomico Shoreline Complex - marsh and lagoonal facies,133,1,2.5763000000000003,2.588,0.0117,1.29985,0,0,0,0,1,0,0,0,0,0
32.43975227187467,-81.49563928921589,,,0,OK,"Major:{sand,gravel}",Pleistocene-Pliocene sands and gravels,133,1,5.3213,5.333,0.0117,2.6723500000000002,0,0,0,0,1,0,0,0,0,0
34.36353956287302,-84.59692377072305,,,0,OK,sedimentary rocks,Neoproterozoic sedimentary rocks,154,1,459.0,1000.0,541.0,770.5,0,0,0,1,0,0,0,0,0,0
33.897982365672,-83.67662507498109,,,0,OK,volcanic: interlayered sedimentary and volcanic rocks,Neoproterozoic-Cambrian volcanic: interlayered sedimentary and volcanic rocks,7,1,514.6,1000.0,485.4,742.7,0,0,1,1,0,0,0,0,0,0
34.96130176040915,-84.22764944410706,,,0,OK,sedimentary,Cambrian-Ordovician sedimentary,7,1,97.19999999999999,541.0,443.8,492.4,0,0,0,1,0,0,0,0,0,0
31.478812811944668,-82.26976571803154,,,0,OK,sedimentary,Pliocene sedimentary,7,1,2.745,5.333,2.588,3.9605,0,0,0,1,0,0,0,0,0,0
30.787638528225003,-83.91192917261816,,,0,OK,"Major:{clay,sand,gravel}",Miccosukee Formation,133,1,0.4293999999999998,2.1586,1.7292,1.9439,0,0,0,0,1,0,0,0,0,0
32.93038127777862,-82.67235905453339,,,0,OK,"Major:{sandstone,claystone}",Neogene undifferentiated,133,1,0.5588000000000015,17.6463,17.0875,17.3669,0,0,0,1,0,0,0,0,0,0
33.20591898482396,-84.9868996275868,,,0,OK,volcanic: interlayered sedimentary and volcanic rocks,Neoproterozoic-Cambrian volcanic: interlayered sedimentary and volcanic rocks,7,1,514.6,1000.0,485.4,742.7,0,0,1,1,0,0,0,0,0,0
31.91545826443132,-84.86055278539425,,,0,OK,"Major:{clay,sand}","Nanafalia, Porters Creek, and Clayton Formations, undifferentiated",133,1,8.100000000000009,64.9,56.8,60.85,0,0,0,0,1,0,0,0,0,0
33.29354120690915,-84.57411603504838,,,0,OK,volcanic: interlayered sedimentary and volcanic rocks,Neoproterozoic-Cambrian volcanic: interlayered sedimentary and volcanic rocks,7,1,514.6,1000.0,485.4,742.7,0,0,1,1,0,0,0,0,0,0
31.72555940754297,-82.72366619262245,,,0,OK,"Major:{sandstone,claystone}",Neogene undifferentiated,133,1,1.1174999999999997,17.6463,16.5288,17.08755,0,0,0,1,0,0,0,0,0,0
31.522938337907835,-82.7944517063138,,,0,OK,Major:{fine alluvium},Stream alluvium,133,1,2.588,2.588,0.0,1.294,0,0,0,0,1,0,0,0,0,0
31.96892275307141,-81.7476925412801,,,0,OK,Major:{fine alluvium},Wicomico Shoreline Complex - marsh and lagoonal facies,133,1,2.5763000000000003,2.588,0.0117,1.29985,0,0,0,0,1,0,0,0,0,0
33.32129570247224,-83.68513336652754,,,0,OK,felsic paragneiss; paragneiss/metavolcanic gneiss,Paleozoic crystalline metamorphic rocks,154,1,289.098,541.0,251.902,396.451,1,0,1,0,0,0,1,0,0,1
31.95995153890909,-83.48561735703865,,,0,OK,"Major:{sandstone,claystone}",Neogene undifferentiated,133,1,1.1174999999999997,17.6463,16.5288,17.08755,0,0,0,1,0,0,0,0,0,0
32.19690833179581,-82.79733461031893,,,0,OK,"Major:{sandstone,claystone}",Neogene undifferentiated,133,1,0.5588000000000015,17.6463,17.0875,17.3669,0,0,0,1,0,0,0,0,0,0
32.24718241806691,-83.35720653378158,,,0,OK,Major:{limestone},Suwannee Limestone and its residuum,133,1,3.866699999999998,31.9667,28.1,30.03335,0,0,0,1,0,0,0,0,0,0
31.88155030535135,-82.20377088799563,,,0,OK,"Major:{sandstone,claystone}",Neogene undifferentiated,133,1,1.1174999999999997,17.6463,16.5288,17.08755,0,0,0,1,0,0,0,0,0,0
33.302612903083485,-83.93607039512503,,,0,OK,volcanic: interlayered sedimentary and volcanic rocks,Neoproterozoic-Cambrian volcanic: interlayered sedimentary and volcanic rocks,7,1,514.6,1000.0,485.4,742.7,0,0,1,1,0,0,0,0,0,0
31.03240815806018,-82.96778780705857,,,0,OK,sedimentary,Pliocene sedimentary,7,1,2.745,5.333,2.588,3.9605,0,0,0,1,0,0,0,0,0,0
31.03759650672141,-83.9648499711644,,,0,OK,"Major:{clay,sand,gravel}",Miccosukee Formation,133,1,0.4293999999999998,2.1586,1.7292,1.9439,0,0,0,0,1,0,0,0,0,0
32.39058157125342,-83.12578337452916,,,0,OK,"Major:{sandstone,claystone}",Neogene undifferentiated,133,1,0.5588000000000015,17.6463,17.0875,17.3669,0,0,0,1,0,0,0,0,0,0
31.954279454898188,-81.8026767588526,,,0,OK,Major:{fine alluvium},Wicomico Shoreline Complex - marsh and lagoonal facies,133,1,2.5763000000000003,2.588,0.0117,1.29985,0,0,0,0,1,0,0,0,0,0
33.91395027861488,-84.3730393440936,,,0,OK,sedimentary,Neoproterozoic-Cambrian sedimentary,7,1,514.6,1000.0,485.4,742.7,0,0,0,1,0,0,0,0,0,0
31.104631004955905,-82.65253436070144,,,0,OK,sedimentary,Pliocene sedimentary,7,1,2.745,5.333,2.588,3.9605,0,0,0,1,0,0,0,0,0,0
32.01930359984724,-81.15124627854004,,,0,OK,Major:{sand},Pamlico shoreline complex - barrier island facies,133,1,2.5763000000000003,2.588,0.0117,1.29985,0,0,0,0,1,0,0,0,0,0
33.44967143911846,-83.71376042885787,,,0,OK,volcanic: interlayered sedimentary and volcanic rocks,Neoproterozoic-Cambrian volcanic: interlayered sedimentary and volcanic rocks,7,1,514.6,1000.0,485.4,742.7,0,0,1,1,0,0,0,0,0,0
31.64467595241384,-82.98056944327543,,,0,OK,"Major:{sandstone,claystone}",Neogene undifferentiated,133,1,1.1174999999999997,17.6463,16.5288,17.08755,0,0,0,1,0,0,0,0,0,0
31.935136033059045,-82.65795252213263,,,0,OK,"Major:{sandstone,claystone}",Neogene undifferentiated,133,1,0.5588000000000015,17.6463,17.0875,17.3669,0,0,0,1,0,0,0,0,0,0
34.391779054145694,-84.64481409347552,,,0,OK,sedimentary rocks,Neoproterozoic sedimentary rocks,154,1,459.0,1000.0,541.0,770.5,0,0,0,1,0,0,0,0,0,0
33.0623011541295,-82.97993691549843,,,0,OK,Major:{sand},Irwinton Sand,133,1,0.11699999999999733,34.992,34.875,34.933499999999995,0,0,0,0,1,0,0,0,0,0
30.680179236216265,-82.07232889477935,,,0,OK,Major:{sand},Wicomico Shoreline Complex - barrier island facies,133,1,2.5763000000000003,2.588,0.0117,1.29985,0,0,0,0,1,0,0,0,0,0
33.45118028998033,-85.12025996869004,,,0,OK,sedimentary rocks,Neoproterozoic sedimentary rocks,154,1,459.0,1000.0,541.0,770.5,0,0,0,1,0,0,0,0,0,0
34.59827205356645,-85.28297006670803,,,0,OK,"Major:{limestone,shale}",Conasauga Group; Middle unit; Shale unit,133,1,13.149999999999977,511.0,497.85,504.425,0,0,0,1,0,0,0,0,0,0
33.855059673415404,-83.34638810507795,,,0,OK,intrusive igneous rocks,Paleozoic intrusive rocks,154,1,84.90000000000003,443.8,358.9,401.35,0,1,0,0,0,0,0,0,0,0
33.38043945740927,-85.27014740101288,,,0,OK,sedimentary rocks,Neoproterozoic sedimentary rocks,154,1,459.0,1000.0,541.0,770.5,0,0,0,1,0,0,0,0,0,0
34.557139214101625,-85.51829782042604,,,0,OK,"Major:{sandstone,shale,conglomerate}",Pennsylvanian undifferentiated,133,1,24.30000000000001,323.2,298.9,311.04999999999995,0,0,0,1,0,0,0,0,0,0
34.66834584367325,-85.48629443422689,,,0,OK,"sandstone,shale,coal",Bashkirian sedimentary,7,1,1.0500000000000114,323.2,322.15,322.67499999999995,0,0,0,1,0,0,0,0,0,0
33.12362961732682,-83.1690712096483,,,0,OK,"sand, chalk, mud",Late Cretaceous sedimentary,7,1,3.8917,74.975,71.0833,73.02914999999999,0,0,0,0,1,0,0,0,0,0
32.29261082617762,-81.7380793821035,,,0,OK,"Major:{sandstone,claystone}",Neogene undifferentiated,133,1,0.5588000000000015,17.6463,17.0875,17.3669,0,0,0,1,0,0,0,0,0,0
32.04681081454834,-84.99800405422,,,0,OK,"sand, chalk, mud",Late Cretaceous sedimentary,7,1,3.8917,74.975,71.0833,73.02914999999999,0,0,0,0,1,0,0,0,0,0
34.16115595712234,-85.01142368129511,,,0,OK,"Major:{dolostone}, Minor:{limestone}",Knox Group undifferentiated,133,1,23.57499999999999,493.575,470.0,481.7875,0,0,0,1,0,0,0,0,0,0
33.35100692274936,-82.89616033616787,,,0,OK,mudstone-carbonate-sandstone-conglomerate,Paleozoic sedimentary and volcanic rocks,154,1,55.60000000000002,541.0,485.4,513.2,0,0,0,1,0,0,0,0,0,0
30.716627544017605,-84.48879636709415,,,0,OK,"Major:{dolostone,sand,clay}",Hawthorn Formation,133,1,0.5588000000000015,17.6463,17.0875,17.3669,0,0,0,1,1,0,0,0,0,0
31.018076537531886,-82.12585208756026,,,0,OK,Major:{sand},Wicomico Shoreline Complex - barrier island facies,133,1,2.5763000000000003,2.588,0.0117,1.29985,0,0,0,0,1,0,0,0,0,0
32.344531186735566,-83.12944810750125,,,0,OK,"Major:{sandstone,claystone}",Neogene undifferentiated,133,1,0.5588000000000015,17.6463,17.0875,17.3669,0,0,0,1,0,0,0,0,0,0
34.20362529425613,-84.73367028668164,,,0,OK,sedimentary,Cambrian-Ordovician sedimentary,7,1,97.19999999999999,541.0,443.8,492.4,0,0,0,1,0,0,0,0,0,0
31.03271111094813,-82.47968814826832,,,0,OK,sedimentary,Pliocene sedimentary,7,1,2.745,5.333,2.588,3.9605,0,0,0,1,0,0,0,0,0,0
33.13151642359328,-82.31005679006648,,,0,OK,Major:{sand},Irwinton Sand,133,1,0.11699999999999733,34.992,34.875,34.933499999999995,0,0,0,0,1,0,0,0,0,0
33.52366685797647,-84.10956194052523,,,0,OK,volcanic: interlayered sedimentary and volcanic rocks,Neoproterozoic-Cambrian volcanic: interlayered sedimentary and volcanic rocks,7,1,514.6,1000.0,485.4,742.7,0,0,1,1,0,0,0,0,0,0
31.544831076951866,-83.28872420837413,,,0,OK,"Major:{sandstone,claystone}",Neogene undifferentiated,133,1,1.1174999999999997,17.6463,16.5288,17.08755,0,0,0,1,0,0,0,0,0,0
31.362679217343285,-84.4483748462031,,,0,OK,"sandstone, clay, chalk, limestone,",Late Eocene sedimentary,7,1,0.6499999999999986,37.8,37.15,37.474999999999994,0,0,0,1,1,0,0,0,0,0
34.20740143348957,-83.02337078596659,,,0,OK,volcanic: interlayered sedimentary and volcanic rocks,Neoproterozoic-Cambrian volcanic: interlayered sedimentary and volcanic rocks,7,1,514.6,1000.0,485.4,742.7,0,0,1,1,0,0,0,0,0,0
31.375295830627877,-82.46294390112847,,,0,OK,sedimentary,Pliocene sedimentary,7,1,2.745,5.333,2.588,3.9605,0,0,0,1,0,0,0,0,0,0
31.235200375075877,-85.04229666029133,,,0,OK,"sandstone, clay, chalk, limestone,",Late Eocene sedimentary,7,1,0.6499999999999986,37.8,37.15,37.474999999999994,0,0,0,1,1,0,0,0,0,0
31.462915790767813,-83.34030235018368,,,0,OK,"Major:{sandstone,claystone}",Neogene undifferentiated,133,1,1.1174999999999997,17.6463,16.5288,17.08755,0,0,0,1,0,0,0,0,0,0
33.97553584671299,-82.79979762723147,,,0,OK,felsic paragneiss; paragneiss/metavolcanic gneiss,Paleozoic crystalline metamorphic rocks,154,1,289.098,541.0,251.902,396.451,1,0,1,0,0,0,1,0,0,1
30.757178022896937,-84.9065369549808,,,0,OK,sedimentary rocks,Cenozoic sedimentary rocks,154,1,66.0,66.0,0.0,33.0,0,0,0,1,0,0,0,0,0,0
31.24362907135704,-83.5469387472553,,,0,OK,"Major:{dolostone,sand,clay}",Hawthorn Formation,133,1,0.5588000000000015,17.6463,17.0875,17.3669,0,0,0,1,1,0,0,0,0,0
32.47306002108591,-84.25193777839868,,,0,OK,"sand, chalk, mud",Late Cretaceous sedimentary,7,1,3.8917,74.975,71.0833,73.02914999999999,0,0,0,0,1,0,0,0,0,0
34.677051256659965,-85.03897707138795,,,0,OK,"Major:{sandstone,shale}",Red Mountain Formation,133,1,14.5,440.8,426.3,433.55,0,0,0,1,0,0,0,0,0,0
32.96687060539736,-83.16539425197847,,,0,OK,"sand, chalk, mud",Late Cretaceous sedimentary,7,1,3.8917,74.975,71.0833,73.02914999999999,0,0,0,0,1,0,0,0,0,0
32.15799160662514,-84.81595864882243,,,0,OK,"sand, chalk, mud",Late Cretaceous sedimentary,7,1,3.8917,74.975,71.0833,73.02914999999999,0,0,0,0,1,0,0,0,0,0
32.51104483332879,-84.79659526331407,,,0,OK,"Major:{clay,sand}, Minor:{gravel}",Tuscaloosa Formation,133,1,6.460000000000008,95.385,88.925,92.155,0,0,0,0,1,0,0,0,0,0
32.37185294067564,-82.15738931475128,,,0,OK,"Major:{sandstone,claystone}",Neogene undifferentiated,133,1,0.5588000000000015,17.6463,17.0875,17.3669,0,0,0,1,0,0,0,0,0,0
32.26927733952624,-84.67488025272932,,,0,OK,"Major:{clay,sand}, Minor:{limestone}, Incidental:{marl}",Ripley Formation,133,1,1.0165999999999968,71.0833,70.0667,70.57499999999999,0,0,0,1,1,0,0,0,0,0
31.807425763881888,-81.33455740352811,,,0,OK,Major:{fine alluvium},Holocene Shoreline Complex - marsh and lagoonal facies,133,1,0.0117,0.0117,0.0,0.00585,0,0,0,0,1,0,0,0,0,0
33.551748789217214,-83.11795863617051,,,0,OK,plutonic: undivided granitic rocks,Mississippian-Pennsylvanian plutonic: undivided granitic rocks,7,1,60.0,358.9,298.9,328.9,0,1,0,0,0,0,0,0,0,1
33.52379401114904,-84.53272329598407,,,0,OK,volcanic: interlayered sedimentary and volcanic rocks,Neoproterozoic-Cambrian volcanic: interlayered sedimentary and volcanic rocks,7,1,514.6,1000.0,485.4,742.7,0,0,1,1,0,0,0,0,0,0
31.29212255816619,-83.35807820867004,,,0,OK,"Major:{clay,sand,gravel}",Miccosukee Formation,133,1,0.4293999999999998,2.1586,1.7292,1.9439,0,0,0,0,1,0,0,0,0,0
32.14187975262372,-81.59312125957614,,,0,OK,Major:{fine alluvium},Wicomico Shoreline Complex - marsh and lagoonal facies,133,1,2.5763000000000003,2.588,0.0117,1.29985,0,0,0,0,1,0,0,0,0,0
32.9244913287888,-84.16024992648119,,,0,OK,sedimentary rocks,Paleozoic sedimentary rocks,154,1,121.80000000000001,541.0,419.2,480.1,0,0,0,1,0,0,0,0,0,0
33.74451175063765,-84.87022699460849,,,0,OK,plutonic: undivided granitic rocks,Devonian plutonic: undivided granitic rocks,7,1,60.30000000000001,419.2,358.9,389.04999999999995,0,1,0,0,0,0,0,0,0,1
32.00465621927109,-82.17384915726188,,,0,OK,"Major:{sandstone,claystone}",Neogene undifferentiated,133,1,0.5588000000000015,17.6463,17.0875,17.3669,0,0,0,1,0,0,0,0,0,0
31.116658392234413,-82.83206503893074,,,0,OK,sedimentary,Pliocene sedimentary,7,1,2.745,5.333,2.588,3.9605,0,0,0,1,0,0,0,0,0,0
31.40960543360015,-84.6473658679911,,,0,OK,"sandstone, clay, chalk, limestone,",Late Eocene sedimentary,7,1,0.6499999999999986,37.8,37.15,37.474999999999994,0,0,0,1,1,0,0,0,0,0
31.600649262835773,-83.1325720082539,,,0,OK,"Major:{sandstone,claystone}",Neogene undifferentiated,133,1,1.1174999999999997,17.6463,16.5288,17.08755,0,0,0,1,0,0,0,0,0,0
31.89574000716811,-83.89299104237868,,,0,OK,"sandstone, clay, chalk, limestone,",Late Eocene sedimentary,7,1,0.6499999999999986,37.8,37.15,37.474999999999994,0,0,0,1,1,0,0,0,0,0
31.234210421708237,-83.51295864817473,,,0,OK,"Major:{dolostone,sand,clay}",Hawthorn Formation,133,1,0.5588000000000015,17.6463,17.0875,17.3669,0,0,0,1,1,0,0,0,0,0
33.73503047461409,-84.74587331411036,,,0,OK,sedimentary,Neoproterozoic-Cambrian sedimentary,7,1,514.6,1000.0,485.4,742.7,0,0,0,1,0,0,0,0,0,0
32.53348971004997,-82.00052802854977,,,0,OK,"Major:{sandstone,claystone}",Neogene undifferentiated,133,1,0.5588000000000015,17.6463,17.0875,17.3669,0,0,0,1,0,0,0,0,0,0
31.04392831257371,-81.80282754714804,,,0,OK,Major:{fine alluvium},Pamlico shoreline complex - marsh and lagoonal facies,133,1,2.5763000000000003,2.588,0.0117,1.29985,0,0,0,0,1,0,0,0,0,0
31.99885848061345,-82.04777043228269,,,0,OK,"Major:{sand,gravel}",Pleistocene-Pliocene sands and gravels,133,1,5.3213,5.333,0.0117,2.6723500000000002,0,0,0,0,1,0,0,0,0,0
32.63046636820722,-84.30374341930349,,,0,OK,"Major:{clay,sand}, Minor:{gravel}",Tuscaloosa Formation,133,1,4.724999999999994,95.55,90.825,93.1875,0,0,0,0,1,0,0,0,0,0
34.00497627519833,-83.37363541153623,,,0,OK,intrusive igneous rocks,Paleozoic intrusive rocks,154,1,84.90000000000003,443.8,358.9,401.35,0,1,0,0,0,0,0,0,0,0
33.35743393758044,-83.8154825468788,,,0,OK,volcanic: interlayered sedimentary and volcanic rocks,Neoproterozoic-Cambrian volcanic: interlayered sedimentary and volcanic rocks,7,1,514.6,1000.0,485.4,742.7,0,0,1,1,0,0,0,0,0,0
34.153311856312946,-84.82645925246635,,,0,OK,Major:{dolostone},Conasauga Group; Lower unit; lower dolostone unit,133,1,17.42500000000001,511.0,493.575,502.2875,0,0,0,1,0,0,0,0,0,0
34.666168486980084,-83.83609255976523,,,0,OK,volcanic: interlayered sedimentary and volcanic rocks,Neoproterozoic-Cambrian volcanic: interlayered sedimentary and volcanic rocks,7,1,514.6,1000.0,485.4,742.7,0,0,1,1,0,0,0,0,0,0
32.016977029928995,-82.06736167833895,,,0,OK,"Major:{sandstone,claystone}",Neogene undifferentiated,133,1,0.5588000000000015,17.6463,17.0875,17.3669,0,0,0,1,0,0,0,0,0,0
32.414475060263264,-84.88733669986951,,,0,OK,Major:{fine alluvium},Stream alluvium,133,1,2.588,2.588,0.0,1.294,0,0,0,0,1,0,0,0,0,0
33.41335362381142,-84.38051937069844,,,0,OK,volcanic: interlayered sedimentary and volcanic rocks,Neoproterozoic-Cambrian volcanic: interlayered sedimentary and volcanic rocks,7,1,514.6,1000.0,485.4,742.7,0,0,1,1,0,0,0,0,0,0
32.34026340911599,-81.91134367798205,,,0,OK,"Major:{sandstone,claystone}",Neogene undifferentiated,133,1,0.5588000000000015,17.6463,17.0875,17.3669,0,0,0,1,0,0,0,0,0,0
33.75529528104485,-83.0573537361416,,,0,OK,intrusive igneous rocks,Paleozoic intrusive rocks,154,1,84.90000000000003,443.8,358.9,401.35,0,1,0,0,0,0,0,0,0,0
31.305979099993205,-83.17197586047395,,,0,OK,sedimentary,Pliocene sedimentary,7,1,2.745,5.333,2.588,3.9605,0,0,0,1,0,0,0,0,0,0
34.74097072243383,-84.15211693250951,,,0,OK,sedimentary rocks,Neoproterozoic sedimentary rocks,154,1,459.0,1000.0,541.0,770.5,0,0,0,1,0,0,0,0,0,0
31.08011127860811,-84.74601936617098,,,0,OK,"sandstone, clay, chalk, limestone,",Late Eocene sedimentary,7,1,0.6499999999999986,37.8,37.15,37.474999999999994,0,0,0,1,1,0,0,0,0,0
30.9576111240325,-82.68152058229147,,,0,OK,sedimentary,Pliocene sedimentary,7,1,2.745,5.333,2.588,3.9605,0,0,0,1,0,0,0,0,0,0
34.12771084876873,-84.51671386923493,,,0,OK,sedimentary,Neoproterozoic-Cambrian sedimentary,7,1,514.6,1000.0,485.4,742.7,0,0,0,1,0,0,0,0,0,0
34.15940533584338,-82.78342407187411,,,0,OK,volcanic: interlayered sedimentary and volcanic rocks,Neoproterozoic-Cambrian volcanic: interlayered sedimentary and volcanic rocks,7,1,514.6,1000.0,485.4,742.7,0,0,1,1,0,0,0,0,0,0
33.788201318960645,-83.79804352910388,,,0,OK,volcanic: interlayered sedimentary and volcanic rocks,Neoproterozoic-Cambrian volcanic: interlayered sedimentary and volcanic rocks,7,1,514.6,1000.0,485.4,742.7,0,0,1,1,0,0,0,0,0,0
34.81797143238186,-84.71535904974782,,,0,OK,"Major:{shale,sandstone}",Conasauga Group; Lower unit; shale and sandstone unit,133,1,17.42500000000001,511.0,493.575,502.2875,0,0,0,1,0,0,0,0,0,0
31.61407281806046,-84.94712534036458,,,0,OK,"sand,mud,clay,chalk",Middle Eocene sedimentary,7,1,0.875,41.3,40.425,40.8625,0,0,0,0,1,0,0,0,0,0
34.19630596808633,-84.47657467740694,,,0,OK,sedimentary,Neoproterozoic sedimentary,7,1,459.0,1000.0,541.0,770.5,0,0,0,1,0,0,0,0,0,0
32.853204016178296,-84.13700565694009,,,0,OK,felsic paragneiss; paragneiss/metavolcanic gneiss,Paleozoic crystalline metamorphic rocks,154,1,289.098,541.0,251.902,396.451,1,0,1,0,0,0,1,0,0,1
32.426947058714944,-81.30754301763275,,,0,OK,Major:{fine alluvium},Wicomico Shoreline Complex - marsh and lagoonal facies,133,1,2.5763000000000003,2.588,0.0117,1.29985,0,0,0,0,1,0,0,0,0,0
33.02530472824437,-83.832646336031,,,0,OK,felsic paragneiss; paragneiss/metavolcanic gneiss,Paleozoic crystalline metamorphic rocks,154,1,289.098,541.0,251.902,396.451,1,0,1,0,0,0,1,0,0,1
33.828814606701926,-82.86144046001846,,,0,OK,intrusive igneous rocks,Paleozoic intrusive rocks,154,1,84.90000000000003,443.8,358.9,401.35,0,1,0,0,0,0,0,0,0,0
31.16836631602673,-82.90181278409707,,,0,OK,sedimentary,Pliocene sedimentary,7,1,2.745,5.333,2.588,3.9605,0,0,0,1,0,0,0,0,0,0
32.8207045085391,-84.47929299606328,,,0,OK,sedimentary rocks,Paleozoic sedimentary rocks,154,1,121.80000000000001,541.0,419.2,480.1,0,0,0,1,0,0,0,0,0,0
31.185517243309764,-84.1929417464364,,,0,OK,Major:{limestone},Suwannee Limestone and its residuum,133,1,5.556699999999999,31.9667,26.41,29.18835,0,0,0,1,0,0,0,0,0,0
33.35723942916247,-84.16722168849955,,,0,OK,volcanic: interlayered sedimentary and volcanic rocks,Neoproterozoic-Cambrian volcanic: interlayered sedimentary and volcanic rocks,7,1,514.6,1000.0,485.4,742.7,0,0,1,1,0,0,0,0,0,0
33.79369976167349,-83.42261361565754,,,0,OK,volcanic: interlayered sedimentary and volcanic rocks,Neoproterozoic-Cambrian volcanic: interlayered sedimentary and volcanic rocks,7,1,514.6,1000.0,485.4,742.7,0,0,1,1,0,0,0,0,0,0
34.11792753760702,-83.27347266159843,,,0,OK,volcanic: interlayered sedimentary and volcanic rocks,Neoproterozoic-Cambrian volcanic: interlayered sedimentary and volcanic rocks,7,1,514.6,1000.0,485.4,742.7,0,0,1,1,0,0,0,0,0,0
34.05468257286401,-82.96204462311903,,,0,OK,plutonic: undivided granitic rocks,Mississippian-Pennsylvanian plutonic: undivided granitic rocks,7,1,60.0,358.9,298.9,328.9,0,1,0,0,0,0,0,0,0,1
32.76489606890134,-81.59206008625448,,,0,OK,"Major:{sandstone,claystone}",Neogene undifferentiated,133,1,3.8263,17.6463,13.82,15.73315,0,0,0,1,0,0,0,0,0,0
33.29512777395571,-82.4918302460276,,,0,OK,Major:{sand},Irwinton Sand,133,1,0.11699999999999733,34.992,34.875,34.933499999999995,0,0,0,0,1,0,0,0,0,0
30.650059781717346,-82.4582507599059,,,0,OK,Major:{fine alluvium},Wicomico Shoreline Complex - marsh and lagoonal facies,133,1,2.5763000000000003,2.588,0.0117,1.29985,0,0,0,0,1,0,0,0,0,0
31.322426442499967,-84.01242339341766,,,0,OK,"Major:{sandstone,claystone}",Neogene undifferentiated,133,1,1.1174999999999997,17.6463,16.5288,17.08755,0,0,0,1,0,0,0,0,0,0
33.52879926516935,-84.89531740006113,,,0,OK,sedimentary,Neoproterozoic-Cambrian sedimentary,7,1,514.6,1000.0,485.4,742.7,0,0,0,1,0,0,0,0,0,0
30.953558501912703,-82.82222757754532,,,0,OK,sedimentary,Pliocene sedimentary,7,1,2.745,5.333,2.588,3.9605,0,0,0,1,0,0,0,0,0,0
32.4517874429775,-81.67658588399514,,,0,OK,"Major:{sandstone,claystone}",Neogene undifferentiated,133,1,0.5588000000000015,17.6463,17.0875,17.3669,0,0,0,1,0,0,0,0,0,0
33.01896161103221,-83.59961040621451,,,0,OK,felsic paragneiss; paragneiss/metavolcanic gneiss,Paleozoic crystalline metamorphic rocks,154,1,289.098,541.0,251.902,396.451,1,0,1,0,0,0,1,0,0,1
31.98474311502973,-84.77172297735846,,,0,OK,Major:{sand},Providence Sand,133,1,0.6099999999999994,67.22,66.61,66.91499999999999,0,0,0,0,1,0,0,0,0,0
32.05805891515918,-84.88421545923659,,,0,OK,"Major:{sand,clay,limestone}",Clayton Formation,133,1,2.200000000000003,64.9,62.7,63.800000000000004,0,0,0,1,1,0,0,0,0,0
34.46185463523973,-84.81644265334776,,,0,OK,"Major:{limestone,shale}",Conasauga Group; Upper unit; limestone and shale unit,133,1,17.42500000000001,511.0,493.575,502.2875,0,0,0,1,0,0,0,0,0,0
31.02268620775566,-84.48317596924693,,,0,OK,"sandstone, clay, chalk, limestone,",Late Eocene sedimentary,7,1,0.6499999999999986,37.8,37.15,37.474999999999994,0,0,0,1,1,0,0,0,0,0
32.27141570694595,-81.29009099947899,,,0,OK,Major:{fine alluvium},Penholoway shoreline complex - marsh and lagoonal facies,133,1,2.5763000000000003,2.588,0.0117,1.29985,0,0,0,0,1,0,0,0,0,0
33.821288941404575,-84.27761644070017,,,0,OK,volcanic: interlayered sedimentary and volcanic rocks,Neoproterozoic-Cambrian volcanic: interlayered sedimentary and volcanic rocks,7,1,514.6,1000.0,485.4,742.7,0,0,1,1,0,0,0,0,0,0
31.80942704387187,-82.51805988328593,,,0,OK,sedimentary,Pliocene sedimentary,7,1,2.745,5.333,2.588,3.9605,0,0,0,1,0,0,0,0,0,0
31.458998510941477,-83.24347938544105,,,0,OK,"Major:{sandstone,claystone}",Neogene undifferentiated,133,1,1.1174999999999997,17.6463,16.5288,17.08755,0,0,0,1,0,0,0,0,0,0
31.85961371848041,-82.48627853408347,,,0,OK,"Major:{sandstone,claystone}",Neogene undifferentiated,133,1,1.1174999999999997,17.6463,16.5288,17.08755,0,0,0,1,0,0,0,0,0,0
34.353164010777206,-83.04971549764673,,,0,OK,intrusive igneous rocks,Paleozoic intrusive rocks,154,1,84.90000000000003,443.8,358.9,401.35,0,1,0,0,0,0,0,0,0,0
31.521062904612386,-84.47193004997524,,,0,OK,"sandstone, clay, chalk, limestone,",Late Eocene sedimentary,7,1,0.6499999999999986,37.8,37.15,37.474999999999994,0,0,0,1,1,0,0,0,0,0
31.54145607241053,-82.57514515217669,,,0,OK,sedimentary,Pliocene sedimentary,7,1,2.745,5.333,2.588,3.9605,0,0,0,1,0,0,0,0,0,0
31.15282283037853,-81.8390141343595,,,0,OK,Major:{sand},Talbot shoreline complex - barrier island facies,133,1,2.5763000000000003,2.588,0.0117,1.29985,0,0,0,0,1,0,0,0,0,0
32.71124778714581,-84.45452106330707,,,0,OK,felsic paragneiss; paragneiss/metavolcanic gneiss,Paleozoic crystalline metamorphic rocks,154,1,289.098,541.0,251.902,396.451,1,0,1,0,0,0,1,0,0,1
30.88123599337432,-81.48624305804069,,,0,OK,,water,133,1,,,,,0,0,0,0,0,0,0,0,0,0
33.2648419742592,-84.2700673689907,,,0,OK,volcanic: interlayered sedimentary and volcanic rocks,Neoproterozoic-Cambrian volcanic: interlayered sedimentary and volcanic rocks,7,1,514.6,1000.0,485.4,742.7,0,0,1,1,0,0,0,0,0,0
31.14022891337368,-84.23106378459931,,,0,OK,Major:{limestone},Suwannee Limestone and its residuum,133,1,5.556699999999999,31.9667,26.41,29.18835,0,0,0,1,0,0,0,0,0,0
32.21532426525037,-83.06257967582246,,,0,OK,"Major:{sandstone,claystone}",Neogene undifferentiated,133,1,0.5588000000000015,17.6463,17.0875,17.3669,0,0,0,1,0,0,0,0,0,0
34.007403836956094,-83.10402302237533,,,0,OK,volcanic: interlayered sedimentary and volcanic rocks,Neoproterozoic-Cambrian volcanic: interlayered sedimentary and volcanic rocks,7,1,514.6,1000.0,485.4,742.7,0,0,1,1,0,0,0,0,0,0
32.85222207209207,-85.09432815538659,,,0,OK,volcanic: interlayered sedimentary and volcanic rocks,Neoproterozoic-Cambrian volcanic: interlayered sedimentary and volcanic rocks,7,1,514.6,1000.0,485.4,742.7,0,0,1,1,0,0,0,0,0,0
32.531355383653235,-84.31205835276099,,,0,OK,"sand, chalk, mud",Late Cretaceous sedimentary,7,1,3.8917,74.975,71.0833,73.02914999999999,0,0,0,0,1,0,0,0,0,0
31.87676175982287,-83.90128569670583,,,0,OK,"sandstone, clay, chalk, limestone,",Late Eocene sedimentary,7,1,0.6499999999999986,37.8,37.15,37.474999999999994,0,0,0,1,1,0,0,0,0,0
30.86936994058983,-83.32322079640619,,,0,OK,"Major:{dolostone,sand,clay}",Hawthorn Formation,133,1,0.5588000000000015,17.6463,17.0875,17.3669,0,0,0,1,1,0,0,0,0,0
34.91353929407563,-83.25179027664458,,,0,OK,volcanic: interlayered sedimentary and volcanic rocks,Neoproterozoic-Cambrian volcanic: interlayered sedimentary and volcanic rocks,7,1,514.6,1000.0,485.4,742.7,0,0,1,1,0,0,0,0,0,0
31.175289319289103,-81.52557789364624,,,0,OK,Major:{fine alluvium},Holocene Shoreline Complex - marsh and lagoonal facies,133,1,0.0117,0.0117,0.0,0.00585,0,0,0,0,1,0,0,0,0,0
31.252831989897512,-81.9336140513605,,,0,OK,Major:{fine alluvium},Penholoway shoreline complex - marsh and lagoonal facies,133,1,2.5763000000000003,2.588,0.0117,1.29985,0,0,0,0,1,0,0,0,0,0
33.00548136454338,-83.43708323045611,,,0,OK,felsic paragneiss; paragneiss/metavolcanic gneiss,Paleozoic crystalline metamorphic rocks,154,1,289.098,541.0,251.902,396.451,1,0,1,0,0,0,1,0,0,1
32.41798319646595,-82.66017481049447,,,0,OK,"Major:{sandstone,claystone}",Neogene undifferentiated,133,1,0.5588000000000015,17.6463,17.0875,17.3669,0,0,0,1,0,0,0,0,0,0
31.51664307212184,-83.4114780917618,,,0,OK,"Major:{sandstone,claystone}",Neogene undifferentiated,133,1,1.1174999999999997,17.6463,16.5288,17.08755,0,0,0,1,0,0,0,0,0,0
32.351832530758486,-84.98266818247706,,,0,OK,Major:{fine alluvium},Stream alluvium,133,1,2.588,2.588,0.0,1.294,0,0,0,0,1,0,0,0,0,0
33.48527764856702,-83.71128565319388,,,0,OK,volcanic: interlayered sedimentary and volcanic rocks,Neoproterozoic-Cambrian volcanic: interlayered sedimentary and volcanic rocks,7,1,514.6,1000.0,485.4,742.7,0,0,1,1,0,0,0,0,0,0
31.66589727605702,-83.64371329536986,,,0,OK,"Major:{sandstone,claystone}",Neogene undifferentiated,133,1,1.1174999999999997,17.6463,16.5288,17.08755,0,0,0,1,0,0,0,0,0,0
34.60769682969904,-84.71073861301838,,,0,OK,Major:{limestone},Conasauga Group; Middle unit; Limestone unit,133,1,17.42500000000001,511.0,493.575,502.2875,0,0,0,1,0,0,0,0,0,0
31.780336973287294,-82.00152269296129,,,0,OK,sedimentary,Pliocene sedimentary,7,1,2.745,5.333,2.588,3.9605,0,0,0,1,0,0,0,0,0,0
31.278074124469622,-84.07375921746596,,,0,OK,"Major:{sandstone,claystone}",Neogene undifferentiated,133,1,1.1174999999999997,17.6463,16.5288,17.08755,0,0,0,1,0,0,0,0,0,0
34.12160246309848,-83.14782053826002,,,0,OK,volcanic: interlayered sedimentary and volcanic rocks,Neoproterozoic-Cambrian volcanic: interlayered sedimentary and volcanic rocks,7,1,514.6,1000.0,485.4,742.7,0,0,1,1,0,0,0,0,0,0
31.951173845234774,-81.42441185950179,,,0,OK,Major:{fine alluvium},Pamlico shoreline complex - marsh and lagoonal facies,133,1,2.5763000000000003,2.588,0.0117,1.29985,0,0,0,0,1,0,0,0,0,0
34.264949767578514,-85.02378983885406,,,0,OK,"Major:{dolostone}, Minor:{limestone}",Knox Group undifferentiated,133,1,23.57499999999999,493.575,470.0,481.7875,0,0,0,1,0,0,0,0,0,0
32.76690945282101,-85.06072610369301,,,0,OK,sedimentary rocks,Paleozoic sedimentary rocks,154,1,121.80000000000001,541.0,419.2,480.1,0,0,0,1,0,0,0,0,0,0
31.96795912315793,-84.17420574471835,,,0,OK,"sand,mud,clay,chalk",Middle Eocene sedimentary,7,1,0.875,41.3,40.425,40.8625,0,0,0,0,1,0,0,0,0,0
34.256497577585264,-83.55051752566861,,,0,OK,volcanic: interlayered sedimentary and volcanic rocks,Neoproterozoic-Cambrian volcanic: interlayered sedimentary and volcanic rocks,7,1,514.6,1000.0,485.4,742.7,0,0,1,1,0,0,0,0,0,0
33.85044900632288,-84.18267477419504,,,0,OK,volcanic: interlayered sedimentary and volcanic rocks,Neoproterozoic-Cambrian volcanic: interlayered sedimentary and volcanic rocks,7,1,514.6,1000.0,485.4,742.7,0,0,1,1,0,0,0,0,0,0
31.7410009592051,-81.96874111123522,,,0,OK,sedimentary,Pliocene sedimentary,7,1,2.745,5.333,2.588,3.9605,0,0,0,1,0,0,0,0,0,0
33.174897770999266,-84.43652549920877,,,0,OK,plutonic: undivided granitic rocks,Mississippian-Pennsylvanian plutonic: undivided granitic rocks,7,1,60.0,358.9,298.9,328.9,0,1,0,0,0,0,0,0,0,1
32.90999480443308,-81.55241850850317,,,0,OK,"Major:{sand,gravel}",Pleistocene-Pliocene sands and gravels,133,1,5.3213,5.333,0.0117,2.6723500000000002,0,0,0,0,1,0,0,0,0,0
33.13660875354669,-82.11093300000134,,,0,OK,Major:{sand},Irwinton Sand,133,1,0.11699999999999733,34.992,34.875,34.933499999999995,0,0,0,0,1,0,0,0,0,0
33.14338264674997,-82.94695380681124,,,0,OK,"sandstone, clay, chalk, limestone,",Late Eocene sedimentary,7,1,0.6499999999999986,37.8,37.15,37.474999999999994,0,0,0,1,1,0,0,0,0,0
32.91469570467859,-82.15454579399764,,,0,OK,"Major:{sandstone,claystone}",Neogene undifferentiated,133,1,3.8263,17.6463,13.82,15.73315,0,0,0,1,0,0,0,0,0,0
31.70465713208679,-82.35848900024813,,,0,OK,"Major:{sand,gravel}",Pleistocene-Pliocene sands and gravels,133,1,5.3213,5.333,0.0117,2.6723500000000002,0,0,0,0,1,0,0,0,0,0
34.86926077736519,-84.48845791625375,,,0,OK,sedimentary,Neoproterozoic sedimentary,7,1,459.0,1000.0,541.0,770.5,0,0,0,1,0,0,0,0,0,0
33.24450175499459,-82.98091619029582,,,0,OK,mudstone-carbonate-sandstone-conglomerate,Paleozoic sedimentary and volcanic rocks,154,1,55.60000000000002,541.0,485.4,513.2,0,0,0,1,0,0,0,0,0,0
32.46963250577669,-84.09415259286595,,,0,OK,"sand, chalk, mud",Late Cretaceous sedimentary,7,1,3.8917,74.975,71.0833,73.02914999999999,0,0,0,0,1,0,0,0,0,0
31.694504612009094,-82.48912225217407,,,0,OK,"Major:{sandstone,claystone}",Neogene undifferentiated,133,1,1.1174999999999997,17.6463,16.5288,17.08755,0,0,0,1,0,0,0,0,0,0
30.656648613388192,-83.31101331820399,,,0,OK,"Major:{clay,sand,gravel}",Miccosukee Formation,133,1,0.4293999999999998,2.1586,1.7292,1.9439,0,0,0,0,1,0,0,0,0,0
31.984107443131947,-83.20772024808223,,,0,OK,"Major:{sandstone,claystone}",Neogene undifferentiated,133,1,0.5588000000000015,17.6463,17.0875,17.3669,0,0,0,1,0,0,0,0,0,0
33.432187030206734,-82.43078211157608,,,0,OK,"sandstone, clay, chalk, limestone,",Late Eocene sedimentary,7,1,0.6499999999999986,37.8,37.15,37.474999999999994,0,0,0,1,1,0,0,0,0,0
31.76366078949385,-84.93127503742112,,,0,OK,"sand,mud,clay,chalk",Early Eocene sedimentary,7,1,6.949999999999996,56.8,49.85,53.325,0,0,0,0,1,0,0,0,0,0
31.903555852669207,-83.86074950004468,,,0,OK,"sandstone, clay, chalk, limestone,",Late Eocene sedimentary,7,1,0.6499999999999986,37.8,37.15,37.474999999999994,0,0,0,1,1,0,0,0,0,0
32.04733459608626,-83.25387837235135,,,0,OK,"Major:{sandstone,claystone}",Neogene undifferentiated,133,1,0.5588000000000015,17.6463,17.0875,17.3669,0,0,0,1,0,0,0,0,0,0
30.827759798820264,-83.91119260175402,,,0,OK,"Major:{clay,sand,gravel}",Miccosukee Formation,133,1,0.4293999999999998,2.1586,1.7292,1.9439,0,0,0,0,1,0,0,0,0,0
31.168977485660477,-84.2954342786991,,,0,OK,"sandstone, clay, chalk, limestone,",Late Eocene sedimentary,7,1,0.6499999999999986,37.8,37.15,37.474999999999994,0,0,0,1,1,0,0,0,0,0
31.505322973777687,-84.4032437364065,,,0,OK,"sandstone, clay, chalk, limestone,",Late Eocene sedimentary,7,1,0.6499999999999986,37.8,37.15,37.474999999999994,0,0,0,1,1,0,0,0,0,0
33.43302532782857,-82.14731907019795,,,0,OK,"sandstone, clay, chalk, limestone,",Late Eocene sedimentary,7,1,0.6499999999999986,37.8,37.15,37.474999999999994,0,0,0,1,1,0,0,0,0,0
31.082987505821016,-84.25311811395913,,,0,OK,Major:{limestone},Suwannee Limestone and its residuum,133,1,5.556699999999999,31.9667,26.41,29.18835,0,0,0,1,0,0,0,0,0,0
32.685273683613985,-84.41217383602908,,,0,OK,felsic paragneiss; paragneiss/metavolcanic gneiss,Paleozoic crystalline metamorphic rocks,154,1,289.098,541.0,251.902,396.451,1,0,1,0,0,0,1,0,0,1
31.871555538345596,-81.9374694093598,,,0,OK,"Major:{sandstone,claystone}",Neogene undifferentiated,133,1,0.5588000000000015,17.6463,17.0875,17.3669,0,0,0,1,0,0,0,0,0,0
30.9529587903804,-82.1549482418763,,,0,OK,Major:{fine alluvium},Wicomico Shoreline Complex - marsh and lagoonal facies,133,1,2.5763000000000003,2.588,0.0117,1.29985,0,0,0,0,1,0,0,0,0,0
34.91873475838928,-85.48850661637987,,,0,OK,sedimentary,Mississippian sedimentary,7,1,35.69999999999999,358.9,323.2,341.04999999999995,0,0,0,1,0,0,0,0,0,0
33.500214415000734,-82.25200990329743,,,0,OK,sedimentary rocks,Mesozoic sedimentary rocks,154,1,79.0,145.0,66.0,105.5,0,0,0,1,0,0,0,0,0,0
33.85032458876422,-84.4491067981789,,,0,OK,plutonic: undivided granitic rocks,Mississippian-Pennsylvanian plutonic: undivided granitic rocks,7,1,60.0,358.9,298.9,328.9,0,1,0,0,0,0,0,0,0,1
33.60006428734549,-84.29847661616215,,,0,OK,volcanic: interlayered sedimentary and volcanic rocks,Neoproterozoic-Cambrian volcanic: interlayered sedimentary and volcanic rocks,7,1,514.6,1000.0,485.4,742.7,0,0,1,1,0,0,0,0,0,0
32.143533097367246,-81.72888427240379,,,0,OK,Major:{fine alluvium},Wicomico Shoreline Complex - marsh and lagoonal facies,133,1,2.5763000000000003,2.588,0.0117,1.29985,0,0,0,0,1,0,0,0,0,0
31.863889054061826,-84.84090838842725,,,0,OK,Major:{sand},Providence Sand,133,1,0.6099999999999994,67.22,66.61,66.91499999999999,0,0,0,0,1,0,0,0,0,0
33.68697152546623,-82.4576244905437,,,0,OK,volcanic: felsic rocks,Cambrian volcanic: felsic rocks,7,1,55.60000000000002,541.0,485.4,513.2,0,0,1,0,0,0,0,0,0,1
34.771806448374875,-85.42810236165172,,,0,OK,"sandstone,shale,coal",Bashkirian sedimentary,7,1,1.0500000000000114,323.2,322.15,322.67499999999995,0,0,0,1,0,0,0,0,0,0
32.998362017578174,-82.96660657215227,,,0,OK,"sand, chalk, mud",Late Cretaceous sedimentary,7,1,3.200000000000003,59.2,56.0,57.6,0,0,0,0,1,0,0,0,0,0
31.72589258026674,-82.86123252493259,,,0,OK,"Major:{sandstone,claystone}",Neogene undifferentiated,133,1,1.1174999999999997,17.6463,16.5288,17.08755,0,0,0,1,0,0,0,0,0,0
32.63092560010954,-84.15932422726524,,,0,OK,"Major:{clay,sand}, Minor:{gravel}",Tuscaloosa Formation,133,1,4.724999999999994,95.55,90.825,93.1875,0,0,0,0,1,0,0,0,0,0
32.33932516424684,-84.8296972532264,,,0,OK,"sand, chalk, mud",Late Cretaceous sedimentary,7,1,3.8917,74.975,71.0833,73.02914999999999,0,0,0,0,1,0,0,0,0,0
34.03139300707586,-83.8698547826777,,,0,OK,plutonic: undivided granitic rocks,Cambrian-Ordovician plutonic: undivided granitic rocks,7,1,97.19999999999999,541.0,443.8,492.4,0,1,0,0,0,0,0,0,0,1
33.00384154813729,-81.69149219308967,,,0,OK,Major:{sand},Irwinton Sand,133,1,0.11699999999999733,34.992,34.875,34.933499999999995,0,0,0,0,1,0,0,0,0,0
33.299922384415936,-85.22841721157647,,,0,OK,sedimentary,Neoproterozoic-Cambrian sedimentary,7,1,514.6,1000.0,485.4,742.7,0,0,0,1,0,0,0,0,0,0
34.60776868859098,-83.27409270063102,,,0,OK,volcanic: interlayered sedimentary and volcanic rocks,Neoproterozoic-Cambrian volcanic: interlayered sedimentary and volcanic rocks,7,1,514.6,1000.0,485.4,742.7,0,0,1,1,0,0,0,0,0,0
33.02533010778701,-82.3750988106455,,,0,OK,Major:{sand},Irwinton Sand,133,1,0.11699999999999733,34.992,34.875,34.933499999999995,0,0,0,0,1,0,0,0,0,0
32.563450837664966,-81.83811730276723,,,0,OK,"Major:{sandstone,claystone}",Neogene undifferentiated,133,1,0.5588000000000015,17.6463,17.0875,17.3669,0,0,0,1,0,0,0,0,0,0
32.82654073835742,-81.55577003747476,,,0,OK,Major:{fine alluvium},Stream alluvium,133,1,2.588,2.588,0.0,1.294,0,0,0,0,1,0,0,0,0,0
32.90270715592601,-83.19533453031215,,,0,OK,"sand, chalk, mud",Late Cretaceous sedimentary,7,1,3.8917,74.975,71.0833,73.02914999999999,0,0,0,0,1,0,0,0,0,0
30.625106294409907,-82.53779342935496,,,0,OK,Major:{fine alluvium},Wicomico Shoreline Complex - marsh and lagoonal facies,133,1,2.5763000000000003,2.588,0.0117,1.29985,0,0,0,0,1,0,0,0,0,0
32.350571417062376,-84.48328629020848,,,0,OK,"Major:{clay,sand}, Minor:{limestone}, Incidental:{marl}",Ripley Formation,133,1,1.0165999999999968,71.0833,70.0667,70.57499999999999,0,0,0,1,1,0,0,0,0,0
33.650219229325174,-83.23831528002572,,,0,OK,intrusive igneous rocks,Paleozoic intrusive rocks,154,1,84.90000000000003,443.8,358.9,401.35,0,1,0,0,0,0,0,0,0,0
30.576670507845463,-82.12773329256116,,,0,OK,Major:{sand},Wicomico Shoreline Complex - barrier island facies,133,1,2.5763000000000003,2.588,0.0117,1.29985,0,0,0,0,1,0,0,0,0,0
33.658781889772335,-84.63923901924254,,,0,OK,volcanic: interlayered sedimentary and volcanic rocks,Neoproterozoic-Cambrian volcanic: interlayered sedimentary and volcanic rocks,7,1,514.6,1000.0,485.4,742.7,0,0,1,1,0,0,0,0,0,0
31.6900117733262,-84.59817590048264,,,0,OK,"sand,mud,clay,chalk",Middle Eocene sedimentary,7,1,0.875,41.3,40.425,40.8625,0,0,0,0,1,0,0,0,0,0
33.26984336388249,-83.53433920309405,,,0,OK,felsic paragneiss; paragneiss/metavolcanic gneiss,Paleozoic crystalline metamorphic rocks,154,1,289.098,541.0,251.902,396.451,1,0,1,0,0,0,1,0,0,1
31.41116516185092,-84.7388530935097,,,0,OK,"sandstone, clay, chalk, limestone,",Late Eocene sedimentary,7,1,0.6499999999999986,37.8,37.15,37.474999999999994,0,0,0,1,1,0,0,0,0,0
32.4030443366108,-84.02581020416498,,,0,OK,"Major:{sand,clay}",Nanafalia Formation,133,1,1.6000000000000014,58.4,56.8,57.599999999999994,0,0,0,0,1,0,0,0,0,0
34.23802462565539,-83.71175229463245,,,0,OK,volcanic: interlayered sedimentary and volcanic rocks,Neoproterozoic-Cambrian volcanic: interlayered sedimentary and volcanic rocks,7,1,514.6,1000.0,485.4,742.7,0,0,1,1,0,0,0,0,0,0
33.16985099872647,-82.63629646531423,,,0,OK,"sandstone, clay, chalk, limestone,",Late Eocene sedimentary,7,1,0.6499999999999986,37.8,37.15,37.474999999999994,0,0,0,1,1,0,0,0,0,0
31.805528409289167,-82.4999592256242,,,0,OK,"Major:{sandstone,claystone}",Neogene undifferentiated,133,1,1.1174999999999997,17.6463,16.5288,17.08755,0,0,0,1,0,0,0,0,0,0
33.337264053938526,-82.27018403426169,,,0,OK,Major:{sand},Irwinton Sand,133,1,0.11699999999999733,34.992,34.875,34.933499999999995,0,0,0,0,1,0,0,0,0,0
33.211512903062825,-84.07171755600889,,,0,OK,volcanic: interlayered sedimentary and volcanic rocks,Neoproterozoic-Cambrian volcanic: interlayered sedimentary and volcanic rocks,7,1,514.6,1000.0,485.4,742.7,0,0,1,1,0,0,0,0,0,0
33.17962007456512,-84.5674023237206,,,0,OK,plutonic: undivided granitic rocks,Mississippian-Pennsylvanian plutonic: undivided granitic rocks,7,1,60.0,358.9,298.9,328.9,0,1,0,0,0,0,0,0,0,1
33.77004673936608,-85.09828386511154,,,0,OK,sedimentary rocks,Paleozoic sedimentary rocks,154,1,289.098,541.0,251.902,396.451,0,0,0,1,0,0,0,0,0,0
31.767856368399045,-84.15836061033946,,,0,OK,"sandstone, clay, chalk, limestone,",Late Eocene sedimentary,7,1,0.6499999999999986,37.8,37.15,37.474999999999994,0,0,0,1,1,0,0,0,0,0
32.313989702150025,-82.38812034780689,,,0,OK,"Major:{sandstone,claystone}",Neogene undifferentiated,133,1,0.5588000000000015,17.6463,17.0875,17.3669,0,0,0,1,0,0,0,0,0,0
31.19260168957294,-83.37992200183623,,,0,OK,"Major:{clay,sand,gravel}",Miccosukee Formation,133,1,0.4293999999999998,2.1586,1.7292,1.9439,0,0,0,0,1,0,0,0,0,0
32.31148371223051,-84.06552792402474,,,0,OK,Major:{sand},Providence Sand,133,1,0.6099999999999994,67.22,66.61,66.91499999999999,0,0,0,0,1,0,0,0,0,0
30.688133388745804,-84.23874696863409,,,0,OK,"Major:{clay,sand,gravel}",Miccosukee Formation,133,1,0.4293999999999998,2.1586,1.7292,1.9439,0,0,0,0,1,0,0,0,0,0
33.462863580923795,-82.98778134270715,,,0,OK,felsic paragneiss; paragneiss/metavolcanic gneiss,Paleozoic crystalline metamorphic rocks,154,1,289.098,541.0,251.902,396.451,1,0,1,0,0,0,1,0,0,1
31.577078128143835,-83.47722689668507,,,0,OK,"Major:{sandstone,claystone}",Neogene undifferentiated,133,1,1.1174999999999997,17.6463,16.5288,17.08755,0,0,0,1,0,0,0,0,0,0
33.66118793234571,-83.16470580297829,,,0,OK,intrusive igneous rocks,Paleozoic intrusive rocks,154,1,84.90000000000003,443.8,358.9,401.35,0,1,0,0,0,0,0,0,0,0
32.175500984358486,-82.56241396940979,,,0,OK,"Major:{sandstone,claystone}",Neogene undifferentiated,133,1,0.5588000000000015,17.6463,17.0875,17.3669,0,0,0,1,0,0,0,0,0,0
33.99804627986544,-85.08451116861228,,,0,OK,"Major:{dolostone}, Minor:{limestone}",Knox Group undifferentiated,133,1,23.57499999999999,493.575,470.0,481.7875,0,0,0,1,0,0,0,0,0,0
32.101722014869694,-82.63741281495105,,,0,OK,"Major:{sandstone,claystone}",Neogene undifferentiated,133,1,0.5588000000000015,17.6463,17.0875,17.3669,0,0,0,1,0,0,0,0,0,0
31.414449824634328,-84.02839797031017,,,0,OK,Major:{limestone},Suwannee Limestone and its residuum,133,1,5.556699999999999,31.9667,26.41,29.18835,0,0,0,1,0,0,0,0,0,0
33.05290804027231,-84.67534936456205,,,0,OK,plutonic: undivided granitic rocks,Cambrian-Ordovician plutonic: undivided granitic rocks,7,1,97.19999999999999,541.0,443.8,492.4,0,1,0,0,0,0,0,0,0,1
30.73519491102307,-84.34239492737436,,,0,OK,"Major:{clay,sand,gravel}",Miccosukee Formation,133,1,0.4293999999999998,2.1586,1.7292,1.9439,0,0,0,0,1,0,0,0,0,0
32.375889490646365,-84.304693926921,,,0,OK,"Major:{clay,sand}, Minor:{limestone}, Incidental:{marl}",Ripley Formation,133,1,1.0165999999999968,71.0833,70.0667,70.57499999999999,0,0,0,1,1,0,0,0,0,0
31.206327437360287,-83.47435718551888,,,0,OK,"Major:{clay,sand,gravel}",Miccosukee Formation,133,1,0.4293999999999998,2.1586,1.7292,1.9439,0,0,0,0,1,0,0,0,0,0
32.42370034384146,-84.3126018249239,,,0,OK,"Major:{clay,sand}, Minor:{limestone}, Incidental:{marl}",Ripley Formation,133,1,1.0165999999999968,71.0833,70.0667,70.57499999999999,0,0,0,1,1,0,0,0,0,0
33.101045689007286,-82.51514203121909,,,0,OK,Major:{sand},Irwinton Sand,133,1,0.11699999999999733,34.992,34.875,34.933499999999995,0,0,0,0,1,0,0,0,0,0
31.69858910184525,-83.98340409464893,,,0,OK,"sandstone, clay, chalk, limestone,",Late Eocene sedimentary,7,1,0.6499999999999986,37.8,37.15,37.474999999999994,0,0,0,1,1,0,0,0,0,0
31.300087300229443,-82.31864379946238,,,0,OK,sedimentary,Pliocene sedimentary,7,1,2.745,5.333,2.588,3.9605,0,0,0,1,0,0,0,0,0,0
34.59202912385496,-84.76727840067261,,,0,OK,"Major:{shale,sandstone}",Conasauga Group; Lower unit; shale and sandstone unit,133,1,17.42500000000001,511.0,493.575,502.2875,0,0,0,1,0,0,0,0,0,0
34.07008481786083,-84.55249079419012,,,0,OK,sedimentary,Neoproterozoic-Cambrian sedimentary,7,1,514.6,1000.0,485.4,742.7,0,0,0,1,0,0,0,0,0,0
30.97663486522304,-84.64903127189866,,,0,OK,"sandstone, clay, chalk, limestone,",Late Eocene sedimentary,7,1,0.6499999999999986,37.8,37.15,37.474999999999994,0,0,0,1,1,0,0,0,0,0
32.30125388037656,-83.3477625750537,,,0,OK,Major:{limestone},Suwannee Limestone and its residuum,133,1,3.866699999999998,31.9667,28.1,30.03335,0,0,0,1,0,0,0,0,0,0
32.81126811686371,-84.3046649330725,,,0,OK,felsic paragneiss; paragneiss/metavolcanic gneiss,Paleozoic crystalline metamorphic rocks,154,1,289.098,541.0,251.902,396.451,1,0,1,0,0,0,1,0,0,1
33.589842727989904,-84.5803745852822,,,0,OK,plutonic: undivided granitic rocks,Mississippian-Pennsylvanian plutonic: undivided granitic rocks,7,1,60.0,358.9,298.9,328.9,0,1,0,0,0,0,0,0,0,1
31.55186253526717,-84.12806944244811,,,0,OK,"sandstone, clay, chalk, limestone,",Late Eocene sedimentary,7,1,0.6499999999999986,37.8,37.15,37.474999999999994,0,0,0,1,1,0,0,0,0,0
34.49923843321488,-83.39571143456638,,,0,OK,volcanic: interlayered sedimentary and volcanic rocks,Neoproterozoic-Cambrian volcanic: interlayered sedimentary and volcanic rocks,7,1,514.6,1000.0,485.4,742.7,0,0,1,1,0,0,0,0,0,0
33.21441779595561,-85.00365144418765,,,0,OK,volcanic: interlayered sedimentary and volcanic rocks,Neoproterozoic-Cambrian volcanic: interlayered sedimentary and volcanic rocks,7,1,514.6,1000.0,485.4,742.7,0,0,1,1,0,0,0,0,0,0
34.392261109004494,-85.0121927452248,,,0,OK,"Major:{limestone,shale}",Conasauga Group; Middle unit; Shale unit,133,1,17.42500000000001,511.0,493.575,502.2875,0,0,0,1,0,0,0,0,0,0
32.03729508820513,-83.61952457416496,,,0,OK,"Major:{sandstone,claystone}",Neogene undifferentiated,133,1,1.1174999999999997,17.6463,16.5288,17.08755,0,0,0,1,0,0,0,0,0,0
34.55450644735429,-85.09358959516966,,,0,OK,"Major:{sandstone,shale}",Red Mountain Formation,133,1,14.5,440.8,426.3,433.55,0,0,0,1,0,0,0,0,0,0
31.123618053925377,-82.86876074816648,,,0,OK,sedimentary,Pliocene sedimentary,7,1,2.745,5.333,2.588,3.9605,0,0,0,1,0,0,0,0,0,0
33.04201430135574,-84.86340584451582,,,0,OK,volcanic: interlayered sedimentary and volcanic rocks,Neoproterozoic-Cambrian volcanic: interlayered sedimentary and volcanic rocks,7,1,514.6,1000.0,485.4,742.7,0,0,1,1,0,0,0,0,0,0
32.07613746771367,-81.23855577390057,,,0,OK,Major:{fine alluvium},Pamlico shoreline complex - marsh and lagoonal facies,133,1,2.5763000000000003,2.588,0.0117,1.29985,0,0,0,0,1,0,0,0,0,0
34.38637297833115,-83.4382861872131,,,0,OK,volcanic: interlayered sedimentary and volcanic rocks,Neoproterozoic-Cambrian volcanic: interlayered sedimentary and volcanic rocks,7,1,514.6,1000.0,485.4,742.7,0,0,1,1,0,0,0,0,0,0
31.16259168253938,-82.84514213770622,,,0,OK,sedimentary,Pliocene sedimentary,7,1,2.745,5.333,2.588,3.9605,0,0,0,1,0,0,0,0,0,0
33.06981704514924,-83.6586700808534,,,0,OK,felsic paragneiss; paragneiss/metavolcanic gneiss,Paleozoic crystalline metamorphic rocks,154,1,289.098,541.0,251.902,396.451,1,0,1,0,0,0,1,0,0,1
32.310713553831185,-81.74140516656293,,,0,OK,"Major:{sandstone,claystone}",Neogene undifferentiated,133,1,0.5588000000000015,17.6463,17.0875,17.3669,0,0,0,1,0,0,0,0,0,0
31.26459969163102,-84.30104085580707,,,0,OK,"sandstone, clay, chalk, limestone,",Late Eocene sedimentary,7,1,0.6499999999999986,37.8,37.15,37.474999999999994,0,0,0,1,1,0,0,0,0,0
33.930152348716874,-84.85462701624685,,,0,OK,sedimentary,Neoproterozoic-Cambrian sedimentary,7,1,514.6,1000.0,485.4,742.7,0,0,0,1,0,0,0,0,0,0
34.4999410444745,-84.14485128239734,,,0,OK,sedimentary rocks,Neoproterozoic sedimentary rocks,154,1,459.0,1000.0,541.0,770.5,0,0,0,1,0,0,0,0,0,0
30.84803292967984,-84.26508787323519,,,0,OK,"Major:{clay,sand,gravel}",Miccosukee Formation,133,1,0.4293999999999998,2.1586,1.7292,1.9439,0,0,0,0,1,0,0,0,0,0
32.83936822190712,-82.45984507960814,,,0,OK,"Major:{sandstone,claystone}",Neogene undifferentiated,133,1,0.5588000000000015,17.6463,17.0875,17.3669,0,0,0,1,0,0,0,0,0,0
34.33076340649763,-84.92721691345227,,,0,OK,Major:{limestone},Conasauga Group; Middle unit; Limestone unit,133,1,17.42500000000001,511.0,493.575,502.2875,0,0,0,1,0,0,0,0,0,0
33.837970176724426,-85.07453462541112,,,0,OK,sedimentary,Neoproterozoic-Cambrian sedimentary,7,1,514.6,1000.0,485.4,742.7,0,0,0,1,0,0,0,0,0,0
31.709534175625244,-84.97437728524005,,,0,OK,"Major:{sand,clay}",Nanafalia Formation,133,1,1.6000000000000014,58.4,56.8,57.599999999999994,0,0,0,0,1,0,0,0,0,0
30.809247481802124,-82.0927939402146,,,0,OK,Major:{sand},Wicomico Shoreline Complex - barrier island facies,133,1,2.5763000000000003,2.588,0.0117,1.29985,0,0,0,0,1,0,0,0,0,0
33.88033309560266,-83.94763539335005,,,0,OK,plutonic: undivided granitic rocks,Cambrian-Ordovician plutonic: undivided granitic rocks,7,1,97.19999999999999,541.0,443.8,492.4,0,1,0,0,0,0,0,0,0,1
32.848151987672,-84.2447754680104,,,0,OK,sedimentary rocks,Paleozoic sedimentary rocks,154,1,121.80000000000001,541.0,419.2,480.1,0,0,0,1,0,0,0,0,0,0
32.28276039322482,-83.4463252008329,,,0,OK,Major:{limestone},Suwannee Limestone and its residuum,133,1,3.866699999999998,31.9667,28.1,30.03335,0,0,0,1,0,0,0,0,0,0
33.21858618661895,-84.43987514362843,,,0,OK,plutonic: undivided granitic rocks,Mississippian-Pennsylvanian plutonic: undivided granitic rocks,7,1,60.0,358.9,298.9,328.9,0,1,0,0,0,0,0,0,0,1
32.91399510469295,-81.53352648800183,,,0,OK,"Major:{sand,gravel}",Pleistocene-Pliocene sands and gravels,133,1,5.3213,5.333,0.0117,2.6723500000000002,0,0,0,0,1,0,0,0,0,0
34.92233185337188,-83.69948257357562,,,0,OK,sedimentary rocks,Neoproterozoic sedimentary rocks,154,1,459.0,1000.0,541.0,770.5,0,0,0,1,0,0,0,0,0,0
33.543439180747896,-82.41949775936297,,,0,OK,"sandstone, clay, chalk, limestone,",Late Eocene sedimentary,7,1,0.6499999999999986,37.8,37.15,37.474999999999994,0,0,0,1,1,0,0,0,0,0
30.84142793615628,-83.69823996425401,,,0,OK,"Major:{clay,sand,gravel}",Miccosukee Formation,133,1,0.4293999999999998,2.1586,1.7292,1.9439,0,0,0,0,1,0,0,0,0,0
31.2786266008345,-83.32524568635814,,,0,OK,"Major:{clay,sand,gravel}",Miccosukee Formation,133,1,0.4293999999999998,2.1586,1.7292,1.9439,0,0,0,0,1,0,0,0,0,0
34.19443413375824,-83.10407884542576,,,0,OK,intrusive igneous rocks,Paleozoic intrusive rocks,154,1,84.90000000000003,443.8,358.9,401.35,0,1,0,0,0,0,0,0,0,0
30.823719452176476,-83.48785488502146,,,0,OK,"Major:{clay,sand,gravel}",Miccosukee Formation,133,1,0.4293999999999998,2.1586,1.7292,1.9439,0,0,0,0,1,0,0,0,0,0
33.90255710349955,-83.97410690832649,,,0,OK,plutonic: undivided granitic rocks,Cambrian-Ordovician plutonic: undivided granitic rocks,7,1,97.19999999999999,541.0,443.8,492.4,0,1,0,0,0,0,0,0,0,1
34.48497523549169,-84.1903151622497,,,0,OK,sedimentary rocks,Neoproterozoic sedimentary rocks,154,1,459.0,1000.0,541.0,770.5,0,0,0,1,0,0,0,0,0,0
34.07465405537081,-85.19326148907317,,,0,OK,"Major:{dolostone}, Minor:{limestone}",Knox Group undifferentiated,133,1,23.57499999999999,493.575,470.0,481.7875,0,0,0,1,0,0,0,0,0,0
34.45129539130787,-83.56633997742894,,,0,OK,sedimentary,Neoproterozoic-Cambrian sedimentary,7,1,514.6,1000.0,485.4,742.7,0,0,0,1,0,0,0,0,0,0
33.37844037786941,-84.80774325883121,,,0,OK,volcanic: interlayered sedimentary and volcanic rocks,Neoproterozoic-Cambrian volcanic: interlayered sedimentary and volcanic rocks,7,1,514.6,1000.0,485.4,742.7,0,0,1,1,0,0,0,0,0,0
31.85551436387594,-83.95461064006884,,,0,OK,"sandstone, clay, chalk, limestone,",Late Eocene sedimentary,7,1,0.6499999999999986,37.8,37.15,37.474999999999994,0,0,0,1,1,0,0,0,0,0
31.744941724801603,-84.43337212753234,,,0,OK,"sandstone, clay, chalk, limestone,",Late Eocene sedimentary,7,1,0.6499999999999986,37.8,37.15,37.474999999999994,0,0,0,1,1,0,0,0,0,0
31.63715610334877,-82.68961746285939,,,0,OK,sedimentary,Pliocene sedimentary,7,1,2.745,5.333,2.588,3.9605,0,0,0,1,0,0,0,0,0,0
33.519177860224815,-82.90386817972104,,,0,OK,felsic paragneiss; paragneiss/metavolcanic gneiss,Paleozoic crystalline metamorphic rocks,154,1,289.098,541.0,251.902,396.451,1,0,1,0,0,0,1,0,0,1
34.51680848843431,-84.68178447796598,,,0,OK,sedimentary rocks,Neoproterozoic sedimentary rocks,154,1,459.0,1000.0,541.0,770.5,0,0,0,1,0,0,0,0,0,0
31.08176195521287,-83.96242752095154,,,0,OK,"Major:{clay,sand,gravel}",Miccosukee Formation,133,1,0.4293999999999998,2.1586,1.7292,1.9439,0,0,0,0,1,0,0,0,0,0
33.2030536412272,-83.19127082721707,,,0,OK,mudstone-carbonate-sandstone-conglomerate,Paleozoic sedimentary and volcanic rocks,154,1,55.60000000000002,541.0,485.4,513.2,0,0,0,1,0,0,0,0,0,0
33.45980024749812,-84.89702313616569,,,0,OK,volcanic: interlayered sedimentary and volcanic rocks,Neoproterozoic-Cambrian volcanic: interlayered sedimentary and volcanic rocks,7,1,514.6,1000.0,485.4,742.7,0,0,1,1,0,0,0,0,0,0
34.60219350026378,-83.47627558517085,,,0,OK,volcanic: interlayered sedimentary and volcanic rocks,Neoproterozoic-Cambrian volcanic: interlayered sedimentary and volcanic rocks,7,1,514.6,1000.0,485.4,742.7,0,0,1,1,0,0,0,0,0,0
32.125836697426216,-83.01756787195868,,,0,OK,"Major:{sandstone,claystone}",Neogene undifferentiated,133,1,0.5588000000000015,17.6463,17.0875,17.3669,0,0,0,1,0,0,0,0,0,0
33.6991204933458,-84.33138155747784,,,0,OK,plutonic: undivided granitic rocks,Cambrian-Ordovician plutonic: undivided granitic rocks,7,1,97.19999999999999,541.0,443.8,492.4,0,1,0,0,0,0,0,0,0,1
33.331204157745084,-82.68699257030038,,,0,OK,"sandstone, clay, chalk, limestone,",Late Eocene sedimentary,7,1,0.6499999999999986,37.8,37.15,37.474999999999994,0,0,0,1,1,0,0,0,0,0
34.01569646051317,-85.27086707005417,,,0,OK,Major:{limestone},Newala Limestone,133,1,20.581000000000017,479.625,459.044,469.3345,0,0,0,1,0,0,0,0,0,0
31.20824359993645,-82.72162621240439,,,0,OK,sedimentary,Pliocene sedimentary,7,1,2.745,5.333,2.588,3.9605,0,0,0,1,0,0,0,0,0,0
34.7875466136917,-83.65146075049938,,,0,OK,sedimentary,Neoproterozoic sedimentary,7,1,459.0,1000.0,541.0,770.5,0,0,0,1,0,0,0,0,0,0
34.8556758275265,-84.09729982740168,,,0,OK,sedimentary,Neoproterozoic sedimentary,7,1,459.0,1000.0,541.0,770.5,0,0,0,1,0,0,0,0,0,0
32.13370814591915,-84.47745474138138,,,0,OK,"Major:{sand}, Minor:{marl}",Tuscahoma Sand,133,1,0.7999999999999972,56.8,56.0,56.4,0,0,0,1,1,0,0,0,0,0
30.756759807882304,-82.35653458756711,,,0,OK,Major:{fine alluvium},Wicomico Shoreline Complex - marsh and lagoonal facies,133,1,2.5763000000000003,2.588,0.0117,1.29985,0,0,0,0,1,0,0,0,0,0
31.02125078664529,-84.98000130884596,,,0,OK,"sandstone, clay, chalk, limestone,",Late Eocene sedimentary,7,1,0.6499999999999986,37.8,37.15,37.474999999999994,0,0,0,1,1,0,0,0,0,0
32.64801576377298,-82.56361103885925,,,0,OK,"Major:{sandstone,claystone}",Neogene undifferentiated,133,1,0.5588000000000015,17.6463,17.0875,17.3669,0,0,0,1,0,0,0,0,0,0
31.47080590548576,-84.60726214314656,,,0,OK,"sandstone, clay, chalk, limestone,",Late Eocene sedimentary,7,1,0.6499999999999986,37.8,37.15,37.474999999999994,0,0,0,1,1,0,0,0,0,0
34.58748494652521,-84.24279352080607,,,0,OK,sedimentary rocks,Neoproterozoic sedimentary rocks,154,1,459.0,1000.0,541.0,770.5,0,0,0,1,0,0,0,0,0,0
33.815534857651656,-85.26406675334148,,,0,OK,sedimentary,Silurian-Devonian sedimentary,7,1,84.90000000000003,443.8,358.9,401.35,0,0,0,1,0,0,0,0,0,0
34.68467595419665,-85.4315745310733,,,0,OK,"Major:{dolostone}, Minor:{limestone}",Knox Group undifferentiated,133,1,15.875,493.575,477.7,485.6375,0,0,0,1,0,0,0,0,0,0
32.54019896186809,-83.49351628768748,,,0,OK,"sandstone, clay, chalk, limestone,",Late Eocene sedimentary,7,1,0.6499999999999986,37.8,37.15,37.474999999999994,0,0,0,1,1,0,0,0,0,0
32.27693049658996,-82.66467877571971,,,0,OK,"Major:{sandstone,claystone}",Neogene undifferentiated,133,1,0.5588000000000015,17.6463,17.0875,17.3669,0,0,0,1,0,0,0,0,0,0
32.022076913153185,-81.46511193544278,,,0,OK,Major:{fine alluvium},Talbot shoreline complex - marsh and lagoonal facies,133,1,2.5763000000000003,2.588,0.0117,1.29985,0,0,0,0,1,0,0,0,0,0
33.2196070556586,-85.07720565900561,,,0,OK,felsic paragneiss; amphibolite grade paragneiss/metavolcanic gneiss,Precambrian-Phanerozoic crystalline metamorphic rocks,154,1,748.098,1000.0,251.902,625.951,1,0,1,0,0,0,1,0,1,1
31.99027939654698,-84.66806087404827,,,0,OK,"Major:{sand}, Minor:{marl}",Tuscahoma Sand,133,1,0.7999999999999972,56.8,56.0,56.4,0,0,0,1,1,0,0,0,0,0
33.82309091075941,-83.08077793655602,,,0,OK,mudstone-carbonate-sandstone-conglomerate,Paleozoic sedimentary and volcanic rocks,154,1,55.60000000000002,541.0,485.4,513.2,0,0,0,1,0,0,0,0,0,0
34.07868226332945,-83.87026620899815,,,0,OK,volcanic: interlayered sedimentary and volcanic rocks,Neoproterozoic-Cambrian volcanic: interlayered sedimentary and volcanic rocks,7,1,514.6,1000.0,485.4,742.7,0,0,1,1,0,0,0,0,0,0
